MP Name,Constituency,State,House,Allocated Amount (₹),Amount Recommended (₹),Total Expenditure (₹),Utilization %,Completed Works,Recommended Works,Completion Rate %,Balance Not Yet Paid to Vendors (₹),Transaction Count,Successful Payments,Pending Payments,Average Rating,num_vendors,num_transactions,total_expenditure_ledger,top_vendor,top_vendor_share_pct,vendor_hhi,round_amount_txn_pct,payment_inprogress_pct,same_day_same_vendor_clusters,completed_count,avg_cost_zscore,high_cost_outlier_count,no_image_pct,no_rating_pct,round_amount_pct,max_desc_repeat,max_amount_repeat,pending_payment_ratio,util_completion_gap,unpaid_balance_pct,rule_score_raw,ml_anomaly_score,rule_score_scaled,risk_score,risk_level,reasons_text,checklist_text
VISHWESHWAR HEGDE KAGERI,UTTARA KANNADA,Karnataka,Lok Sabha,147000000.0,96600000.0,34850000.0,65.71,30,143,20.98,61750000.0,85,82,3,,2.0,85.0,34850000.0,ZILLA NIRMITi KENDRA,94.19,89.05,67.06,3.53,18.0,30.0,0.14930806316902653,0.0,83.33,100.0,93.33,1.0,15.0,3.5294117647058822,44.72999999999999,177.18794835007174,82,68.8,100.0,87.5,High,Funds utilization (66%) is far ahead of physical completion (21%) — a gap of 45 points. | Vendor concentration is high (HHI=89); top vendor 'ZILLA NIRMITi KENDRA' handles 94% of spend. | 83% of completed works have no geo/photo evidence uploaded. | Almost none of the completed works have received citizen/beneficiary feedback ratings. | 93% of completed works are billed in suspiciously round figures. | The exact same rupee amount appears on 15 separate completed works. | 177% of expenditure is still an unpaid balance to vendors.,Ask for itemised cost estimates/bills rather than lump-sum round amounts. | Check for templated/cookie-cutter billing rather than work-specific costing. | Check whether the dominant vendor was selected through fair/competitive process across multiple works. | Confirm vendor payment schedule and reasons for outstanding dues. | Cross-check beneficiary feedback mechanism / conduct spot citizen verification. | Request site photographs / geo-tagged images for works missing visual evidence. | Verify that advance/interim payments correspond to actual physical progress on site.
TANUJ PUNIA,BARABANKI,Uttar Pradesh,Lok Sabha,148198170.11,123462716.0,83397272.0,83.31,13,33,39.39,40065444.0,30,30,0,,4.0,30.0,83397272.0,Praharsh Infrastructure,92.06,84.98,0.0,0.0,4.0,13.0,2.364319859723732,3.0,76.92,100.0,0.0,3.0,1.0,0.0,43.92,48.04167215445608,78,54.4,95.1,78.8,High,Funds utilization (83%) is far ahead of physical completion (39%) — a gap of 44 points. | Vendor concentration is high (HHI=85); top vendor 'Praharsh Infrastructure' handles 92% of spend. | 77% of completed works have no geo/photo evidence uploaded. | Almost none of the completed works have received citizen/beneficiary feedback ratings. | 3 completed works cost far above the average for their work category (statistical outliers). | 48% of expenditure is still an unpaid balance to vendors.,Check whether the dominant vendor was selected through fair/competitive process across multiple works. | Compare quoted cost of outlier works with category benchmark / schedule of rates (SOR). | Confirm vendor payment schedule and reasons for outstanding dues. | Cross-check beneficiary feedback mechanism / conduct spot citizen verification. | Request site photographs / geo-tagged images for works missing visual evidence. | Verify that advance/interim payments correspond to actual physical progress on site.
DULU MAHATO,DHANBAD,Jharkhand,Lok Sabha,147000000.0,145710045.0,58175255.0,99.12,57,417,13.67,87534790.0,312,272,40,,5.0,312.0,58175255.0,BIRENDRA KUMAR MAHATO,75.97,60.27,58.65,12.82,36.0,57.0,-0.1625792923531976,0.0,0.0,100.0,96.49,1.0,35.0,12.82051282051282,85.45,150.46739373982976,72,65.0,87.8,78.7,High,Funds utilization (99%) is far ahead of physical completion (14%) — a gap of 85 points. | Vendor concentration is high (HHI=60); top vendor 'BIRENDRA KUMAR MAHATO' handles 76% of spend. | Almost none of the completed works have received citizen/beneficiary feedback ratings. | 96% of completed works are billed in suspiciously round figures. | The exact same rupee amount appears on 35 separate completed works. | 150% of expenditure is still an unpaid balance to vendors.,Ask for itemised cost estimates/bills rather than lump-sum round amounts. | Check for templated/cookie-cutter billing rather than work-specific costing. | Check whether the dominant vendor was selected through fair/competitive process across multiple works. | Confirm vendor payment schedule and reasons for outstanding dues. | Cross-check beneficiary feedback mechanism / conduct spot citizen verification. | Verify that advance/interim payments correspond to actual physical progress on site.
Shri Jairam Ramesh (2022-28),Sitting Rajya Sabha,Karnataka,Rajya Sabha,220563957.11,160447985.0,73553485.0,72.74,18,127,14.17,86894500.0,79,78,1,,4.0,79.0,73553485.0,KRIDL BHUSIRI ACCOUNT WORKS,84.92,73.87,63.29,1.27,20.0,18.0,1.2260069240456863,4.0,0.0,100.0,88.89,1.0,2.0,1.2658227848101267,58.56999999999999,118.13784214303374,76,51.3,92.7,76.1,High,Funds utilization (73%) is far ahead of physical completion (14%) — a gap of 59 points. | Vendor concentration is high (HHI=74); top vendor 'KRIDL BHUSIRI ACCOUNT WORKS' handles 85% of spend. | Almost none of the completed works have received citizen/beneficiary feedback ratings. | 89% of completed works are billed in suspiciously round figures. | 4 completed works cost far above the average for their work category (statistical outliers). | 118% of expenditure is still an unpaid balance to vendors.,Ask for itemised cost estimates/bills rather than lump-sum round amounts. | Check whether the dominant vendor was selected through fair/competitive process across multiple works. | Compare quoted cost of outlier works with category benchmark / schedule of rates (SOR). | Confirm vendor payment schedule and reasons for outstanding dues. | Cross-check beneficiary feedback mechanism / conduct spot citizen verification. | Verify that advance/interim payments correspond to actual physical progress on site.
Ram Shiromani,SHRAWASTI,Uttar Pradesh,Lok Sabha,151746878.11,90062310.0,16300060.0,59.35,0,1357,0.0,73762250.0,58,3,55,,4.0,58.0,16300060.0,NAVEEN ENTERPRISES,79.07,64.3,0.0,94.83,5.0,0.0,0.0,0.0,0.0,0.0,0.0,0.0,0.0,94.82758620689656,59.35,452.5274753589864,60,80.5,73.2,76.1,High,Funds utilization (59%) is far ahead of physical completion (0%) — a gap of 59 points. | Vendor concentration is high (HHI=64); top vendor 'NAVEEN ENTERPRISES' handles 79% of spend. | 95% of payment transactions are still pending. | 453% of expenditure is still an unpaid balance to vendors.,Check whether the dominant vendor was selected through fair/competitive process across multiple works. | Confirm vendor payment schedule and reasons for outstanding dues. | Review pending-payment vendor invoices for delay reasons and documentation completeness. | Verify that advance/interim payments correspond to actual physical progress on site.
H.D. KUMARASWAMY,MANDYA,Karnataka,Lok Sabha,147000000.0,95500000.0,46075000.0,64.97,7,147,4.76,49425000.0,130,117,13,,3.0,130.0,46075000.0,PROJECT MANAGER NIRMITHI KENDRA MANDYA,82.91,70.47,25.38,10.0,23.0,7.0,-0.04316412265008344,0.0,0.0,100.0,100.0,1.0,7.0,10.0,60.21,107.27075420510037,72,55.8,87.8,75.0,High,Funds utilization (65%) is far ahead of physical completion (5%) — a gap of 60 points. | Vendor concentration is high (HHI=70); top vendor 'PROJECT MANAGER NIRMITHI KENDRA MANDYA' handles 83% of spend. | Almost none of the completed works have received citizen/beneficiary feedback ratings. | 100% of completed works are billed in suspiciously round figures. | The exact same rupee amount appears on 7 separate completed works. | 107% of expenditure is still an unpaid balance to vendors.,Ask for itemised cost estimates/bills rather than lump-sum round amounts. | Check for templated/cookie-cutter billing rather than work-specific costing. | Check whether the dominant vendor was selected through fair/competitive process across multiple works. | Confirm vendor payment schedule and reasons for outstanding dues. | Cross-check beneficiary feedback mechanism / conduct spot citizen verification. | Verify that advance/interim payments correspond to actual physical progress on site.
DR. RAJ KUMAR CHABBEWAL,HOSHIARPUR,Punjab,Lok Sabha,147000000.0,115689409.0,75842759.0,78.7,97,286,33.92,39846650.0,1276,1254,22,,416.0,1276.0,75842759.0,Varinder Kumar Sood,6.04,1.33,5.25,1.72,262.0,97.0,-0.19548070518584718,2.0,52.58,100.0,62.89,14.0,32.0,1.7241379310344827,44.78,52.538502719817984,74,49.5,90.2,73.9,High,Funds utilization (79%) is far ahead of physical completion (34%) — a gap of 45 points. | Almost none of the completed works have received citizen/beneficiary feedback ratings. | 63% of completed works are billed in suspiciously round figures. | 2 completed works cost far above the average for their work category (statistical outliers). | The same work description text is reused 14 times. | The exact same rupee amount appears on 32 separate completed works. | 53% of expenditure is still an unpaid balance to vendors.,Ask for itemised cost estimates/bills rather than lump-sum round amounts. | Check for templated/cookie-cutter billing rather than work-specific costing. | Compare quoted cost of outlier works with category benchmark / schedule of rates (SOR). | Confirm vendor payment schedule and reasons for outstanding dues. | Cross-check beneficiary feedback mechanism / conduct spot citizen verification. | Verify that advance/interim payments correspond to actual physical progress on site. | Verify these are genuinely distinct works and not duplicate/split entries.
RAJESH RANJAN ALIAS PAPPU YADAV,PURNEA,Bihar,Lok Sabha,147000000.0,145247018.0,72622818.0,98.81,46,171,26.9,72624200.0,76,76,0,,7.0,76.0,72622818.0,R K Construction,50.33,32.33,55.26,0.0,9.0,46.0,0.48393204983303706,3.0,91.3,100.0,91.3,1.0,39.0,0.0,71.91,100.00190298316434,76,44.4,92.7,73.4,High,Funds utilization (99%) is far ahead of physical completion (27%) — a gap of 72 points. | 91% of completed works have no geo/photo evidence uploaded. | Almost none of the completed works have received citizen/beneficiary feedback ratings. | 91% of completed works are billed in suspiciously round figures. | 3 completed works cost far above the average for their work category (statistical outliers). | The exact same rupee amount appears on 39 separate completed works. | 100% of expenditure is still an unpaid balance to vendors.,Ask for itemised cost estimates/bills rather than lump-sum round amounts. | Check for templated/cookie-cutter billing rather than work-specific costing. | Compare quoted cost of outlier works with category benchmark / schedule of rates (SOR). | Confirm vendor payment schedule and reasons for outstanding dues. | Cross-check beneficiary feedback mechanism / conduct spot citizen verification. | Request site photographs / geo-tagged images for works missing visual evidence. | Verify that advance/interim payments correspond to actual physical progress on site.
ADHIKARI SOUMENDU,KANTHI,West Bengal,Lok Sabha,147000000.0,95934382.0,38304241.0,65.26,29,70,41.43,57630141.0,31,31,0,,2.0,31.0,38304241.0,GLOSIA ENERGY INDIA PRIVATE LIMITED,79.7,67.64,0.0,0.0,9.0,29.0,0.6864907231138848,3.0,100.0,100.0,0.0,6.0,8.0,0.0,23.830000000000005,150.45368213927017,74,46.5,90.2,72.7,High,Vendor concentration is high (HHI=68); top vendor 'GLOSIA ENERGY INDIA PRIVATE LIMITED' handles 80% of spend. | 100% of completed works have no geo/photo evidence uploaded. | Almost none of the completed works have received citizen/beneficiary feedback ratings. | 3 completed works cost far above the average for their work category (statistical outliers). | The same work description text is reused 6 times. | The exact same rupee amount appears on 8 separate completed works. | 150% of expenditure is still an unpaid balance to vendors.,Check for templated/cookie-cutter billing rather than work-specific costing. | Check whether the dominant vendor was selected through fair/competitive process across multiple works. | Compare quoted cost of outlier works with category benchmark / schedule of rates (SOR). | Confirm vendor payment schedule and reasons for outstanding dues. | Cross-check beneficiary feedback mechanism / conduct spot citizen verification. | Request site photographs / geo-tagged images for works missing visual evidence. | Verify these are genuinely distinct works and not duplicate/split entries.
Annpurna Devi,KODARMA,Jharkhand,Lok Sabha,166665931.8,120671517.0,42079828.0,72.4,85,392,21.68,78591689.0,146,137,9,,5.0,146.0,42079828.0,EXECUTIVE ENGINER NREP GIRIDIH,54.21,42.73,48.63,6.16,38.0,85.0,-0.2569688277854238,0.0,61.18,100.0,54.12,1.0,24.0,6.164383561643835,50.720000000000006,186.76808517373217,82,31.5,100.0,72.6,High,Funds utilization (72%) is far ahead of physical completion (22%) — a gap of 51 points. | Vendor concentration is high (HHI=43); top vendor 'EXECUTIVE ENGINER NREP GIRIDIH' handles 54% of spend. | 61% of completed works have no geo/photo evidence uploaded. | Almost none of the completed works have received citizen/beneficiary feedback ratings. | 54% of completed works are billed in suspiciously round figures. | The exact same rupee amount appears on 24 separate completed works. | 187% of expenditure is still an unpaid balance to vendors.,Ask for itemised cost estimates/bills rather than lump-sum round amounts. | Check for templated/cookie-cutter billing rather than work-specific costing. | Check whether the dominant vendor was selected through fair/competitive process across multiple works. | Confirm vendor payment schedule and reasons for outstanding dues. | Cross-check beneficiary feedback mechanism / conduct spot citizen verification. | Request site photographs / geo-tagged images for works missing visual evidence. | Verify that advance/interim payments correspond to actual physical progress on site.
Dr. Sarfraz Ahmad (2024-30),Sitting Rajya Sabha,Jharkhand,Rajya Sabha,178564551.09,152169214.0,82543604.0,85.22,20,377,5.31,69625610.0,186,156,30,,5.0,186.0,82543604.0,Executive engineer,82.18,68.45,29.03,16.13,33.0,20.0,0.46278206427108015,2.0,45.0,100.0,15.0,1.0,3.0,16.129032258064516,79.91,84.35009694997083,68,57.1,82.9,72.6,High,Funds utilization (85%) is far ahead of physical completion (5%) — a gap of 80 points. | Vendor concentration is high (HHI=68); top vendor 'Executive engineer' handles 82% of spend. | Almost none of the completed works have received citizen/beneficiary feedback ratings. | 2 completed works cost far above the average for their work category (statistical outliers). | 84% of expenditure is still an unpaid balance to vendors.,Check whether the dominant vendor was selected through fair/competitive process across multiple works. | Compare quoted cost of outlier works with category benchmark / schedule of rates (SOR). | Confirm vendor payment schedule and reasons for outstanding dues. | Cross-check beneficiary feedback mechanism / conduct spot citizen verification. | Verify that advance/interim payments correspond to actual physical progress on site.
LAXMIKANT PAPPU NISHAD,SANT KABIR NAGAR,Uttar Pradesh,Lok Sabha,147000000.0,105543227.0,27502127.0,71.8,2,505,0.4,78041100.0,38,8,30,,6.0,38.0,27502127.0,JAI MATA DI VP CONSTRUCTION,79.09,63.76,0.0,78.95,2.0,2.0,0.4453718785243973,0.0,0.0,100.0,50.0,1.0,1.0,78.94736842105263,71.39999999999999,283.76387033628345,60,71.3,73.2,72.4,High,Funds utilization (72%) is far ahead of physical completion (0%) — a gap of 71 points. | Vendor concentration is high (HHI=64); top vendor 'JAI MATA DI VP CONSTRUCTION' handles 79% of spend. | 79% of payment transactions are still pending. | 284% of expenditure is still an unpaid balance to vendors.,Check whether the dominant vendor was selected through fair/competitive process across multiple works. | Confirm vendor payment schedule and reasons for outstanding dues. | Review pending-payment vendor invoices for delay reasons and documentation completeness. | Verify that advance/interim payments correspond to actual physical progress on site.
DR. PRABHA MALLIKARJUN,DAVANAGERE,Karnataka,Lok Sabha,147000000.0,90800000.0,57444696.0,61.77,5,93,5.38,33355304.0,90,90,0,,3.0,90.0,57444696.0,NIRMITHI KENDRA DAVANGERE,97.83,95.74,31.11,0.0,19.0,5.0,0.5048922708687382,0.0,20.0,100.0,100.0,1.0,2.0,0.0,56.39,58.06507183883435,64,61.9,78.0,71.6,High,Funds utilization (62%) is far ahead of physical completion (5%) — a gap of 56 points. | Vendor concentration is high (HHI=96); top vendor 'NIRMITHI KENDRA DAVANGERE' handles 98% of spend. | Almost none of the completed works have received citizen/beneficiary feedback ratings. | 100% of completed works are billed in suspiciously round figures. | 58% of expenditure is still an unpaid balance to vendors.,Ask for itemised cost estimates/bills rather than lump-sum round amounts. | Check whether the dominant vendor was selected through fair/competitive process across multiple works. | Confirm vendor payment schedule and reasons for outstanding dues. | Cross-check beneficiary feedback mechanism / conduct spot citizen verification. | Verify that advance/interim payments correspond to actual physical progress on site.
VIVEK THAKUR,NAWADA,Bihar,Lok Sabha,147000000.0,84770897.0,6537792.0,57.67,1,85,1.18,78233105.0,9,5,4,,3.0,9.0,6537792.0,ASSISTANT ENGINEER LAEO SHEIKHURA BARBIGHA,71.28,57.39,0.0,44.44,1.0,1.0,0.06159783564317061,0.0,0.0,100.0,0.0,1.0,1.0,44.44444444444444,56.49,1196.6288465585935,60,60.8,73.2,68.2,Medium,Funds utilization (58%) is far ahead of physical completion (1%) — a gap of 56 points. | Vendor concentration is high (HHI=57); top vendor 'ASSISTANT ENGINEER LAEO SHEIKHURA BARBIGHA' handles 71% of spend. | 44% of payment transactions are still pending. | 1197% of expenditure is still an unpaid balance to vendors.,Check whether the dominant vendor was selected through fair/competitive process across multiple works. | Confirm vendor payment schedule and reasons for outstanding dues. | Review pending-payment vendor invoices for delay reasons and documentation completeness. | Verify that advance/interim payments correspond to actual physical progress on site.
YADUVEER KRISHNADATTA CHAMARAJA WADIYAR,MYSORE,Karnataka,Lok Sabha,147000000.0,115450000.0,62346570.0,78.54,34,182,18.68,53103430.0,178,178,0,,7.0,178.0,62346570.0,Mysore Nirmithi Kendra,63.82,46.84,29.21,0.0,33.0,34.0,-0.031570498837376906,0.0,0.0,100.0,100.0,2.0,17.0,0.0,59.86000000000001,85.17458137632913,72,38.0,87.8,67.9,Medium,Funds utilization (79%) is far ahead of physical completion (19%) — a gap of 60 points. | Vendor concentration is high (HHI=47); top vendor 'Mysore Nirmithi Kendra' handles 64% of spend. | Almost none of the completed works have received citizen/beneficiary feedback ratings. | 100% of completed works are billed in suspiciously round figures. | The exact same rupee amount appears on 17 separate completed works. | 85% of expenditure is still an unpaid balance to vendors.,Ask for itemised cost estimates/bills rather than lump-sum round amounts. | Check for templated/cookie-cutter billing rather than work-specific costing. | Check whether the dominant vendor was selected through fair/competitive process across multiple works. | Confirm vendor payment schedule and reasons for outstanding dues. | Cross-check beneficiary feedback mechanism / conduct spot citizen verification. | Verify that advance/interim payments correspond to actual physical progress on site.
NARAYAN DAS AHIRWAR,JALAUN,Uttar Pradesh,Lok Sabha,147000000.0,123716116.8,51218010.8,84.16,36,367,9.81,72498106.0,292,289,3,1.0,6.0,292.0,51218010.800000004,shyam swaroop manufacturere,65.35,47.47,0.0,1.03,20.0,36.0,-0.3107163154271731,0.0,44.44,97.22,0.0,26.0,20.0,1.0273972602739725,74.35,141.54807042994338,72,37.0,87.8,67.5,Medium,Funds utilization (84%) is far ahead of physical completion (10%) — a gap of 74 points. | Vendor concentration is high (HHI=47); top vendor 'shyam swaroop manufacturere' handles 65% of spend. | Almost none of the completed works have received citizen/beneficiary feedback ratings. | The same work description text is reused 26 times. | The exact same rupee amount appears on 20 separate completed works. | 142% of expenditure is still an unpaid balance to vendors.,Check for templated/cookie-cutter billing rather than work-specific costing. | Check whether the dominant vendor was selected through fair/competitive process across multiple works. | Confirm vendor payment schedule and reasons for outstanding dues. | Cross-check beneficiary feedback mechanism / conduct spot citizen verification. | Verify that advance/interim payments correspond to actual physical progress on site. | Verify these are genuinely distinct works and not duplicate/split entries.
SANATAN PANDEY,BALLIA,Uttar Pradesh,Lok Sabha,180420041.4,123305043.0,74595388.0,68.34,62,355,17.46,48709655.0,231,229,2,,9.0,231.0,74595388.0,ARVIND KUMAR PANDEY,71.79,56.2,0.43,0.87,36.0,62.0,0.101403162033422,0.0,66.13,100.0,0.0,1.0,13.0,0.8658008658008658,50.88,65.29848065137753,74,31.5,90.2,66.7,Medium,Funds utilization (68%) is far ahead of physical completion (17%) — a gap of 51 points. | Vendor concentration is high (HHI=56); top vendor 'ARVIND KUMAR PANDEY' handles 72% of spend. | 66% of completed works have no geo/photo evidence uploaded. | Almost none of the completed works have received citizen/beneficiary feedback ratings. | The exact same rupee amount appears on 13 separate completed works. | 65% of expenditure is still an unpaid balance to vendors.,Check for templated/cookie-cutter billing rather than work-specific costing. | Check whether the dominant vendor was selected through fair/competitive process across multiple works. | Confirm vendor payment schedule and reasons for outstanding dues. | Cross-check beneficiary feedback mechanism / conduct spot citizen verification. | Request site photographs / geo-tagged images for works missing visual evidence. | Verify that advance/interim payments correspond to actual physical progress on site.
MALVIKA DEVI,KALAHANDI,Odisha,Lok Sabha,147000000.0,103289000.0,51104998.0,70.26,96,320,30.0,52184002.0,131,130,1,,33.0,131.0,51104998.0,ANOUSHKA NIRMAN PVT LTD,27.39,13.52,90.84,0.76,19.0,96.0,-0.14630487997436206,0.0,96.88,100.0,94.79,13.0,39.0,0.7633587786259541,40.260000000000005,102.11134730892661,72,34.5,87.8,66.5,Medium,Funds utilization (70%) is far ahead of physical completion (30%) — a gap of 40 points. | 97% of completed works have no geo/photo evidence uploaded. | Almost none of the completed works have received citizen/beneficiary feedback ratings. | 95% of completed works are billed in suspiciously round figures. | The same work description text is reused 13 times. | The exact same rupee amount appears on 39 separate completed works. | 102% of expenditure is still an unpaid balance to vendors.,Ask for itemised cost estimates/bills rather than lump-sum round amounts. | Check for templated/cookie-cutter billing rather than work-specific costing. | Confirm vendor payment schedule and reasons for outstanding dues. | Cross-check beneficiary feedback mechanism / conduct spot citizen verification. | Request site photographs / geo-tagged images for works missing visual evidence. | Verify that advance/interim payments correspond to actual physical progress on site. | Verify these are genuinely distinct works and not duplicate/split entries.
Smt. Sudha Murty (2024-30),Nominated Rajya Sabha,Karnataka,Rajya Sabha,147000000.0,147000000.0,71000000.0,100.0,0,11,0.0,76000000.0,8,8,0,,2.0,8.0,71000000.0,Nirmithi kendra vijayapur,92.96,86.91,25.0,0.0,2.0,0.0,0.0,0.0,0.0,0.0,0.0,0.0,0.0,0.0,100.0,107.04225352112675,48,77.5,58.5,66.1,Medium,Funds utilization (100%) is far ahead of physical completion (0%) — a gap of 100 points. | Vendor concentration is high (HHI=87); top vendor 'Nirmithi kendra vijayapur' handles 93% of spend. | 107% of expenditure is still an unpaid balance to vendors.,Check whether the dominant vendor was selected through fair/competitive process across multiple works. | Confirm vendor payment schedule and reasons for outstanding dues. | Verify that advance/interim payments correspond to actual physical progress on site.
Pradeep Kumar Singh,ARARIA,Bihar,Lok Sabha,147000000.0,132611427.0,132606146.0,90.21,39,86,45.35,5281.0,86,86,0,,4.0,86.0,132606146.0,SIGMA ENTERPRISES,70.92,57.94,0.0,0.0,10.0,39.0,1.8388506669234772,0.0,100.0,100.0,0.0,1.0,38.0,0.0,44.85999999999999,0.003982470013116889,64,47.9,78.0,66.0,Medium,Funds utilization (90%) is far ahead of physical completion (45%) — a gap of 45 points. | Vendor concentration is high (HHI=58); top vendor 'SIGMA ENTERPRISES' handles 71% of spend. | 100% of completed works have no geo/photo evidence uploaded. | Almost none of the completed works have received citizen/beneficiary feedback ratings. | The exact same rupee amount appears on 38 separate completed works.,Check for templated/cookie-cutter billing rather than work-specific costing. | Check whether the dominant vendor was selected through fair/competitive process across multiple works. | Cross-check beneficiary feedback mechanism / conduct spot citizen verification. | Request site photographs / geo-tagged images for works missing visual evidence. | Verify that advance/interim payments correspond to actual physical progress on site.
D Ravikumar,VILUPPURAM,Tamil Nadu,Lok Sabha,197598306.11,152025450.0,105671025.0,76.94,222,288,77.08,46354425.0,234,229,5,,43.0,234.0,105671025.0,Sankaran,8.18,3.81,75.21,2.14,32.0,222.0,-0.0790247415038361,4.0,78.83,100.0,75.23,6.0,130.0,2.1367521367521367,0.0,43.866731679758004,64,45.7,78.0,65.1,Medium,79% of completed works have no geo/photo evidence uploaded. | Almost none of the completed works have received citizen/beneficiary feedback ratings. | 75% of completed works are billed in suspiciously round figures. | 4 completed works cost far above the average for their work category (statistical outliers). | The same work description text is reused 6 times. | The exact same rupee amount appears on 130 separate completed works. | 44% of expenditure is still an unpaid balance to vendors.,Ask for itemised cost estimates/bills rather than lump-sum round amounts. | Check for templated/cookie-cutter billing rather than work-specific costing. | Compare quoted cost of outlier works with category benchmark / schedule of rates (SOR). | Confirm vendor payment schedule and reasons for outstanding dues. | Cross-check beneficiary feedback mechanism / conduct spot citizen verification. | Request site photographs / geo-tagged images for works missing visual evidence. | Verify these are genuinely distinct works and not duplicate/split entries.
Dr. Syed Naseer Hussain (2024-30),Sitting Rajya Sabha,Karnataka,Rajya Sabha,147000000.0,106990000.0,52745755.0,72.78,3,69,4.35,54244245.0,44,44,0,,9.0,44.0,52745755.0,KRIDL BHUSIRI ACCOUNT WORKS,68.37,49.75,36.36,0.0,12.0,3.0,-0.3914869093597145,0.0,100.0,100.0,0.0,1.0,1.0,0.0,68.43,102.84096796036005,66,40.7,80.5,64.6,Medium,Funds utilization (73%) is far ahead of physical completion (4%) — a gap of 68 points. | Vendor concentration is high (HHI=50); top vendor 'KRIDL BHUSIRI ACCOUNT WORKS' handles 68% of spend. | 100% of completed works have no geo/photo evidence uploaded. | Almost none of the completed works have received citizen/beneficiary feedback ratings. | 103% of expenditure is still an unpaid balance to vendors.,Check whether the dominant vendor was selected through fair/competitive process across multiple works. | Confirm vendor payment schedule and reasons for outstanding dues. | Cross-check beneficiary feedback mechanism / conduct spot citizen verification. | Request site photographs / geo-tagged images for works missing visual evidence. | Verify that advance/interim payments correspond to actual physical progress on site.
Shri Gurjeet Singh Aujla,AMRITSAR,Punjab,Lok Sabha,147000000.0,108934778.0,67674872.0,74.11,91,281,32.38,41259906.0,330,325,5,,127.0,330.0,67674872.0,THE CHAWINDA COOPRATIVE LABOUR AND CONSTRUCTION SOCIETY,25.93,11.11,11.52,1.52,54.0,91.0,-0.15350045800424214,0.0,90.11,100.0,53.85,5.0,30.0,1.5151515151515151,41.73,60.96783751582123,72,29.5,87.8,64.5,Medium,Funds utilization (74%) is far ahead of physical completion (32%) — a gap of 42 points. | 90% of completed works have no geo/photo evidence uploaded. | Almost none of the completed works have received citizen/beneficiary feedback ratings. | 54% of completed works are billed in suspiciously round figures. | The same work description text is reused 5 times. | The exact same rupee amount appears on 30 separate completed works. | 61% of expenditure is still an unpaid balance to vendors.,Ask for itemised cost estimates/bills rather than lump-sum round amounts. | Check for templated/cookie-cutter billing rather than work-specific costing. | Confirm vendor payment schedule and reasons for outstanding dues. | Cross-check beneficiary feedback mechanism / conduct spot citizen verification. | Request site photographs / geo-tagged images for works missing visual evidence. | Verify that advance/interim payments correspond to actual physical progress on site. | Verify these are genuinely distinct works and not duplicate/split entries.
MOHITE PATIL DHAIRYASHEEL RAJSINH,MADHA,Maharashtra,Lok Sabha,195613601.7,95260000.0,8828612.0,48.7,41,259,15.83,86431388.0,41,41,0,,2.0,41.0,8828612.0,ABHIJEET AGENCIES SOLAPUR,92.68,86.44,0.0,0.0,4.0,41.0,-0.3217607609183261,0.0,100.0,100.0,0.0,1.0,41.0,0.0,32.870000000000005,978.9918052803771,54,62.4,65.9,64.5,Medium,Vendor concentration is high (HHI=86); top vendor 'ABHIJEET AGENCIES SOLAPUR' handles 93% of spend. | 100% of completed works have no geo/photo evidence uploaded. | Almost none of the completed works have received citizen/beneficiary feedback ratings. | The exact same rupee amount appears on 41 separate completed works. | 979% of expenditure is still an unpaid balance to vendors.,Check for templated/cookie-cutter billing rather than work-specific costing. | Check whether the dominant vendor was selected through fair/competitive process across multiple works. | Confirm vendor payment schedule and reasons for outstanding dues. | Cross-check beneficiary feedback mechanism / conduct spot citizen verification. | Request site photographs / geo-tagged images for works missing visual evidence.
Adv Adoor Prakash,ATTINGAL,Kerala,Lok Sabha,147000000.0,119164425.0,28617364.0,81.06,108,445,24.27,90547061.0,115,115,0,,3.0,115.0,28617364.0,ALLUMINA ELECTRONICS,96.73,93.63,0.0,0.0,22.0,108.0,-0.29277424131305135,0.0,0.0,100.0,0.0,1.0,69.0,0.0,56.790000000000006,316.40601489361495,64,42.3,78.0,63.7,Medium,Funds utilization (81%) is far ahead of physical completion (24%) — a gap of 57 points. | Vendor concentration is high (HHI=94); top vendor 'ALLUMINA ELECTRONICS' handles 97% of spend. | Almost none of the completed works have received citizen/beneficiary feedback ratings. | The exact same rupee amount appears on 69 separate completed works. | 316% of expenditure is still an unpaid balance to vendors.,Check for templated/cookie-cutter billing rather than work-specific costing. | Check whether the dominant vendor was selected through fair/competitive process across multiple works. | Confirm vendor payment schedule and reasons for outstanding dues. | Cross-check beneficiary feedback mechanism / conduct spot citizen verification. | Verify that advance/interim payments correspond to actual physical progress on site.
BIJULI KALITA MEDHI,GUWAHATI,Assam,Lok Sabha,147000000.0,141550000.0,72761435.0,96.29,5,150,3.33,68788565.0,170,169,1,,99.0,170.0,72761435.0,IIT road to Ghana Boro,3.85,1.84,84.71,0.59,2.0,5.0,0.769133746315313,1.0,80.0,100.0,100.0,1.0,2.0,0.5882352941176471,92.96000000000001,94.53986854437382,56,55.8,68.3,63.3,Medium,Funds utilization (96%) is far ahead of physical completion (3%) — a gap of 93 points. | 80% of completed works have no geo/photo evidence uploaded. | Almost none of the completed works have received citizen/beneficiary feedback ratings. | 100% of completed works are billed in suspiciously round figures. | 95% of expenditure is still an unpaid balance to vendors.,Ask for itemised cost estimates/bills rather than lump-sum round amounts. | Confirm vendor payment schedule and reasons for outstanding dues. | Cross-check beneficiary feedback mechanism / conduct spot citizen verification. | Request site photographs / geo-tagged images for works missing visual evidence. | Verify that advance/interim payments correspond to actual physical progress on site.
KARTICK CHANDRA PAUL,RAIGANJ,West Bengal,Lok Sabha,202677986.56,164438143.0,28148611.0,81.13,99,408,24.26,136289532.0,102,102,0,,2.0,102.0,28148611.0,B PAUL AND CO,93.18,87.3,0.0,0.0,2.0,99.0,-0.2781300546979861,0.0,0.0,100.0,0.0,2.0,93.0,0.0,56.86999999999999,484.1785337116634,64,41.3,78.0,63.3,Medium,Funds utilization (81%) is far ahead of physical completion (24%) — a gap of 57 points. | Vendor concentration is high (HHI=87); top vendor 'B PAUL AND CO' handles 93% of spend. | Almost none of the completed works have received citizen/beneficiary feedback ratings. | The exact same rupee amount appears on 93 separate completed works. | 484% of expenditure is still an unpaid balance to vendors.,Check for templated/cookie-cutter billing rather than work-specific costing. | Check whether the dominant vendor was selected through fair/competitive process across multiple works. | Confirm vendor payment schedule and reasons for outstanding dues. | Cross-check beneficiary feedback mechanism / conduct spot citizen verification. | Verify that advance/interim payments correspond to actual physical progress on site.
Smt Veena Devi,VAISHALI,Bihar,Lok Sabha,147000000.0,146860679.0,131108889.0,99.91,30,59,50.85,15751790.0,49,49,0,,5.0,49.0,131108889.0,intent computer solutions,43.89,34.05,65.31,0.0,11.0,30.0,2.5334802435065193,10.0,0.0,100.0,93.33,15.0,19.0,0.0,49.059999999999995,12.01428074033943,64,41.1,78.0,63.2,Medium,Funds utilization (100%) is far ahead of physical completion (51%) — a gap of 49 points. | Almost none of the completed works have received citizen/beneficiary feedback ratings. | 93% of completed works are billed in suspiciously round figures. | 10 completed works cost far above the average for their work category (statistical outliers). | The same work description text is reused 15 times. | The exact same rupee amount appears on 19 separate completed works.,Ask for itemised cost estimates/bills rather than lump-sum round amounts. | Check for templated/cookie-cutter billing rather than work-specific costing. | Compare quoted cost of outlier works with category benchmark / schedule of rates (SOR). | Cross-check beneficiary feedback mechanism / conduct spot citizen verification. | Verify that advance/interim payments correspond to actual physical progress on site. | Verify these are genuinely distinct works and not duplicate/split entries.
Shri Ramji (2020-26),Sitting Rajya Sabha,Uttar Pradesh,Rajya Sabha,174518577.11,156399935.0,141923083.0,89.62,154,245,62.86,14476852.0,258,174,84,,7.0,258.0,141923083.0,SHRI SAI ELECTRICAL SUPPLIERS CONTRACTOR,39.78,31.95,0.0,32.56,26.0,154.0,0.31905165426306176,7.0,98.7,100.0,0.65,34.0,147.0,32.55813953488372,26.760000000000005,10.200491487350229,58,51.4,70.7,63.0,Medium,33% of payment transactions are still pending. | 99% of completed works have no geo/photo evidence uploaded. | Almost none of the completed works have received citizen/beneficiary feedback ratings. | 7 completed works cost far above the average for their work category (statistical outliers). | The same work description text is reused 34 times. | The exact same rupee amount appears on 147 separate completed works.,Check for templated/cookie-cutter billing rather than work-specific costing. | Compare quoted cost of outlier works with category benchmark / schedule of rates (SOR). | Cross-check beneficiary feedback mechanism / conduct spot citizen verification. | Request site photographs / geo-tagged images for works missing visual evidence. | Review pending-payment vendor invoices for delay reasons and documentation completeness. | Verify these are genuinely distinct works and not duplicate/split entries.
SUDAMA PRASAD,ARRAH,Bihar,Lok Sabha,147000000.0,142785922.0,57716958.0,97.13,66,219,30.14,85068964.0,86,86,0,,7.0,86.0,57716958.0,RANJIT SALES CORPORATION,47.65,29.97,63.95,0.0,10.0,66.0,0.12212728092780571,0.0,100.0,100.0,71.21,1.0,47.0,0.0,66.99,147.38989535796395,64,40.5,78.0,63.0,Medium,Funds utilization (97%) is far ahead of physical completion (30%) — a gap of 67 points. | 100% of completed works have no geo/photo evidence uploaded. | Almost none of the completed works have received citizen/beneficiary feedback ratings. | 71% of completed works are billed in suspiciously round figures. | The exact same rupee amount appears on 47 separate completed works. | 147% of expenditure is still an unpaid balance to vendors.,Ask for itemised cost estimates/bills rather than lump-sum round amounts. | Check for templated/cookie-cutter billing rather than work-specific costing. | Confirm vendor payment schedule and reasons for outstanding dues. | Cross-check beneficiary feedback mechanism / conduct spot citizen verification. | Request site photographs / geo-tagged images for works missing visual evidence. | Verify that advance/interim payments correspond to actual physical progress on site.
NEERAJ MAURYA,AONLA,Uttar Pradesh,Lok Sabha,147000000.0,146910629.0,97488644.0,99.94,17,36,47.22,49421985.0,101,101,0,,4.0,101.0,97488644.0,SHRI GURU KRIPA NARSINGH ASSOCIATES,60.61,44.16,0.0,0.0,11.0,17.0,5.026263622443362,2.0,0.0,100.0,0.0,2.0,3.0,0.0,52.72,50.695119936225595,68,31.6,82.9,62.4,Medium,Funds utilization (100%) is far ahead of physical completion (47%) — a gap of 53 points. | Vendor concentration is high (HHI=44); top vendor 'SHRI GURU KRIPA NARSINGH ASSOCIATES' handles 61% of spend. | Almost none of the completed works have received citizen/beneficiary feedback ratings. | 2 completed works cost far above the average for their work category (statistical outliers). | 51% of expenditure is still an unpaid balance to vendors.,Check whether the dominant vendor was selected through fair/competitive process across multiple works. | Compare quoted cost of outlier works with category benchmark / schedule of rates (SOR). | Confirm vendor payment schedule and reasons for outstanding dues. | Cross-check beneficiary feedback mechanism / conduct spot citizen verification. | Verify that advance/interim payments correspond to actual physical progress on site.
Shri Neeraj Shekhar (2020-26),Sitting Rajya Sabha,Uttar Pradesh,Rajya Sabha,236483662.11,167023319.0,90266672.0,70.63,41,327,12.54,76756647.0,176,176,0,,5.0,176.0,90266672.0,SHAIL CONSTRUCTION,63.69,46.59,1.14,0.0,45.0,41.0,0.6088300917472436,1.0,80.49,100.0,2.44,1.0,1.0,0.0,58.089999999999996,85.0332080482595,66,35.1,80.5,62.3,Medium,Funds utilization (71%) is far ahead of physical completion (13%) — a gap of 58 points. | Vendor concentration is high (HHI=47); top vendor 'SHAIL CONSTRUCTION' handles 64% of spend. | 80% of completed works have no geo/photo evidence uploaded. | Almost none of the completed works have received citizen/beneficiary feedback ratings. | 85% of expenditure is still an unpaid balance to vendors.,Check whether the dominant vendor was selected through fair/competitive process across multiple works. | Confirm vendor payment schedule and reasons for outstanding dues. | Cross-check beneficiary feedback mechanism / conduct spot citizen verification. | Request site photographs / geo-tagged images for works missing visual evidence. | Verify that advance/interim payments correspond to actual physical progress on site.
Shri V. Vijayendra Prasad (2022-28),Nominated Rajya Sabha,Andhra Pradesh,Rajya Sabha,196063957.11,167401264.0,90827947.0,85.38,74,194,38.14,76573317.0,113,107,6,,27.0,113.0,90827947.0,GOLLA SURESH KUMAR,21.84,7.86,37.17,5.31,19.0,74.0,0.34550726943753385,7.0,62.16,100.0,55.41,1.0,34.0,5.3097345132743365,47.239999999999995,84.30589871199004,76,16.2,92.7,62.1,Medium,Funds utilization (85%) is far ahead of physical completion (38%) — a gap of 47 points. | 62% of completed works have no geo/photo evidence uploaded. | Almost none of the completed works have received citizen/beneficiary feedback ratings. | 55% of completed works are billed in suspiciously round figures. | 7 completed works cost far above the average for their work category (statistical outliers). | The exact same rupee amount appears on 34 separate completed works. | 84% of expenditure is still an unpaid balance to vendors.,Ask for itemised cost estimates/bills rather than lump-sum round amounts. | Check for templated/cookie-cutter billing rather than work-specific costing. | Compare quoted cost of outlier works with category benchmark / schedule of rates (SOR). | Confirm vendor payment schedule and reasons for outstanding dues. | Cross-check beneficiary feedback mechanism / conduct spot citizen verification. | Request site photographs / geo-tagged images for works missing visual evidence. | Verify that advance/interim payments correspond to actual physical progress on site.
Shri Jogen Mohan (2026-32),Sitting Rajya Sabha,Assam,Rajya Sabha,49000000.0,30400000.0,1500000.0,62.04,0,22,0.0,28900000.0,1,0,1,,1.0,1.0,1500000.0,CONST OF ROAD FROM B B LINKED ROAD TO UPEN DAS HOUSE AT BAMUN BARADI,100.0,100.0,100.0,100.0,0.0,0.0,0.0,0.0,0.0,0.0,0.0,0.0,0.0,100.0,62.04,1926.6666666666665,30,100.0,36.6,62.0,Medium,Funds utilization (62%) is far ahead of physical completion (0%) — a gap of 62 points. | 1927% of expenditure is still an unpaid balance to vendors.,Confirm vendor payment schedule and reasons for outstanding dues. | Verify that advance/interim payments correspond to actual physical progress on site.
Shri Pradip Kumar Varma (2024-30),Sitting Rajya Sabha,Jharkhand,Rajya Sabha,178564551.09,147971716.0,101069118.0,82.87,24,237,10.13,46902598.0,244,242,2,,10.0,244.0,101069118.0,Junior Engineer Zila Parishad Prashant Kumar,54.25,36.15,23.36,0.82,22.0,24.0,0.3028372537641429,0.0,95.83,100.0,50.0,1.0,4.0,0.819672131147541,72.74000000000001,46.406458202197825,64,37.3,78.0,61.7,Medium,Funds utilization (83%) is far ahead of physical completion (10%) — a gap of 73 points. | 96% of completed works have no geo/photo evidence uploaded. | Almost none of the completed works have received citizen/beneficiary feedback ratings. | 50% of completed works are billed in suspiciously round figures. | The exact same rupee amount appears on 4 separate completed works. | 46% of expenditure is still an unpaid balance to vendors.,Ask for itemised cost estimates/bills rather than lump-sum round amounts. | Check for templated/cookie-cutter billing rather than work-specific costing. | Confirm vendor payment schedule and reasons for outstanding dues. | Cross-check beneficiary feedback mechanism / conduct spot citizen verification. | Request site photographs / geo-tagged images for works missing visual evidence. | Verify that advance/interim payments correspond to actual physical progress on site.
SK NURUL ISLAM,BASIRHAT,West Bengal,Lok Sabha,49000000.0,48510650.0,30740105.0,99.0,8,32,25.0,17770545.0,21,21,0,,9.0,21.0,30740105.0,MA ENTERPRISE,68.91,49.56,0.0,0.0,0.0,8.0,1.5272397256891583,3.0,12.5,100.0,0.0,1.0,1.0,0.0,74.0,57.80899251970675,68,29.7,82.9,61.6,Medium,Funds utilization (99%) is far ahead of physical completion (25%) — a gap of 74 points. | Vendor concentration is high (HHI=50); top vendor 'MA ENTERPRISE' handles 69% of spend. | Almost none of the completed works have received citizen/beneficiary feedback ratings. | 3 completed works cost far above the average for their work category (statistical outliers). | 58% of expenditure is still an unpaid balance to vendors.,Check whether the dominant vendor was selected through fair/competitive process across multiple works. | Compare quoted cost of outlier works with category benchmark / schedule of rates (SOR). | Confirm vendor payment schedule and reasons for outstanding dues. | Cross-check beneficiary feedback mechanism / conduct spot citizen verification. | Verify that advance/interim payments correspond to actual physical progress on site.
RAM PRASAD CHAUDHARY,BASTI,Uttar Pradesh,Lok Sabha,204176957.11,198071774.0,148429426.0,97.01,37,183,20.22,49642348.0,239,239,0,1.0,16.0,239.0,148429426.0,JAI CONSTRUCTION,80.82,65.7,0.42,0.0,32.0,37.0,1.1715170300872457,5.0,0.0,97.3,2.7,1.0,1.0,0.0,76.79,33.44508520837371,58,47.6,70.7,61.5,Medium,Funds utilization (97%) is far ahead of physical completion (20%) — a gap of 77 points. | Vendor concentration is high (HHI=66); top vendor 'JAI CONSTRUCTION' handles 81% of spend. | Almost none of the completed works have received citizen/beneficiary feedback ratings. | 5 completed works cost far above the average for their work category (statistical outliers).,Check whether the dominant vendor was selected through fair/competitive process across multiple works. | Compare quoted cost of outlier works with category benchmark / schedule of rates (SOR). | Cross-check beneficiary feedback mechanism / conduct spot citizen verification. | Verify that advance/interim payments correspond to actual physical progress on site.
DR RAJKUMAR SANGWAN,BAGHPAT,Uttar Pradesh,Lok Sabha,147000000.0,88712863.0,36662976.0,60.35,16,119,13.45,52049887.0,78,77,1,,7.0,78.0,36662976.0,TECHKRITI INFRATECH PVT LTD,68.23,49.37,0.0,1.28,15.0,16.0,0.1359242528266603,0.0,93.75,100.0,0.0,1.0,1.0,1.282051282051282,46.900000000000006,141.96852705028638,66,31.5,80.5,60.9,Medium,Funds utilization (60%) is far ahead of physical completion (13%) — a gap of 47 points. | Vendor concentration is high (HHI=49); top vendor 'TECHKRITI INFRATECH PVT LTD' handles 68% of spend. | 94% of completed works have no geo/photo evidence uploaded. | Almost none of the completed works have received citizen/beneficiary feedback ratings. | 142% of expenditure is still an unpaid balance to vendors.,Check whether the dominant vendor was selected through fair/competitive process across multiple works. | Confirm vendor payment schedule and reasons for outstanding dues. | Cross-check beneficiary feedback mechanism / conduct spot citizen verification. | Request site photographs / geo-tagged images for works missing visual evidence. | Verify that advance/interim payments correspond to actual physical progress on site.
VIJAYLAKSHMI DEVI,SIWAN,Bihar,Lok Sabha,147000000.0,145285955.0,134748616.0,98.83,95,182,52.2,10537339.0,142,142,0,,10.0,142.0,134748616.0,Alam Brothers,84.16,71.27,6.34,0.0,12.0,95.0,0.40026454518464866,0.0,0.0,100.0,0.0,49.0,35.0,0.0,46.629999999999995,7.819997943429711,62,37.6,75.6,60.4,Medium,Funds utilization (99%) is far ahead of physical completion (52%) — a gap of 47 points. | Vendor concentration is high (HHI=71); top vendor 'Alam Brothers' handles 84% of spend. | Almost none of the completed works have received citizen/beneficiary feedback ratings. | The same work description text is reused 49 times. | The exact same rupee amount appears on 35 separate completed works.,Check for templated/cookie-cutter billing rather than work-specific costing. | Check whether the dominant vendor was selected through fair/competitive process across multiple works. | Cross-check beneficiary feedback mechanism / conduct spot citizen verification. | Verify that advance/interim payments correspond to actual physical progress on site. | Verify these are genuinely distinct works and not duplicate/split entries.
KALI CHARAN MUNDA,KHUNTI,Jharkhand,Lok Sabha,147000000.0,119080900.0,77772545.0,81.01,31,305,10.16,41308355.0,240,240,0,,8.0,240.0,77772545.0,ASSISTANT ENGINEER ZILA PARISHAD KHUNTI,38.75,24.97,60.0,0.0,25.0,31.0,0.08311615235425335,0.0,77.42,100.0,80.65,1.0,9.0,0.0,70.85000000000001,53.11431559813299,64,33.9,78.0,60.4,Medium,Funds utilization (81%) is far ahead of physical completion (10%) — a gap of 71 points. | 77% of completed works have no geo/photo evidence uploaded. | Almost none of the completed works have received citizen/beneficiary feedback ratings. | 81% of completed works are billed in suspiciously round figures. | The exact same rupee amount appears on 9 separate completed works. | 53% of expenditure is still an unpaid balance to vendors.,Ask for itemised cost estimates/bills rather than lump-sum round amounts. | Check for templated/cookie-cutter billing rather than work-specific costing. | Confirm vendor payment schedule and reasons for outstanding dues. | Cross-check beneficiary feedback mechanism / conduct spot citizen verification. | Request site photographs / geo-tagged images for works missing visual evidence. | Verify that advance/interim payments correspond to actual physical progress on site.
ANANTA NAYAK,KEONJHAR,Odisha,Lok Sabha,147000000.0,136905000.0,30111360.0,93.13,17,342,4.97,106793640.0,451,448,3,,90.0,451.0,30111360.0,JAYANTA KUMAR JENA,13.72,3.77,3.33,0.67,70.0,17.0,-0.2853335467590348,0.0,58.82,100.0,100.0,1.0,9.0,0.6651884700665188,88.16,354.66229356628196,54,52.0,65.9,60.3,Medium,Funds utilization (93%) is far ahead of physical completion (5%) — a gap of 88 points. | Almost none of the completed works have received citizen/beneficiary feedback ratings. | 100% of completed works are billed in suspiciously round figures. | The exact same rupee amount appears on 9 separate completed works. | 355% of expenditure is still an unpaid balance to vendors.,Ask for itemised cost estimates/bills rather than lump-sum round amounts. | Check for templated/cookie-cutter billing rather than work-specific costing. | Confirm vendor payment schedule and reasons for outstanding dues. | Cross-check beneficiary feedback mechanism / conduct spot citizen verification. | Verify that advance/interim payments correspond to actual physical progress on site.
R.K. CHAUDHARY,MOHANLALGANJ,Uttar Pradesh,Lok Sabha,147000000.0,73785543.0,34622708.0,50.19,14,93,15.05,39162835.0,83,81,2,,3.0,83.0,34622708.0,SHREE HARIOM INFOTECH,89.57,80.78,0.0,2.41,12.0,14.0,-0.32201982941250734,0.0,100.0,100.0,0.0,1.0,12.0,2.4096385542168677,35.14,113.11314816853726,54,52.0,65.9,60.3,Medium,Vendor concentration is high (HHI=81); top vendor 'SHREE HARIOM INFOTECH' handles 90% of spend. | 100% of completed works have no geo/photo evidence uploaded. | Almost none of the completed works have received citizen/beneficiary feedback ratings. | The exact same rupee amount appears on 12 separate completed works. | 113% of expenditure is still an unpaid balance to vendors.,Check for templated/cookie-cutter billing rather than work-specific costing. | Check whether the dominant vendor was selected through fair/competitive process across multiple works. | Confirm vendor payment schedule and reasons for outstanding dues. | Cross-check beneficiary feedback mechanism / conduct spot citizen verification. | Request site photographs / geo-tagged images for works missing visual evidence.
Prof SP Singh Baghel,AGRA,Uttar Pradesh,Lok Sabha,147000000.0,146923438.0,93200157.0,99.95,55,110,50.0,53723281.0,140,140,0,,2.0,140.0,93200157.0,SAI ENTERPRISES,64.35,54.12,0.0,0.0,18.0,55.0,0.8058719948932971,4.0,5.45,100.0,0.0,1.0,1.0,0.0,49.95,57.64290826248286,68,25.3,82.9,59.9,Medium,Funds utilization (100%) is far ahead of physical completion (50%) — a gap of 50 points. | Vendor concentration is high (HHI=54); top vendor 'SAI ENTERPRISES' handles 64% of spend. | Almost none of the completed works have received citizen/beneficiary feedback ratings. | 4 completed works cost far above the average for their work category (statistical outliers). | 58% of expenditure is still an unpaid balance to vendors.,Check whether the dominant vendor was selected through fair/competitive process across multiple works. | Compare quoted cost of outlier works with category benchmark / schedule of rates (SOR). | Confirm vendor payment schedule and reasons for outstanding dues. | Cross-check beneficiary feedback mechanism / conduct spot citizen verification. | Verify that advance/interim payments correspond to actual physical progress on site.
Shri Shantanu Thakur,BANGAON,West Bengal,Lok Sabha,147000000.0,105418836.0,5993836.0,71.71,8,58,13.79,99425000.0,8,8,0,,2.0,8.0,5993836.0,MAA KALI BUILDERS,71.54,59.28,12.5,0.0,3.0,8.0,0.16766411817653626,0.0,0.0,100.0,12.5,1.0,1.0,0.0,57.919999999999995,1658.7874609849184,56,46.1,68.3,59.4,Medium,Funds utilization (72%) is far ahead of physical completion (14%) — a gap of 58 points. | Vendor concentration is high (HHI=59); top vendor 'MAA KALI BUILDERS' handles 72% of spend. | Almost none of the completed works have received citizen/beneficiary feedback ratings. | 1659% of expenditure is still an unpaid balance to vendors.,Check whether the dominant vendor was selected through fair/competitive process across multiple works. | Confirm vendor payment schedule and reasons for outstanding dues. | Cross-check beneficiary feedback mechanism / conduct spot citizen verification. | Verify that advance/interim payments correspond to actual physical progress on site.
SACHITHANANTHAM R,DINDIGUL,Tamil Nadu,Lok Sabha,147000000.0,146728339.0,91226196.0,99.82,50,134,37.31,55502143.0,87,85,2,,49.0,87.0,91226196.0,Sri Ganapathi Constructions,9.84,3.25,35.63,2.3,10.0,50.0,0.6307090877927884,2.0,78.0,100.0,42.0,1.0,10.0,2.2988505747126435,62.50999999999999,60.84013740965369,68,23.9,82.9,59.3,Medium,Funds utilization (100%) is far ahead of physical completion (37%) — a gap of 63 points. | 78% of completed works have no geo/photo evidence uploaded. | Almost none of the completed works have received citizen/beneficiary feedback ratings. | 2 completed works cost far above the average for their work category (statistical outliers). | The exact same rupee amount appears on 10 separate completed works. | 61% of expenditure is still an unpaid balance to vendors.,Check for templated/cookie-cutter billing rather than work-specific costing. | Compare quoted cost of outlier works with category benchmark / schedule of rates (SOR). | Confirm vendor payment schedule and reasons for outstanding dues. | Cross-check beneficiary feedback mechanism / conduct spot citizen verification. | Request site photographs / geo-tagged images for works missing visual evidence. | Verify that advance/interim payments correspond to actual physical progress on site.
DHARMENDRA PRADHAN,SAMBALPUR,Odisha,Lok Sabha,147000000.0,91453000.0,9704141.0,62.21,2,115,1.74,81748859.0,31,21,10,,12.0,31.0,9704141.0,RTO SAMBALPUR,59.28,38.61,0.0,32.26,7.0,2.0,2.282650197345416,2.0,0.0,100.0,0.0,1.0,2.0,32.25806451612903,60.47,842.4121104588236,54,49.0,65.9,59.1,Medium,Funds utilization (62%) is far ahead of physical completion (2%) — a gap of 60 points. | 32% of payment transactions are still pending. | 2 completed works cost far above the average for their work category (statistical outliers). | 842% of expenditure is still an unpaid balance to vendors.,Compare quoted cost of outlier works with category benchmark / schedule of rates (SOR). | Confirm vendor payment schedule and reasons for outstanding dues. | Review pending-payment vendor invoices for delay reasons and documentation completeness. | Verify that advance/interim payments correspond to actual physical progress on site.
Shri S. Jaishankar (2023-29),Sitting Rajya Sabha,Gujarat,Rajya Sabha,171500000.0,171094899.0,31616893.0,99.76,51,163,31.29,139478006.0,60,60,0,,7.0,60.0,31616893.0,CONNECTWAVE INTEGRATIONS PVT LTD,72.02,54.41,0.0,0.0,5.0,51.0,-0.0029349603490867863,1.0,0.0,100.0,0.0,1.0,27.0,0.0,68.47,441.15026103292314,64,30.6,78.0,59.0,Medium,Funds utilization (100%) is far ahead of physical completion (31%) — a gap of 68 points. | Vendor concentration is high (HHI=54); top vendor 'CONNECTWAVE INTEGRATIONS PVT LTD' handles 72% of spend. | Almost none of the completed works have received citizen/beneficiary feedback ratings. | The exact same rupee amount appears on 27 separate completed works. | 441% of expenditure is still an unpaid balance to vendors.,Check for templated/cookie-cutter billing rather than work-specific costing. | Check whether the dominant vendor was selected through fair/competitive process across multiple works. | Confirm vendor payment schedule and reasons for outstanding dues. | Cross-check beneficiary feedback mechanism / conduct spot citizen verification. | Verify that advance/interim payments correspond to actual physical progress on site.
SUDHA R,MAYILADUTHURAI,Tamil Nadu,Lok Sabha,147332315.11,96229000.0,37515130.0,65.31,23,149,15.44,58713870.0,53,38,15,,21.0,53.0,37515130.0,SRI SAI ENTERPRISES,29.59,11.73,49.06,28.3,11.0,23.0,0.2516833663581236,0.0,17.39,100.0,56.52,1.0,8.0,28.30188679245283,49.870000000000005,156.50717457196603,66,25.9,80.5,58.7,Medium,Funds utilization (65%) is far ahead of physical completion (15%) — a gap of 50 points. | 28% of payment transactions are still pending. | Almost none of the completed works have received citizen/beneficiary feedback ratings. | 57% of completed works are billed in suspiciously round figures. | The exact same rupee amount appears on 8 separate completed works. | 157% of expenditure is still an unpaid balance to vendors.,Ask for itemised cost estimates/bills rather than lump-sum round amounts. | Check for templated/cookie-cutter billing rather than work-specific costing. | Confirm vendor payment schedule and reasons for outstanding dues. | Cross-check beneficiary feedback mechanism / conduct spot citizen verification. | Review pending-payment vendor invoices for delay reasons and documentation completeness. | Verify that advance/interim payments correspond to actual physical progress on site.
Ashok Kumar Rawat,MISRIKH,Uttar Pradesh,Lok Sabha,147000000.0,146776705.0,121139986.0,99.85,2,5,40.0,25636719.0,32,24,8,,6.0,32.0,121139986.0,SHRI GURU KRIPA NARSINGH ASSOSIATES,30.71,25.7,3.12,25.0,8.0,2.0,23.25640480061395,2.0,0.0,100.0,0.0,1.0,1.0,25.0,59.849999999999994,21.162887537398262,44,65.9,53.7,58.6,Medium,Funds utilization (100%) is far ahead of physical completion (40%) — a gap of 60 points. | 25% of payment transactions are still pending. | 2 completed works cost far above the average for their work category (statistical outliers).,Compare quoted cost of outlier works with category benchmark / schedule of rates (SOR). | Review pending-payment vendor invoices for delay reasons and documentation completeness. | Verify that advance/interim payments correspond to actual physical progress on site.
Indra Hang Subba,SIKKIM,Sikkim,Lok Sabha,152003923.11,151079926.0,98023420.0,99.39,38,130,29.23,53056506.0,80,80,0,,41.0,80.0,98023420.0,SHIV SHAKTI FURNITURE,18.21,8.1,12.5,0.0,13.0,38.0,1.4557145838204253,15.0,65.79,100.0,21.05,2.0,4.0,0.0,70.16,54.12635674209286,68,22.0,82.9,58.5,Medium,Funds utilization (99%) is far ahead of physical completion (29%) — a gap of 70 points. | 66% of completed works have no geo/photo evidence uploaded. | Almost none of the completed works have received citizen/beneficiary feedback ratings. | 15 completed works cost far above the average for their work category (statistical outliers). | The exact same rupee amount appears on 4 separate completed works. | 54% of expenditure is still an unpaid balance to vendors.,Check for templated/cookie-cutter billing rather than work-specific costing. | Compare quoted cost of outlier works with category benchmark / schedule of rates (SOR). | Confirm vendor payment schedule and reasons for outstanding dues. | Cross-check beneficiary feedback mechanism / conduct spot citizen verification. | Request site photographs / geo-tagged images for works missing visual evidence. | Verify that advance/interim payments correspond to actual physical progress on site.
DR. S P SINGH,PRATAPGARH,Uttar Pradesh,Lok Sabha,147000000.0,115593071.0,47950833.0,78.63,106,600,17.67,67642238.0,188,107,81,,6.0,188.0,47950833.0,JAI PRAKASH,42.26,28.91,12.77,43.09,23.0,106.0,-0.21792984296838128,0.0,34.91,100.0,12.26,1.0,13.0,43.08510638297872,60.959999999999994,141.06582465418276,58,40.3,70.7,58.5,Medium,Funds utilization (79%) is far ahead of physical completion (18%) — a gap of 61 points. | 43% of payment transactions are still pending. | Almost none of the completed works have received citizen/beneficiary feedback ratings. | The exact same rupee amount appears on 13 separate completed works. | 141% of expenditure is still an unpaid balance to vendors.,Check for templated/cookie-cutter billing rather than work-specific costing. | Confirm vendor payment schedule and reasons for outstanding dues. | Cross-check beneficiary feedback mechanism / conduct spot citizen verification. | Review pending-payment vendor invoices for delay reasons and documentation completeness. | Verify that advance/interim payments correspond to actual physical progress on site.
Shri Naveen Jain (2024-30),Sitting Rajya Sabha,Uttar Pradesh,Rajya Sabha,147000000.0,135577743.0,64773227.0,92.23,10,168,5.95,70804516.0,94,94,0,,2.0,94.0,64773227.0,SAI ENTERPRISES,82.3,70.86,0.0,0.0,14.0,10.0,1.216763014011975,1.0,0.0,100.0,0.0,1.0,1.0,0.0,86.28,109.31139188109309,56,43.9,68.3,58.5,Medium,Funds utilization (92%) is far ahead of physical completion (6%) — a gap of 86 points. | Vendor concentration is high (HHI=71); top vendor 'SAI ENTERPRISES' handles 82% of spend. | Almost none of the completed works have received citizen/beneficiary feedback ratings. | 109% of expenditure is still an unpaid balance to vendors.,Check whether the dominant vendor was selected through fair/competitive process across multiple works. | Confirm vendor payment schedule and reasons for outstanding dues. | Cross-check beneficiary feedback mechanism / conduct spot citizen verification. | Verify that advance/interim payments correspond to actual physical progress on site.
Saptagiri Sankar Ulaka,KORAPUT,Odisha,Lok Sabha,269500000.0,184589829.0,68050166.0,68.49,159,575,27.65,116539663.0,236,231,5,,65.0,236.0,68050166.0,RAMESWAR NAIK,15.89,4.72,80.51,2.12,35.0,159.0,-0.2452850493218598,0.0,83.02,100.0,82.39,1.0,56.0,2.11864406779661,40.839999999999996,171.25551611439124,64,28.8,78.0,58.3,Medium,Funds utilization (68%) is far ahead of physical completion (28%) — a gap of 41 points. | 83% of completed works have no geo/photo evidence uploaded. | Almost none of the completed works have received citizen/beneficiary feedback ratings. | 82% of completed works are billed in suspiciously round figures. | The exact same rupee amount appears on 56 separate completed works. | 171% of expenditure is still an unpaid balance to vendors.,Ask for itemised cost estimates/bills rather than lump-sum round amounts. | Check for templated/cookie-cutter billing rather than work-specific costing. | Confirm vendor payment schedule and reasons for outstanding dues. | Cross-check beneficiary feedback mechanism / conduct spot citizen verification. | Request site photographs / geo-tagged images for works missing visual evidence. | Verify that advance/interim payments correspond to actual physical progress on site.
PATHAN YUSUF,BAHARAMPUR,West Bengal,Lok Sabha,147000000.0,88677631.0,9360897.0,60.32,1,145,0.69,79316734.0,7,4,3,,5.0,7.0,9360897.0,CIMECON ENTERPRISES,39.12,26.44,14.29,42.86,1.0,1.0,1.4248440742753317,0.0,0.0,100.0,100.0,1.0,1.0,42.857142857142854,59.63,847.3198027924033,42,67.5,51.2,57.7,Medium,Funds utilization (60%) is far ahead of physical completion (1%) — a gap of 60 points. | 43% of payment transactions are still pending. | 847% of expenditure is still an unpaid balance to vendors.,Confirm vendor payment schedule and reasons for outstanding dues. | Review pending-payment vendor invoices for delay reasons and documentation completeness. | Verify that advance/interim payments correspond to actual physical progress on site.
Shri Jyotirmay Singh Mahato,PURULIA,West Bengal,Lok Sabha,147000000.0,71300960.0,11711831.0,48.5,15,107,14.02,59589129.0,31,31,0,,1.0,31.0,11711831.0,ATANU PATRA,100.0,100.0,0.0,0.0,3.0,15.0,-0.1627568784208093,0.0,0.0,100.0,0.0,8.0,15.0,0.0,34.480000000000004,508.79430381124865,52,48.9,63.4,57.6,Medium,Vendor concentration is high (HHI=100); top vendor 'ATANU PATRA' handles 100% of spend. | Almost none of the completed works have received citizen/beneficiary feedback ratings. | The same work description text is reused 8 times. | The exact same rupee amount appears on 15 separate completed works. | 509% of expenditure is still an unpaid balance to vendors.,Check for templated/cookie-cutter billing rather than work-specific costing. | Check whether the dominant vendor was selected through fair/competitive process across multiple works. | Confirm vendor payment schedule and reasons for outstanding dues. | Cross-check beneficiary feedback mechanism / conduct spot citizen verification. | Verify these are genuinely distinct works and not duplicate/split entries.
Mahendra Singh Solanky,DEWAS,Madhya Pradesh,Lok Sabha,147000000.0,108538357.0,42062417.0,73.84,10,143,6.99,66475940.0,108,107,1,,28.0,108.0,42062417.0,CEO Janpad Panchayat Dewas,17.68,8.54,88.89,0.93,15.0,10.0,0.07907202654723947,0.0,70.0,100.0,70.0,1.0,5.0,0.9259259259259258,66.85000000000001,158.04117961171846,64,27.0,78.0,57.6,Medium,Funds utilization (74%) is far ahead of physical completion (7%) — a gap of 67 points. | 70% of completed works have no geo/photo evidence uploaded. | Almost none of the completed works have received citizen/beneficiary feedback ratings. | 70% of completed works are billed in suspiciously round figures. | The exact same rupee amount appears on 5 separate completed works. | 158% of expenditure is still an unpaid balance to vendors.,Ask for itemised cost estimates/bills rather than lump-sum round amounts. | Check for templated/cookie-cutter billing rather than work-specific costing. | Confirm vendor payment schedule and reasons for outstanding dues. | Cross-check beneficiary feedback mechanism / conduct spot citizen verification. | Request site photographs / geo-tagged images for works missing visual evidence. | Verify that advance/interim payments correspond to actual physical progress on site.
Swami Sachchidanandhari Sakshi ji Maharaj,UNNAO,Uttar Pradesh,Lok Sabha,147000000.0,101824036.0,68421377.0,69.27,12,88,13.64,33402659.0,69,62,7,,7.0,69.0,68421377.0,RAJESH KUMAR PAL,90.91,82.83,8.7,10.14,12.0,12.0,0.7619119615465494,1.0,0.0,100.0,0.0,2.0,1.0,10.144927536231885,55.629999999999995,48.81903940635395,56,41.1,68.3,57.4,Medium,Funds utilization (69%) is far ahead of physical completion (14%) — a gap of 56 points. | Vendor concentration is high (HHI=83); top vendor 'RAJESH KUMAR PAL' handles 91% of spend. | Almost none of the completed works have received citizen/beneficiary feedback ratings. | 49% of expenditure is still an unpaid balance to vendors.,Check whether the dominant vendor was selected through fair/competitive process across multiple works. | Confirm vendor payment schedule and reasons for outstanding dues. | Cross-check beneficiary feedback mechanism / conduct spot citizen verification. | Verify that advance/interim payments correspond to actual physical progress on site.
Arvind Dharmapuri,NIZAMABAD,Telangana,Lok Sabha,281396355.11,269501566.0,158096817.0,95.77,476,916,51.97,111404749.0,526,526,0,,187.0,526.0,158096817.0,GUTHI SRINIVAS,6.98,1.58,34.41,0.0,74.0,476.0,-0.22922485394496314,0.0,95.8,100.0,35.5,3.0,82.0,0.0,43.8,70.46615555833739,56,39.5,68.3,56.8,Medium,Funds utilization (96%) is far ahead of physical completion (52%) — a gap of 44 points. | 96% of completed works have no geo/photo evidence uploaded. | Almost none of the completed works have received citizen/beneficiary feedback ratings. | The exact same rupee amount appears on 82 separate completed works. | 70% of expenditure is still an unpaid balance to vendors.,Check for templated/cookie-cutter billing rather than work-specific costing. | Confirm vendor payment schedule and reasons for outstanding dues. | Cross-check beneficiary feedback mechanism / conduct spot citizen verification. | Request site photographs / geo-tagged images for works missing visual evidence. | Verify that advance/interim payments correspond to actual physical progress on site.
KARAN BHUSHAN SINGH,KAISERGANJ,Uttar Pradesh,Lok Sabha,147000000.0,141887056.0,95454825.0,96.52,33,108,30.56,46432231.0,145,144,1,,6.0,145.0,95454825.0,SRIJAN CONSTRUCTION,86.56,76.24,2.76,0.69,17.0,33.0,0.8210252386884316,0.0,0.0,100.0,3.03,1.0,2.0,0.6896551724137931,65.96,48.64314716411664,56,39.0,68.3,56.6,Medium,Funds utilization (97%) is far ahead of physical completion (31%) — a gap of 66 points. | Vendor concentration is high (HHI=76); top vendor 'SRIJAN CONSTRUCTION' handles 87% of spend. | Almost none of the completed works have received citizen/beneficiary feedback ratings. | 49% of expenditure is still an unpaid balance to vendors.,Check whether the dominant vendor was selected through fair/competitive process across multiple works. | Confirm vendor payment schedule and reasons for outstanding dues. | Cross-check beneficiary feedback mechanism / conduct spot citizen verification. | Verify that advance/interim payments correspond to actual physical progress on site.
Shri Sanjay Seth (2024-30),Sitting Rajya Sabha,Uttar Pradesh,Rajya Sabha,147000000.0,85520963.0,56357801.0,58.18,19,59,32.2,29163162.0,48,46,2,,9.0,48.0,56357801.0,BALAJI CONSTRUCTIONS,68.55,50.08,2.08,4.17,6.0,19.0,0.7960559565007339,3.0,84.21,100.0,10.53,1.0,1.0,4.166666666666666,25.979999999999997,51.74645121444678,58,35.5,70.7,56.6,Medium,Vendor concentration is high (HHI=50); top vendor 'BALAJI CONSTRUCTIONS' handles 69% of spend. | 84% of completed works have no geo/photo evidence uploaded. | Almost none of the completed works have received citizen/beneficiary feedback ratings. | 3 completed works cost far above the average for their work category (statistical outliers). | 52% of expenditure is still an unpaid balance to vendors.,Check whether the dominant vendor was selected through fair/competitive process across multiple works. | Compare quoted cost of outlier works with category benchmark / schedule of rates (SOR). | Confirm vendor payment schedule and reasons for outstanding dues. | Cross-check beneficiary feedback mechanism / conduct spot citizen verification. | Request site photographs / geo-tagged images for works missing visual evidence.
Shri Brij Lal (2020-26),Sitting Rajya Sabha,Uttar Pradesh,Rajya Sabha,196063957.11,193733662.0,92124068.0,98.81,113,150,75.33,101609594.0,161,159,2,,23.0,161.0,92124068.0,SHREYA CONSTRUCTION,18.59,9.78,49.07,1.24,5.0,113.0,-0.4403398635246865,2.0,96.46,100.0,15.04,107.0,60.0,1.2422360248447204,23.480000000000004,110.29646888802176,56,38.8,68.3,56.5,Medium,96% of completed works have no geo/photo evidence uploaded. | Almost none of the completed works have received citizen/beneficiary feedback ratings. | 2 completed works cost far above the average for their work category (statistical outliers). | The same work description text is reused 107 times. | The exact same rupee amount appears on 60 separate completed works. | 110% of expenditure is still an unpaid balance to vendors.,Check for templated/cookie-cutter billing rather than work-specific costing. | Compare quoted cost of outlier works with category benchmark / schedule of rates (SOR). | Confirm vendor payment schedule and reasons for outstanding dues. | Cross-check beneficiary feedback mechanism / conduct spot citizen verification. | Request site photographs / geo-tagged images for works missing visual evidence. | Verify these are genuinely distinct works and not duplicate/split entries.
MALVINDER SINGH KANG,ANANDPUR SAHIB,Punjab,Lok Sabha,147000000.0,135790753.0,80974799.0,92.37,109,374,29.14,54815954.0,793,752,41,,309.0,793.0,80974799.0,RS Industries,15.04,3.4,14.63,5.17,131.0,109.0,-0.1980683491838492,0.0,28.44,100.0,82.57,1.0,31.0,5.170239596469105,63.230000000000004,67.69507881087794,54,42.4,65.9,56.5,Medium,Funds utilization (92%) is far ahead of physical completion (29%) — a gap of 63 points. | Almost none of the completed works have received citizen/beneficiary feedback ratings. | 83% of completed works are billed in suspiciously round figures. | The exact same rupee amount appears on 31 separate completed works. | 68% of expenditure is still an unpaid balance to vendors.,Ask for itemised cost estimates/bills rather than lump-sum round amounts. | Check for templated/cookie-cutter billing rather than work-specific costing. | Confirm vendor payment schedule and reasons for outstanding dues. | Cross-check beneficiary feedback mechanism / conduct spot citizen verification. | Verify that advance/interim payments correspond to actual physical progress on site.
Shri Harsh Mahajan (2024-30),Sitting Rajya Sabha,Himachal Pradesh,Rajya Sabha,147000000.0,119544449.0,75761105.0,81.32,154,461,33.41,43783344.0,476,471,5,,158.0,476.0,75761105.0,BDO MASHOBRA RAJYA SABHA,6.73,1.71,76.68,1.05,73.0,154.0,-0.3024854013293607,0.0,46.75,100.0,75.97,7.0,35.0,1.050420168067227,47.91,57.791321813482,62,26.7,75.6,56.0,Medium,Funds utilization (81%) is far ahead of physical completion (33%) — a gap of 48 points. | Almost none of the completed works have received citizen/beneficiary feedback ratings. | 76% of completed works are billed in suspiciously round figures. | The same work description text is reused 7 times. | The exact same rupee amount appears on 35 separate completed works. | 58% of expenditure is still an unpaid balance to vendors.,Ask for itemised cost estimates/bills rather than lump-sum round amounts. | Check for templated/cookie-cutter billing rather than work-specific costing. | Confirm vendor payment schedule and reasons for outstanding dues. | Cross-check beneficiary feedback mechanism / conduct spot citizen verification. | Verify that advance/interim payments correspond to actual physical progress on site. | Verify these are genuinely distinct works and not duplicate/split entries.
DR DHARAMVIRA GANDHI,PATIALA,Punjab,Lok Sabha,147000000.0,99604797.0,53205652.0,67.76,62,360,17.22,46399145.0,1196,1188,8,,523.0,1196.0,53205652.0,MK INFRA,7.02,1.42,3.34,0.67,213.0,62.0,-0.28545150008279213,0.0,6.45,100.0,51.61,2.0,9.0,0.6688963210702341,50.540000000000006,87.20717302740694,54,41.1,65.9,56.0,Medium,Funds utilization (68%) is far ahead of physical completion (17%) — a gap of 51 points. | Almost none of the completed works have received citizen/beneficiary feedback ratings. | 52% of completed works are billed in suspiciously round figures. | The exact same rupee amount appears on 9 separate completed works. | 87% of expenditure is still an unpaid balance to vendors.,Ask for itemised cost estimates/bills rather than lump-sum round amounts. | Check for templated/cookie-cutter billing rather than work-specific costing. | Confirm vendor payment schedule and reasons for outstanding dues. | Cross-check beneficiary feedback mechanism / conduct spot citizen verification. | Verify that advance/interim payments correspond to actual physical progress on site.
Ravindra Shyamnarayan Alias Ravi Kishan Shukla,GORAKHPUR,Uttar Pradesh,Lok Sabha,147000000.0,91202258.78,12572509.0,62.04,0,96,0.0,78629749.78,10,10,0,,3.0,10.0,12572509.0,KILDEEP MISHRA KRISHI SEWA KENDRA,81.15,67.85,20.0,0.0,2.0,0.0,0.0,0.0,0.0,0.0,0.0,0.0,0.0,0.0,62.04,625.4101689646832,48,52.0,58.5,55.9,Medium,Funds utilization (62%) is far ahead of physical completion (0%) — a gap of 62 points. | Vendor concentration is high (HHI=68); top vendor 'KILDEEP MISHRA KRISHI SEWA KENDRA' handles 81% of spend. | 625% of expenditure is still an unpaid balance to vendors.,Check whether the dominant vendor was selected through fair/competitive process across multiple works. | Confirm vendor payment schedule and reasons for outstanding dues. | Verify that advance/interim payments correspond to actual physical progress on site.
SALENG A SANGMA,TURA,Meghalaya,Lok Sabha,147000000.0,140370000.0,98620000.0,95.49,132,340,38.82,41750000.0,431,423,8,,162.0,431.0,98620000.0,Aiok M Sangma,26.87,7.99,75.41,1.86,23.0,132.0,-0.1465919728880104,1.0,18.94,100.0,98.48,25.0,44.0,1.8561484918793503,56.669999999999995,42.33421212735753,62,26.3,75.6,55.9,Medium,Funds utilization (95%) is far ahead of physical completion (39%) — a gap of 57 points. | Almost none of the completed works have received citizen/beneficiary feedback ratings. | 98% of completed works are billed in suspiciously round figures. | The same work description text is reused 25 times. | The exact same rupee amount appears on 44 separate completed works. | 42% of expenditure is still an unpaid balance to vendors.,Ask for itemised cost estimates/bills rather than lump-sum round amounts. | Check for templated/cookie-cutter billing rather than work-specific costing. | Confirm vendor payment schedule and reasons for outstanding dues. | Cross-check beneficiary feedback mechanism / conduct spot citizen verification. | Verify that advance/interim payments correspond to actual physical progress on site. | Verify these are genuinely distinct works and not duplicate/split entries.
BIBHU PRASAD TARAI,JAGATSINGHPUR,Odisha,Lok Sabha,147000000.0,137149588.0,16733683.0,93.3,15,344,4.36,120415905.0,85,78,7,,37.0,85.0,16733683.0,SATENDRA KUMAR SINGH,31.55,13.98,30.59,8.24,9.0,15.0,-0.26241225602264295,0.0,13.33,100.0,73.33,1.0,6.0,8.235294117647058,88.94,719.6019250514067,54,40.3,65.9,55.7,Medium,Funds utilization (93%) is far ahead of physical completion (4%) — a gap of 89 points. | Almost none of the completed works have received citizen/beneficiary feedback ratings. | 73% of completed works are billed in suspiciously round figures. | The exact same rupee amount appears on 6 separate completed works. | 720% of expenditure is still an unpaid balance to vendors.,Ask for itemised cost estimates/bills rather than lump-sum round amounts. | Check for templated/cookie-cutter billing rather than work-specific costing. | Confirm vendor payment schedule and reasons for outstanding dues. | Cross-check beneficiary feedback mechanism / conduct spot citizen verification. | Verify that advance/interim payments correspond to actual physical progress on site.
GAURAV GOGOI,JORHAT,Assam,Lok Sabha,147000000.0,103945782.0,40746858.0,70.71,35,468,7.48,63198924.0,458,457,1,,92.0,458.0,40746858.0,MRITYUNJOY KHANIKAR,4.56,2.02,9.61,0.22,81.0,35.0,-0.30849902652585,0.0,68.57,100.0,40.0,1.0,12.0,0.21834061135371177,63.22999999999999,155.10134302870665,56,36.6,68.3,55.6,Medium,Funds utilization (71%) is far ahead of physical completion (7%) — a gap of 63 points. | 69% of completed works have no geo/photo evidence uploaded. | Almost none of the completed works have received citizen/beneficiary feedback ratings. | The exact same rupee amount appears on 12 separate completed works. | 155% of expenditure is still an unpaid balance to vendors.,Check for templated/cookie-cutter billing rather than work-specific costing. | Confirm vendor payment schedule and reasons for outstanding dues. | Cross-check beneficiary feedback mechanism / conduct spot citizen verification. | Request site photographs / geo-tagged images for works missing visual evidence. | Verify that advance/interim payments correspond to actual physical progress on site.
Suresh Kumar Kashyap,SHIMLA,Himachal Pradesh,Lok Sabha,153563957.11,114805358.0,90424211.0,74.76,83,541,15.34,24381147.0,591,586,5,,183.0,591.0,90424211.0,Block Development officer Nahan,5.7,2.07,94.59,0.85,77.0,83.0,-0.30540783364410945,0.0,66.27,100.0,92.77,1.0,23.0,0.8460236886632826,59.42,26.963074082006642,54,39.9,65.9,55.5,Medium,Funds utilization (75%) is far ahead of physical completion (15%) — a gap of 59 points. | 66% of completed works have no geo/photo evidence uploaded. | Almost none of the completed works have received citizen/beneficiary feedback ratings. | 93% of completed works are billed in suspiciously round figures. | The exact same rupee amount appears on 23 separate completed works.,Ask for itemised cost estimates/bills rather than lump-sum round amounts. | Check for templated/cookie-cutter billing rather than work-specific costing. | Cross-check beneficiary feedback mechanism / conduct spot citizen verification. | Request site photographs / geo-tagged images for works missing visual evidence. | Verify that advance/interim payments correspond to actual physical progress on site.
AJENDRA SINGH LODHI,HAMIRPUR,Uttar Pradesh,Lok Sabha,147000000.0,140840000.0,48355823.0,95.81,19,191,9.95,92484177.0,104,88,16,,19.0,104.0,48355823.0,KUNAL TRADERS,25.26,14.64,0.0,15.38,16.0,19.0,0.16376074073565536,0.0,68.42,100.0,15.79,2.0,10.0,15.384615384615385,85.86,191.2575802918296,56,36.0,68.3,55.4,Medium,Funds utilization (96%) is far ahead of physical completion (10%) — a gap of 86 points. | 68% of completed works have no geo/photo evidence uploaded. | Almost none of the completed works have received citizen/beneficiary feedback ratings. | The exact same rupee amount appears on 10 separate completed works. | 191% of expenditure is still an unpaid balance to vendors.,Check for templated/cookie-cutter billing rather than work-specific costing. | Confirm vendor payment schedule and reasons for outstanding dues. | Cross-check beneficiary feedback mechanism / conduct spot citizen verification. | Request site photographs / geo-tagged images for works missing visual evidence. | Verify that advance/interim payments correspond to actual physical progress on site.
Shri LS Tejasvi Surya,BANGALORE SOUTH,Karnataka,Lok Sabha,147000000.0,125736528.0,40913804.0,85.54,25,136,18.38,84822724.0,51,51,0,,20.0,51.0,40913804.0,Raju Bhargav R,26.64,12.21,13.73,0.0,12.0,25.0,0.4638825861064251,2.0,60.0,100.0,16.0,1.0,4.0,0.0,67.16000000000001,207.32055127408833,68,14.1,82.9,55.4,Medium,Funds utilization (86%) is far ahead of physical completion (18%) — a gap of 67 points. | 60% of completed works have no geo/photo evidence uploaded. | Almost none of the completed works have received citizen/beneficiary feedback ratings. | 2 completed works cost far above the average for their work category (statistical outliers). | The exact same rupee amount appears on 4 separate completed works. | 207% of expenditure is still an unpaid balance to vendors.,Check for templated/cookie-cutter billing rather than work-specific costing. | Compare quoted cost of outlier works with category benchmark / schedule of rates (SOR). | Confirm vendor payment schedule and reasons for outstanding dues. | Cross-check beneficiary feedback mechanism / conduct spot citizen verification. | Request site photographs / geo-tagged images for works missing visual evidence. | Verify that advance/interim payments correspond to actual physical progress on site.
Dileshwar Kamait,SUPAUL,Bihar,Lok Sabha,150450930.89,130816237.0,89329681.0,86.95,46,131,35.11,41486556.0,76,76,0,,14.0,76.0,89329681.0,VEENA CONSTRUCTIONS,29.9,20.17,11.84,0.0,11.0,46.0,0.7574159985100487,1.0,100.0,100.0,2.17,11.0,29.0,0.0,51.84,46.44207337984337,64,20.6,78.0,55.0,Medium,Funds utilization (87%) is far ahead of physical completion (35%) — a gap of 52 points. | 100% of completed works have no geo/photo evidence uploaded. | Almost none of the completed works have received citizen/beneficiary feedback ratings. | The same work description text is reused 11 times. | The exact same rupee amount appears on 29 separate completed works. | 46% of expenditure is still an unpaid balance to vendors.,Check for templated/cookie-cutter billing rather than work-specific costing. | Confirm vendor payment schedule and reasons for outstanding dues. | Cross-check beneficiary feedback mechanism / conduct spot citizen verification. | Request site photographs / geo-tagged images for works missing visual evidence. | Verify that advance/interim payments correspond to actual physical progress on site. | Verify these are genuinely distinct works and not duplicate/split entries.
BASAVARAJ BOMMAI,HAVERI,Karnataka,Lok Sabha,147000000.0,98450000.0,61561447.0,66.97,19,162,11.73,36888553.0,178,166,12,,17.0,178.0,61561447.0,Bommai Zilla Nirmithi Kendra,53.97,39.1,22.47,6.74,40.0,19.0,0.04935162203668199,0.0,15.79,100.0,100.0,1.0,9.0,6.741573033707865,55.239999999999995,59.921517114436895,54,38.4,65.9,54.9,Medium,Funds utilization (67%) is far ahead of physical completion (12%) — a gap of 55 points. | Almost none of the completed works have received citizen/beneficiary feedback ratings. | 100% of completed works are billed in suspiciously round figures. | The exact same rupee amount appears on 9 separate completed works. | 60% of expenditure is still an unpaid balance to vendors.,Ask for itemised cost estimates/bills rather than lump-sum round amounts. | Check for templated/cookie-cutter billing rather than work-specific costing. | Confirm vendor payment schedule and reasons for outstanding dues. | Cross-check beneficiary feedback mechanism / conduct spot citizen verification. | Verify that advance/interim payments correspond to actual physical progress on site.
RAMBHUAL NISHAD,SULTANPUR,Uttar Pradesh,Lok Sabha,151231957.11,147846720.57,87473694.0,97.76,6,69,8.7,60373026.56999999,26,25,1,,14.0,26.0,87473694.0,Ajay Kumar Singh,22.68,13.47,53.85,3.85,0.0,6.0,8.33038807057697,6.0,16.67,100.0,0.0,1.0,1.0,3.8461538461538463,89.06,69.01849437157644,50,45.8,61.0,54.9,Medium,Funds utilization (98%) is far ahead of physical completion (9%) — a gap of 89 points. | Almost none of the completed works have received citizen/beneficiary feedback ratings. | 6 completed works cost far above the average for their work category (statistical outliers). | 69% of expenditure is still an unpaid balance to vendors.,Compare quoted cost of outlier works with category benchmark / schedule of rates (SOR). | Confirm vendor payment schedule and reasons for outstanding dues. | Cross-check beneficiary feedback mechanism / conduct spot citizen verification. | Verify that advance/interim payments correspond to actual physical progress on site.
Smt Sangeeta Kumari Singh Deo,BOLANGIR,Odisha,Lok Sabha,147000000.0,79450000.0,4193424.0,54.05,3,228,1.32,75256576.0,14,13,1,,14.0,14.0,4193424.0,ALOK KUMAR NAYAK,11.92,7.56,78.57,7.14,0.0,3.0,-0.2062761445306851,0.0,0.0,100.0,100.0,1.0,1.0,7.142857142857142,52.73,1794.6331208101064,46,52.9,56.1,54.8,Medium,Funds utilization (54%) is far ahead of physical completion (1%) — a gap of 53 points. | Almost none of the completed works have received citizen/beneficiary feedback ratings. | 100% of completed works are billed in suspiciously round figures. | 1795% of expenditure is still an unpaid balance to vendors.,Ask for itemised cost estimates/bills rather than lump-sum round amounts. | Confirm vendor payment schedule and reasons for outstanding dues. | Cross-check beneficiary feedback mechanism / conduct spot citizen verification. | Verify that advance/interim payments correspond to actual physical progress on site.
Shri Anil Kumar Yadav Mandadi (2024-30),Sitting Rajya Sabha,Telangana,Rajya Sabha,147000000.0,98815709.0,54363174.0,67.22,71,105,67.62,44452535.0,73,73,0,,15.0,73.0,54363174.0,SANTRIX CONSTRUCTIONS,62.03,40.05,60.27,0.0,14.0,71.0,0.20816271264738562,1.0,66.2,100.0,21.13,1.0,28.0,0.0,0.0,81.76957254188285,54,37.6,65.9,54.6,Medium,Vendor concentration is high (HHI=40); top vendor 'SANTRIX CONSTRUCTIONS' handles 62% of spend. | 66% of completed works have no geo/photo evidence uploaded. | Almost none of the completed works have received citizen/beneficiary feedback ratings. | The exact same rupee amount appears on 28 separate completed works. | 82% of expenditure is still an unpaid balance to vendors.,Check for templated/cookie-cutter billing rather than work-specific costing. | Check whether the dominant vendor was selected through fair/competitive process across multiple works. | Confirm vendor payment schedule and reasons for outstanding dues. | Cross-check beneficiary feedback mechanism / conduct spot citizen verification. | Request site photographs / geo-tagged images for works missing visual evidence.
ANGOMCHA BIMOL AKOIJAM,INNER MANIPUR,Manipur,Lok Sabha,147000000.0,107148946.0,93860392.0,72.89,21,47,44.68,13288554.0,67,67,0,,3.0,67.0,93860392.0,Murphy Thumrah,86.91,76.4,44.78,0.0,17.0,21.0,1.6018463897152415,6.0,52.38,100.0,57.14,3.0,2.0,0.0,28.21,14.157786598632574,46,51.9,56.1,54.4,Medium,Vendor concentration is high (HHI=76); top vendor 'Murphy Thumrah' handles 87% of spend. | Almost none of the completed works have received citizen/beneficiary feedback ratings. | 57% of completed works are billed in suspiciously round figures. | 6 completed works cost far above the average for their work category (statistical outliers).,Ask for itemised cost estimates/bills rather than lump-sum round amounts. | Check whether the dominant vendor was selected through fair/competitive process across multiple works. | Compare quoted cost of outlier works with category benchmark / schedule of rates (SOR). | Cross-check beneficiary feedback mechanism / conduct spot citizen verification.
ZIA UR REHMAN,SAMBHAL,Uttar Pradesh,Lok Sabha,147000000.0,92403610.85,53111753.0,62.86,0,325,0.0,39291857.85,332,316,16,,6.0,332.0,53111753.0,MK INFRATECH,68.11,50.17,0.0,4.82,22.0,0.0,0.0,0.0,0.0,0.0,0.0,0.0,0.0,4.819277108433735,62.86,73.9795913910053,48,48.1,58.5,54.3,Medium,Funds utilization (63%) is far ahead of physical completion (0%) — a gap of 63 points. | Vendor concentration is high (HHI=50); top vendor 'MK INFRATECH' handles 68% of spend. | 74% of expenditure is still an unpaid balance to vendors.,Check whether the dominant vendor was selected through fair/competitive process across multiple works. | Confirm vendor payment schedule and reasons for outstanding dues. | Verify that advance/interim payments correspond to actual physical progress on site.
Shripad Yesso Naik,NORTH GOA,Goa,Lok Sabha,147000000.0,140799519.3,15476370.0,95.78,1,115,0.87,125323149.3,25,25,0,,5.0,25.0,15476370.0,A S ENTERPRISES,58.96,41.14,0.0,0.0,6.0,1.0,2.5099203756884894,1.0,0.0,100.0,0.0,1.0,1.0,0.0,94.91,809.7709559799875,48,47.8,58.5,54.2,Medium,Funds utilization (96%) is far ahead of physical completion (1%) — a gap of 95 points. | Vendor concentration is high (HHI=41); top vendor 'A S ENTERPRISES' handles 59% of spend. | 810% of expenditure is still an unpaid balance to vendors.,Check whether the dominant vendor was selected through fair/competitive process across multiple works. | Confirm vendor payment schedule and reasons for outstanding dues. | Verify that advance/interim payments correspond to actual physical progress on site.
Kamlesh Paswan,BANSGAON,Uttar Pradesh,Lok Sabha,147000000.0,100401614.0,41575201.0,68.3,0,125,0.0,58826413.0,84,76,8,,8.0,84.0,41575201.0,OM ENTERPRISES,65.34,44.66,2.38,9.52,16.0,0.0,0.0,0.0,0.0,0.0,0.0,0.0,0.0,9.523809523809524,68.3,141.49399542289643,48,47.2,58.5,54.0,Medium,Funds utilization (68%) is far ahead of physical completion (0%) — a gap of 68 points. | Vendor concentration is high (HHI=45); top vendor 'OM ENTERPRISES' handles 65% of spend. | 141% of expenditure is still an unpaid balance to vendors.,Check whether the dominant vendor was selected through fair/competitive process across multiple works. | Confirm vendor payment schedule and reasons for outstanding dues. | Verify that advance/interim payments correspond to actual physical progress on site.
Smt. Geeta alias Chandraprabha (2020-26),Sitting Rajya Sabha,Uttar Pradesh,Rajya Sabha,196063957.11,196063956.35,169877016.35,100.0,210,247,85.02,26186940.0,313,313,0,,6.0,313.0,169877016.35,RAHISH WARSI,58.79,42.17,1.6,0.0,40.0,210.0,0.21916910253584063,3.0,0.48,100.0,1.43,30.0,32.0,0.0,14.980000000000004,15.415234245724378,54,35.9,65.9,53.9,Medium,Vendor concentration is high (HHI=42); top vendor 'RAHISH WARSI' handles 59% of spend. | Almost none of the completed works have received citizen/beneficiary feedback ratings. | 3 completed works cost far above the average for their work category (statistical outliers). | The same work description text is reused 30 times. | The exact same rupee amount appears on 32 separate completed works.,Check for templated/cookie-cutter billing rather than work-specific costing. | Check whether the dominant vendor was selected through fair/competitive process across multiple works. | Compare quoted cost of outlier works with category benchmark / schedule of rates (SOR). | Cross-check beneficiary feedback mechanism / conduct spot citizen verification. | Verify these are genuinely distinct works and not duplicate/split entries.
SUKHJINDER SINGH RANDHAWA,GURDASPUR,Punjab,Lok Sabha,147000000.0,126983530.0,56807613.0,86.38,90,338,26.63,70175917.0,400,397,3,,178.0,400.0,56807613.0,MS SRV INTERNATIONAL,7.29,2.28,11.0,0.75,45.0,90.0,-0.302509366668655,0.0,61.11,100.0,36.67,41.0,27.0,0.75,59.75,123.53259236574505,64,17.8,78.0,53.9,Medium,Funds utilization (86%) is far ahead of physical completion (27%) — a gap of 60 points. | 61% of completed works have no geo/photo evidence uploaded. | Almost none of the completed works have received citizen/beneficiary feedback ratings. | The same work description text is reused 41 times. | The exact same rupee amount appears on 27 separate completed works. | 124% of expenditure is still an unpaid balance to vendors.,Check for templated/cookie-cutter billing rather than work-specific costing. | Confirm vendor payment schedule and reasons for outstanding dues. | Cross-check beneficiary feedback mechanism / conduct spot citizen verification. | Request site photographs / geo-tagged images for works missing visual evidence. | Verify that advance/interim payments correspond to actual physical progress on site. | Verify these are genuinely distinct works and not duplicate/split entries.
V. SOMANNA,TUMKUR,Karnataka,Lok Sabha,147000000.0,75250000.0,32543790.0,51.19,4,61,6.56,42706210.0,27,17,10,,7.0,27.0,32543790.0,TUMKUR NIRMITHI KENDRA,52.92,37.66,55.56,37.04,3.0,4.0,1.1055511927665815,0.0,0.0,100.0,25.0,1.0,1.0,37.03703703703704,44.629999999999995,131.2269099573221,50,42.6,61.0,53.6,Medium,Funds utilization (51%) is far ahead of physical completion (7%) — a gap of 45 points. | 37% of payment transactions are still pending. | Almost none of the completed works have received citizen/beneficiary feedback ratings. | 131% of expenditure is still an unpaid balance to vendors.,Confirm vendor payment schedule and reasons for outstanding dues. | Cross-check beneficiary feedback mechanism / conduct spot citizen verification. | Review pending-payment vendor invoices for delay reasons and documentation completeness. | Verify that advance/interim payments correspond to actual physical progress on site.
Smt. Nirmala Sitharaman (2022-28),Sitting Rajya Sabha,Karnataka,Rajya Sabha,215972051.45,172686000.0,91394660.0,79.96,7,23,30.43,81291340.0,10,9,1,,3.0,10.0,91394660.0,Dharwad Research and Technology Incubator Foundation,34.9,33.37,60.0,10.0,3.0,7.0,8.051105919084197,7.0,0.0,100.0,42.86,3.0,2.0,10.0,49.529999999999994,88.94539352736801,50,42.6,61.0,53.6,Medium,Funds utilization (80%) is far ahead of physical completion (30%) — a gap of 50 points. | Almost none of the completed works have received citizen/beneficiary feedback ratings. | 7 completed works cost far above the average for their work category (statistical outliers). | 89% of expenditure is still an unpaid balance to vendors.,Compare quoted cost of outlier works with category benchmark / schedule of rates (SOR). | Confirm vendor payment schedule and reasons for outstanding dues. | Cross-check beneficiary feedback mechanism / conduct spot citizen verification. | Verify that advance/interim payments correspond to actual physical progress on site.
Shri Subhasish Khuntia (2024-30),Sitting Rajya Sabha,Odisha,Rajya Sabha,147000000.0,96250000.0,6285385.0,65.48,3,222,1.35,89964615.0,34,31,3,,14.0,34.0,6285385.0,TAPABANTA SAHOO,44.67,24.45,29.41,8.82,2.0,3.0,-0.010541718273963108,0.0,0.0,100.0,100.0,1.0,1.0,8.823529411764707,64.13000000000001,1431.3302208217954,46,49.7,56.1,53.5,Medium,Funds utilization (65%) is far ahead of physical completion (1%) — a gap of 64 points. | Almost none of the completed works have received citizen/beneficiary feedback ratings. | 100% of completed works are billed in suspiciously round figures. | 1431% of expenditure is still an unpaid balance to vendors.,Ask for itemised cost estimates/bills rather than lump-sum round amounts. | Confirm vendor payment schedule and reasons for outstanding dues. | Cross-check beneficiary feedback mechanism / conduct spot citizen verification. | Verify that advance/interim payments correspond to actual physical progress on site.
RUCHI VIRA,MORADABAD,Uttar Pradesh,Lok Sabha,147000000.0,64981775.0,52167110.0,44.21,165,273,60.44,12814665.0,559,559,0,,4.0,559.0,52167110.0,NATIONAL INFRATECH,92.43,85.83,0.0,0.0,28.0,165.0,-0.3351846134085184,0.0,0.0,100.0,0.0,4.0,69.0,0.0,0.0,24.56464427490808,42,56.7,51.2,53.4,Medium,Vendor concentration is high (HHI=86); top vendor 'NATIONAL INFRATECH' handles 92% of spend. | Almost none of the completed works have received citizen/beneficiary feedback ratings. | The same work description text is reused 4 times. | The exact same rupee amount appears on 69 separate completed works.,Check for templated/cookie-cutter billing rather than work-specific costing. | Check whether the dominant vendor was selected through fair/competitive process across multiple works. | Cross-check beneficiary feedback mechanism / conduct spot citizen verification. | Verify these are genuinely distinct works and not duplicate/split entries.
JASHUBHAI BHILUBHAI RATHVA,CHHOTA UDAIPUR,Gujarat,Lok Sabha,147000000.0,130296251.0,38424412.0,88.64,96,453,21.19,91871839.0,121,119,2,,91.0,121.0,38424412.0,Krupal Construction,26.03,7.63,85.12,1.65,7.0,96.0,-0.3110887203171581,0.0,10.42,100.0,84.38,15.0,27.0,1.6528925619834711,67.45,239.09757942424727,62,19.6,75.6,53.2,Medium,Funds utilization (89%) is far ahead of physical completion (21%) — a gap of 67 points. | Almost none of the completed works have received citizen/beneficiary feedback ratings. | 84% of completed works are billed in suspiciously round figures. | The same work description text is reused 15 times. | The exact same rupee amount appears on 27 separate completed works. | 239% of expenditure is still an unpaid balance to vendors.,Ask for itemised cost estimates/bills rather than lump-sum round amounts. | Check for templated/cookie-cutter billing rather than work-specific costing. | Confirm vendor payment schedule and reasons for outstanding dues. | Cross-check beneficiary feedback mechanism / conduct spot citizen verification. | Verify that advance/interim payments correspond to actual physical progress on site. | Verify these are genuinely distinct works and not duplicate/split entries.
DR. LATA WANKHEDE,SAGAR,Madhya Pradesh,Lok Sabha,147000000.0,146839715.0,100520853.0,99.89,103,236,43.64,46318862.0,276,272,4,,98.0,276.0,100520853.0,MANISH FEBRICATION,16.43,6.37,17.03,1.45,23.0,103.0,0.21461136104181225,13.0,22.33,100.0,38.83,5.0,31.0,1.4492753623188406,56.25,46.07885888115175,66,12.2,80.5,53.2,Medium,Funds utilization (100%) is far ahead of physical completion (44%) — a gap of 56 points. | Almost none of the completed works have received citizen/beneficiary feedback ratings. | 13 completed works cost far above the average for their work category (statistical outliers). | The same work description text is reused 5 times. | The exact same rupee amount appears on 31 separate completed works. | 46% of expenditure is still an unpaid balance to vendors.,Check for templated/cookie-cutter billing rather than work-specific costing. | Compare quoted cost of outlier works with category benchmark / schedule of rates (SOR). | Confirm vendor payment schedule and reasons for outstanding dues. | Cross-check beneficiary feedback mechanism / conduct spot citizen verification. | Verify that advance/interim payments correspond to actual physical progress on site. | Verify these are genuinely distinct works and not duplicate/split entries.
Mr Gopal Jee Thakur,DARBHANGA,Bihar,Lok Sabha,147000000.0,87205268.0,75767756.0,59.32,59,179,32.96,11437512.0,156,156,0,,6.0,156.0,75767756.0,BIOLUNAR ENERGY SOLUTION,94.79,89.94,0.0,0.0,18.0,59.0,-0.061271945608373735,0.0,86.44,100.0,0.0,1.0,50.0,0.0,26.36,15.09548732049026,44,52.0,53.7,53.0,Medium,Vendor concentration is high (HHI=90); top vendor 'BIOLUNAR ENERGY SOLUTION' handles 95% of spend. | 86% of completed works have no geo/photo evidence uploaded. | Almost none of the completed works have received citizen/beneficiary feedback ratings. | The exact same rupee amount appears on 50 separate completed works.,Check for templated/cookie-cutter billing rather than work-specific costing. | Check whether the dominant vendor was selected through fair/competitive process across multiple works. | Cross-check beneficiary feedback mechanism / conduct spot citizen verification. | Request site photographs / geo-tagged images for works missing visual evidence.
BACHHAV SHOBHA DINESH,DHULE,Maharashtra,Lok Sabha,147000000.0,99930794.0,15131243.0,67.98,13,91,14.29,84799551.0,16,12,4,,11.0,16.0,15131243.0,Multiplex Technologies,19.83,11.13,37.5,25.0,4.0,13.0,0.38682481325585366,0.0,0.0,100.0,38.46,1.0,5.0,25.0,53.690000000000005,560.4268664510906,58,26.1,70.7,52.9,Medium,Funds utilization (68%) is far ahead of physical completion (14%) — a gap of 54 points. | 25% of payment transactions are still pending. | Almost none of the completed works have received citizen/beneficiary feedback ratings. | The exact same rupee amount appears on 5 separate completed works. | 560% of expenditure is still an unpaid balance to vendors.,Check for templated/cookie-cutter billing rather than work-specific costing. | Confirm vendor payment schedule and reasons for outstanding dues. | Cross-check beneficiary feedback mechanism / conduct spot citizen verification. | Review pending-payment vendor invoices for delay reasons and documentation completeness. | Verify that advance/interim payments correspond to actual physical progress on site.
DR.K.SUDHAKAR,CHIKBALLAPUR,Karnataka,Lok Sabha,147000000.0,106674028.0,38953975.0,72.57,18,164,10.98,67720053.0,138,134,4,,27.0,138.0,38953975.0,NIRMITHI KENDRA BANGALORE RURAL DISTRICT,36.18,24.23,44.2,2.9,27.0,18.0,-0.09514199761996951,0.0,94.44,100.0,33.33,1.0,4.0,2.898550724637681,61.58999999999999,173.84632248698622,56,29.8,68.3,52.9,Medium,Funds utilization (73%) is far ahead of physical completion (11%) — a gap of 62 points. | 94% of completed works have no geo/photo evidence uploaded. | Almost none of the completed works have received citizen/beneficiary feedback ratings. | The exact same rupee amount appears on 4 separate completed works. | 174% of expenditure is still an unpaid balance to vendors.,Check for templated/cookie-cutter billing rather than work-specific costing. | Confirm vendor payment schedule and reasons for outstanding dues. | Cross-check beneficiary feedback mechanism / conduct spot citizen verification. | Request site photographs / geo-tagged images for works missing visual evidence. | Verify that advance/interim payments correspond to actual physical progress on site.
Shri Rajeev Shukla (2022-28),Sitting Rajya Sabha,Chhattisgarh,Rajya Sabha,271174394.23,52480000.0,40599928.0,19.35,4,30,13.33,11880072.0,35,33,2,,20.0,35.0,40599928.0,Samriddhi Enterprises,73.89,55.1,91.43,5.71,3.0,4.0,7.184329566879376,1.0,0.0,100.0,50.0,1.0,2.0,5.714285714285714,6.020000000000001,29.261312975727442,34,69.2,41.5,52.6,Medium,Vendor concentration is high (HHI=55); top vendor 'Samriddhi Enterprises' handles 74% of spend. | Almost none of the completed works have received citizen/beneficiary feedback ratings. | 50% of completed works are billed in suspiciously round figures.,Ask for itemised cost estimates/bills rather than lump-sum round amounts. | Check whether the dominant vendor was selected through fair/competitive process across multiple works. | Cross-check beneficiary feedback mechanism / conduct spot citizen verification.
Shri Arun Kumar Sagar,SHAHJAHANPUR,Uttar Pradesh,Lok Sabha,147000000.0,145876200.0,138723000.0,99.24,4,7,57.14,7153200.0,45,45,0,,6.0,45.0,138723000.0,RMK ENTERPRISES,27.33,20.64,44.44,0.0,12.0,4.0,23.235286524029043,4.0,25.0,100.0,25.0,1.0,1.0,0.0,42.099999999999994,5.156462879262992,40,58.3,48.8,52.6,Medium,Funds utilization (99%) is far ahead of physical completion (57%) — a gap of 42 points. | Almost none of the completed works have received citizen/beneficiary feedback ratings. | 4 completed works cost far above the average for their work category (statistical outliers).,Compare quoted cost of outlier works with category benchmark / schedule of rates (SOR). | Cross-check beneficiary feedback mechanism / conduct spot citizen verification. | Verify that advance/interim payments correspond to actual physical progress on site.
AVIMANYU SETHI,BHADRAK,Odisha,Lok Sabha,147000000.0,92895000.0,23316575.0,63.19,27,278,9.71,69578425.0,73,65,8,,51.0,73.0,23316575.0,Amiya Ku Das,8.58,2.82,71.23,10.96,7.0,27.0,-0.21419332560545076,0.0,37.04,100.0,100.0,1.0,12.0,10.95890410958904,53.48,298.40757058015595,54,32.2,65.9,52.4,Medium,Funds utilization (63%) is far ahead of physical completion (10%) — a gap of 53 points. | Almost none of the completed works have received citizen/beneficiary feedback ratings. | 100% of completed works are billed in suspiciously round figures. | The exact same rupee amount appears on 12 separate completed works. | 298% of expenditure is still an unpaid balance to vendors.,Ask for itemised cost estimates/bills rather than lump-sum round amounts. | Check for templated/cookie-cutter billing rather than work-specific costing. | Confirm vendor payment schedule and reasons for outstanding dues. | Cross-check beneficiary feedback mechanism / conduct spot citizen verification. | Verify that advance/interim payments correspond to actual physical progress on site.
Shri Bhartruhari Mahtab,CUTTACK,Odisha,Lok Sabha,147000000.0,146922088.0,37017579.0,99.95,86,483,17.81,109904509.0,281,277,4,,62.0,281.0,37017579.0,Rabindra Nath Singh,7.69,3.16,17.08,1.42,52.0,86.0,-0.24116455042770762,0.0,9.3,100.0,70.93,1.0,14.0,1.4234875444839856,82.14,296.89815479288904,54,31.8,65.9,52.3,Medium,Funds utilization (100%) is far ahead of physical completion (18%) — a gap of 82 points. | Almost none of the completed works have received citizen/beneficiary feedback ratings. | 71% of completed works are billed in suspiciously round figures. | The exact same rupee amount appears on 14 separate completed works. | 297% of expenditure is still an unpaid balance to vendors.,Ask for itemised cost estimates/bills rather than lump-sum round amounts. | Check for templated/cookie-cutter billing rather than work-specific costing. | Confirm vendor payment schedule and reasons for outstanding dues. | Cross-check beneficiary feedback mechanism / conduct spot citizen verification. | Verify that advance/interim payments correspond to actual physical progress on site.
ARUP CHAKRABORTY,BANKURA,West Bengal,Lok Sabha,147000000.0,94625897.0,55795450.0,64.37,40,70,57.14,38830447.0,42,42,0,,5.0,42.0,55795450.0,GOPAL CHANDRA CHOWDHURY,69.42,50.65,11.9,0.0,10.0,40.0,0.821728442988609,6.0,0.0,100.0,12.5,1.0,5.0,0.0,7.230000000000004,69.59428949851646,56,27.7,68.3,52.1,Medium,Vendor concentration is high (HHI=51); top vendor 'GOPAL CHANDRA CHOWDHURY' handles 69% of spend. | Almost none of the completed works have received citizen/beneficiary feedback ratings. | 6 completed works cost far above the average for their work category (statistical outliers). | The exact same rupee amount appears on 5 separate completed works. | 70% of expenditure is still an unpaid balance to vendors.,Check for templated/cookie-cutter billing rather than work-specific costing. | Check whether the dominant vendor was selected through fair/competitive process across multiple works. | Compare quoted cost of outlier works with category benchmark / schedule of rates (SOR). | Confirm vendor payment schedule and reasons for outstanding dues. | Cross-check beneficiary feedback mechanism / conduct spot citizen verification.
Pankaj Chowdhary,MAHARAJGANJ,Uttar Pradesh,Lok Sabha,147000000.0,97560284.0,95676373.0,66.37,38,49,77.55,1883911.0,94,94,0,,8.0,94.0,95676373.0,MS RAMESH CHANDRA PATEL,94.41,89.18,1.06,0.0,15.0,38.0,1.5645612650816425,4.0,39.47,100.0,0.0,1.0,1.0,0.0,0.0,1.9690451685496064,38,60.3,46.3,51.9,Medium,Vendor concentration is high (HHI=89); top vendor 'MS RAMESH CHANDRA PATEL' handles 94% of spend. | Almost none of the completed works have received citizen/beneficiary feedback ratings. | 4 completed works cost far above the average for their work category (statistical outliers).,Check whether the dominant vendor was selected through fair/competitive process across multiple works. | Compare quoted cost of outlier works with category benchmark / schedule of rates (SOR). | Cross-check beneficiary feedback mechanism / conduct spot citizen verification.
S SUPONGMEREN JAMIR,NAGALAND,Nagaland,Lok Sabha,147000000.0,147000000.0,138150000.0,100.0,38,56,67.86,8850000.0,81,81,0,,50.0,81.0,138150000.0,Imlichuba,13.68,7.18,87.65,0.0,0.0,38.0,1.7493511493851601,7.0,57.89,100.0,94.74,6.0,6.0,0.0,32.14,6.406080347448426,44,48.3,53.7,51.5,Medium,Almost none of the completed works have received citizen/beneficiary feedback ratings. | 95% of completed works are billed in suspiciously round figures. | 7 completed works cost far above the average for their work category (statistical outliers). | The same work description text is reused 6 times. | The exact same rupee amount appears on 6 separate completed works.,Ask for itemised cost estimates/bills rather than lump-sum round amounts. | Check for templated/cookie-cutter billing rather than work-specific costing. | Compare quoted cost of outlier works with category benchmark / schedule of rates (SOR). | Cross-check beneficiary feedback mechanism / conduct spot citizen verification. | Verify these are genuinely distinct works and not duplicate/split entries.
Shri Amar Pal Maurya (2024-30),Sitting Rajya Sabha,Uttar Pradesh,Rajya Sabha,147000000.0,96524000.0,26365566.0,65.66,18,138,13.04,70158434.0,33,30,3,,13.0,33.0,26365566.0,NARAYAN MARBLES,22.14,13.48,3.03,9.09,2.0,18.0,0.24528910324703423,0.0,61.11,100.0,0.0,8.0,11.0,9.090909090909092,52.62,266.09872133979604,64,11.4,78.0,51.4,Medium,Funds utilization (66%) is far ahead of physical completion (13%) — a gap of 53 points. | 61% of completed works have no geo/photo evidence uploaded. | Almost none of the completed works have received citizen/beneficiary feedback ratings. | The same work description text is reused 8 times. | The exact same rupee amount appears on 11 separate completed works. | 266% of expenditure is still an unpaid balance to vendors.,Check for templated/cookie-cutter billing rather than work-specific costing. | Confirm vendor payment schedule and reasons for outstanding dues. | Cross-check beneficiary feedback mechanism / conduct spot citizen verification. | Request site photographs / geo-tagged images for works missing visual evidence. | Verify that advance/interim payments correspond to actual physical progress on site. | Verify these are genuinely distinct works and not duplicate/split entries.
E. TUKARAM,BELLARY,Karnataka,Lok Sabha,147000000.0,98000000.0,19971722.0,66.67,2,91,2.2,78028278.0,34,25,9,,6.0,34.0,19971722.0,Bellary Nirmithi Kendra Bellary,51.87,35.59,26.47,26.47,6.0,2.0,-0.048867823831204305,0.0,100.0,100.0,0.0,1.0,2.0,26.47058823529412,64.47,390.69379195244153,42,51.0,51.2,51.1,Medium,Funds utilization (67%) is far ahead of physical completion (2%) — a gap of 64 points. | 26% of payment transactions are still pending. | 391% of expenditure is still an unpaid balance to vendors.,Confirm vendor payment schedule and reasons for outstanding dues. | Review pending-payment vendor invoices for delay reasons and documentation completeness. | Verify that advance/interim payments correspond to actual physical progress on site.
Vijay Baghel,DURG,Chhattisgarh,Lok Sabha,147000000.0,120691956.0,58735103.0,82.1,70,218,32.11,61956853.0,249,243,6,,86.0,249.0,58735103.0,ARHAM CONSTRUCTION,8.31,2.3,76.71,2.41,18.0,70.0,-0.2251200756290115,0.0,1.43,100.0,81.43,28.0,40.0,2.4096385542168677,49.989999999999995,105.4852206524606,62,14.4,75.6,51.1,Medium,Funds utilization (82%) is far ahead of physical completion (32%) — a gap of 50 points. | Almost none of the completed works have received citizen/beneficiary feedback ratings. | 81% of completed works are billed in suspiciously round figures. | The same work description text is reused 28 times. | The exact same rupee amount appears on 40 separate completed works. | 105% of expenditure is still an unpaid balance to vendors.,Ask for itemised cost estimates/bills rather than lump-sum round amounts. | Check for templated/cookie-cutter billing rather than work-specific costing. | Confirm vendor payment schedule and reasons for outstanding dues. | Cross-check beneficiary feedback mechanism / conduct spot citizen verification. | Verify that advance/interim payments correspond to actual physical progress on site. | Verify these are genuinely distinct works and not duplicate/split entries.
Prof. Manoj Kumar Jha (2024-30),Sitting Rajya Sabha,Bihar,Rajya Sabha,191620112.11,160811994.0,87200986.0,83.92,110,176,62.5,73611008.0,111,111,0,,4.0,111.0,87200986.0,GRAND TRADING COMPANY,46.36,41.65,42.34,0.0,14.0,110.0,0.23265322022060447,0.0,86.36,100.0,0.0,1.0,58.0,0.0,21.42,84.41533906508809,54,28.8,65.9,51.1,Medium,Vendor concentration is high (HHI=42); top vendor 'GRAND TRADING COMPANY' handles 46% of spend. | 86% of completed works have no geo/photo evidence uploaded. | Almost none of the completed works have received citizen/beneficiary feedback ratings. | The exact same rupee amount appears on 58 separate completed works. | 84% of expenditure is still an unpaid balance to vendors.,Check for templated/cookie-cutter billing rather than work-specific costing. | Check whether the dominant vendor was selected through fair/competitive process across multiple works. | Confirm vendor payment schedule and reasons for outstanding dues. | Cross-check beneficiary feedback mechanism / conduct spot citizen verification. | Request site photographs / geo-tagged images for works missing visual evidence.
Devusinh Jesingbhai Chauhan,KHEDA,Gujarat,Lok Sabha,147000000.0,132058971.0,56282548.0,89.84,247,674,36.65,75776423.0,302,292,10,,145.0,302.0,56282548.0,BHUVALDI GRAM PANCHAYAT,2.75,1.07,59.93,3.31,59.0,247.0,-0.3590520441410134,0.0,57.49,100.0,56.28,1.0,39.0,3.3112582781456954,53.190000000000005,134.635736463104,54,28.5,65.9,50.9,Medium,Funds utilization (90%) is far ahead of physical completion (37%) — a gap of 53 points. | Almost none of the completed works have received citizen/beneficiary feedback ratings. | 56% of completed works are billed in suspiciously round figures. | The exact same rupee amount appears on 39 separate completed works. | 135% of expenditure is still an unpaid balance to vendors.,Ask for itemised cost estimates/bills rather than lump-sum round amounts. | Check for templated/cookie-cutter billing rather than work-specific costing. | Confirm vendor payment schedule and reasons for outstanding dues. | Cross-check beneficiary feedback mechanism / conduct spot citizen verification. | Verify that advance/interim payments correspond to actual physical progress on site.
Dinesh Chandra Yadav,MADHEPURA,Bihar,Lok Sabha,150070866.11,129988231.0,92486814.0,86.62,105,156,67.31,37501417.0,113,113,0,,8.0,113.0,92486814.0,GRAND TRADING COMPANY,61.04,47.87,0.0,0.0,10.0,105.0,0.28146650677402335,0.0,65.71,100.0,0.0,1.0,80.0,0.0,19.310000000000002,40.547852583612624,54,27.5,65.9,50.5,Medium,Vendor concentration is high (HHI=48); top vendor 'GRAND TRADING COMPANY' handles 61% of spend. | 66% of completed works have no geo/photo evidence uploaded. | Almost none of the completed works have received citizen/beneficiary feedback ratings. | The exact same rupee amount appears on 80 separate completed works. | 41% of expenditure is still an unpaid balance to vendors.,Check for templated/cookie-cutter billing rather than work-specific costing. | Check whether the dominant vendor was selected through fair/competitive process across multiple works. | Confirm vendor payment schedule and reasons for outstanding dues. | Cross-check beneficiary feedback mechanism / conduct spot citizen verification. | Request site photographs / geo-tagged images for works missing visual evidence.
Shri Samirul Islam (2023-29),Sitting Rajya Sabha,West Bengal,Rajya Sabha,171500000.0,121458527.0,71238651.0,70.82,0,57,0.0,50219876.0,17,17,0,,7.0,17.0,71238651.0,KHIVRAJ MOTORS,51.77,43.67,0.0,0.0,0.0,0.0,0.0,0.0,0.0,0.0,0.0,0.0,0.0,0.0,70.82,70.49526527390306,48,38.6,58.5,50.5,Medium,Funds utilization (71%) is far ahead of physical completion (0%) — a gap of 71 points. | Vendor concentration is high (HHI=44); top vendor 'KHIVRAJ MOTORS' handles 52% of spend. | 70% of expenditure is still an unpaid balance to vendors.,Check whether the dominant vendor was selected through fair/competitive process across multiple works. | Confirm vendor payment schedule and reasons for outstanding dues. | Verify that advance/interim payments correspond to actual physical progress on site.
Smt Aparajita Sarangi,BHUBANESWAR,Odisha,Lok Sabha,147420861.41,101650000.0,32303960.0,68.95,47,277,16.97,69346040.0,229,211,18,,40.0,229.0,32303960.0,Subhasmita Sahoo,13.18,6.01,20.52,7.86,37.0,47.0,-0.2939959783134893,0.0,29.79,100.0,97.87,1.0,34.0,7.860262008733625,51.980000000000004,214.66730394663688,54,27.5,65.9,50.5,Medium,Funds utilization (69%) is far ahead of physical completion (17%) — a gap of 52 points. | Almost none of the completed works have received citizen/beneficiary feedback ratings. | 98% of completed works are billed in suspiciously round figures. | The exact same rupee amount appears on 34 separate completed works. | 215% of expenditure is still an unpaid balance to vendors.,Ask for itemised cost estimates/bills rather than lump-sum round amounts. | Check for templated/cookie-cutter billing rather than work-specific costing. | Confirm vendor payment schedule and reasons for outstanding dues. | Cross-check beneficiary feedback mechanism / conduct spot citizen verification. | Verify that advance/interim payments correspond to actual physical progress on site.
DR. HEMANT VISHNU SAVARA,PALGHAR,Maharashtra,Lok Sabha,147000000.0,81749000.0,12275200.0,55.61,1,85,1.18,69473800.0,15,11,4,,11.0,15.0,12275200.0,TEERTHRAJ VISHWANATH PATIL,15.27,9.65,0.0,26.67,3.0,1.0,0.43780331759711544,0.0,100.0,100.0,0.0,1.0,1.0,26.666666666666668,54.43,565.968782586027,42,49.1,51.2,50.4,Medium,Funds utilization (56%) is far ahead of physical completion (1%) — a gap of 54 points. | 27% of payment transactions are still pending. | 566% of expenditure is still an unpaid balance to vendors.,Confirm vendor payment schedule and reasons for outstanding dues. | Review pending-payment vendor invoices for delay reasons and documentation completeness. | Verify that advance/interim payments correspond to actual physical progress on site.
UJJWAL RAMAN SINGH,ALLAHABAD,Uttar Pradesh,Lok Sabha,147000000.0,97921663.0,64478327.0,66.61,3,31,9.68,33443336.0,67,61,6,,19.0,67.0,64478327.0,MS VIDYARTHI CONSTRUCTION,28.47,16.65,0.0,8.96,14.0,3.0,7.443746092449859,3.0,0.0,100.0,0.0,1.0,1.0,8.955223880597014,56.93,51.86756163819201,50,34.3,61.0,50.3,Medium,Funds utilization (67%) is far ahead of physical completion (10%) — a gap of 57 points. | Almost none of the completed works have received citizen/beneficiary feedback ratings. | 3 completed works cost far above the average for their work category (statistical outliers). | 52% of expenditure is still an unpaid balance to vendors.,Compare quoted cost of outlier works with category benchmark / schedule of rates (SOR). | Confirm vendor payment schedule and reasons for outstanding dues. | Cross-check beneficiary feedback mechanism / conduct spot citizen verification. | Verify that advance/interim payments correspond to actual physical progress on site.
NABA CHARAN MAJHI,MAYURBHANJ,Odisha,Lok Sabha,147563957.11,132300000.0,34922207.0,89.66,27,220,12.27,97377793.0,77,76,1,,42.0,77.0,34922207.0,SANSKRUTI ASSOCIATES PVT LTD,17.16,6.01,64.94,1.3,9.0,27.0,-0.032871319104025784,0.0,44.44,100.0,92.59,1.0,16.0,1.2987012987012987,77.39,278.8420359572349,54,27.0,65.9,50.3,Medium,Funds utilization (90%) is far ahead of physical completion (12%) — a gap of 77 points. | Almost none of the completed works have received citizen/beneficiary feedback ratings. | 93% of completed works are billed in suspiciously round figures. | The exact same rupee amount appears on 16 separate completed works. | 279% of expenditure is still an unpaid balance to vendors.,Ask for itemised cost estimates/bills rather than lump-sum round amounts. | Check for templated/cookie-cutter billing rather than work-specific costing. | Confirm vendor payment schedule and reasons for outstanding dues. | Cross-check beneficiary feedback mechanism / conduct spot citizen verification. | Verify that advance/interim payments correspond to actual physical progress on site.
Shri Amar Singh,FATEHGARH SAHIB,Punjab,Lok Sabha,147000000.0,112428591.0,43758588.0,76.48,61,351,17.38,68670003.0,533,523,10,,230.0,533.0,43758588.0,Bristo Security System,4.56,1.52,6.75,1.88,87.0,61.0,-0.2617808238666967,0.0,36.07,100.0,49.18,6.0,10.0,1.876172607879925,59.10000000000001,156.92920210313918,54,26.7,65.9,50.2,Medium,Funds utilization (76%) is far ahead of physical completion (17%) — a gap of 59 points. | Almost none of the completed works have received citizen/beneficiary feedback ratings. | The same work description text is reused 6 times. | The exact same rupee amount appears on 10 separate completed works. | 157% of expenditure is still an unpaid balance to vendors.,Check for templated/cookie-cutter billing rather than work-specific costing. | Confirm vendor payment schedule and reasons for outstanding dues. | Cross-check beneficiary feedback mechanism / conduct spot citizen verification. | Verify that advance/interim payments correspond to actual physical progress on site. | Verify these are genuinely distinct works and not duplicate/split entries.
RAJPALSINH MAHENDRASINH JADAV,PANCHMAHAL,Gujarat,Lok Sabha,147000000.0,110209464.0,26559049.0,74.97,91,539,16.88,83650415.0,129,110,19,,110.0,129.0,26559049.0,RAJ TRADING,3.01,1.27,68.22,14.73,9.0,91.0,-0.33379315836009993,0.0,19.78,100.0,72.53,1.0,34.0,14.728682170542637,58.09,314.9601290317285,54,26.7,65.9,50.2,Medium,Funds utilization (75%) is far ahead of physical completion (17%) — a gap of 58 points. | Almost none of the completed works have received citizen/beneficiary feedback ratings. | 73% of completed works are billed in suspiciously round figures. | The exact same rupee amount appears on 34 separate completed works. | 315% of expenditure is still an unpaid balance to vendors.,Ask for itemised cost estimates/bills rather than lump-sum round amounts. | Check for templated/cookie-cutter billing rather than work-specific costing. | Confirm vendor payment schedule and reasons for outstanding dues. | Cross-check beneficiary feedback mechanism / conduct spot citizen verification. | Verify that advance/interim payments correspond to actual physical progress on site.
Smt. Sumitra Balmik (2022-28),Sitting Rajya Sabha,Madhya Pradesh,Rajya Sabha,196063957.11,184137783.0,163767349.0,93.92,62,177,35.03,20370434.0,419,419,0,,128.0,419.0,163767349.0,MS MANMOHAN SINGH KSHATRI,6.07,1.92,29.12,0.0,61.0,62.0,0.6616113302060811,2.0,17.74,100.0,38.71,7.0,12.0,0.0,58.89,12.438641844290952,56,22.8,68.3,50.1,Medium,Funds utilization (94%) is far ahead of physical completion (35%) — a gap of 59 points. | Almost none of the completed works have received citizen/beneficiary feedback ratings. | 2 completed works cost far above the average for their work category (statistical outliers). | The same work description text is reused 7 times. | The exact same rupee amount appears on 12 separate completed works.,Check for templated/cookie-cutter billing rather than work-specific costing. | Compare quoted cost of outlier works with category benchmark / schedule of rates (SOR). | Cross-check beneficiary feedback mechanism / conduct spot citizen verification. | Verify that advance/interim payments correspond to actual physical progress on site. | Verify these are genuinely distinct works and not duplicate/split entries.
Vinod Chavda,KACHCHH,Gujarat,Lok Sabha,147000000.0,145391050.0,51201603.0,98.91,98,363,27.0,94189447.0,127,119,8,,107.0,127.0,51201603.0,N K ENGINEERING,7.01,1.47,82.68,6.3,8.0,98.0,-0.13131743566133608,0.0,27.55,100.0,83.67,1.0,44.0,6.299212598425196,71.91,183.95800420545427,54,26.2,65.9,50.0,Medium,Funds utilization (99%) is far ahead of physical completion (27%) — a gap of 72 points. | Almost none of the completed works have received citizen/beneficiary feedback ratings. | 84% of completed works are billed in suspiciously round figures. | The exact same rupee amount appears on 44 separate completed works. | 184% of expenditure is still an unpaid balance to vendors.,Ask for itemised cost estimates/bills rather than lump-sum round amounts. | Check for templated/cookie-cutter billing rather than work-specific costing. | Confirm vendor payment schedule and reasons for outstanding dues. | Cross-check beneficiary feedback mechanism / conduct spot citizen verification. | Verify that advance/interim payments correspond to actual physical progress on site.
SANJAY DINA PATIL,MUMBAI NORTH EAST,Maharashtra,Lok Sabha,147000000.0,87500000.0,5955517.0,59.52,0,40,0.0,81544483.0,3,2,1,,2.0,3.0,5955517.0,anurag urban tecinfra pvt ltd,73.81,61.34,0.0,33.33,1.0,0.0,0.0,0.0,0.0,0.0,0.0,0.0,0.0,33.33333333333333,59.52,1369.2259295036854,30,70.0,36.6,50.0,Medium,Funds utilization (60%) is far ahead of physical completion (0%) — a gap of 60 points. | 1369% of expenditure is still an unpaid balance to vendors.,Confirm vendor payment schedule and reasons for outstanding dues. | Verify that advance/interim payments correspond to actual physical progress on site.
PRADEEP PUROHIT,BARGARH,Odisha,Lok Sabha,147000000.0,127137900.0,31249878.0,86.49,42,318,13.21,95888022.0,113,110,3,,50.0,113.0,31249878.0,BISHOK PATEL,9.22,3.23,57.52,2.65,11.0,42.0,-0.23099482965550663,0.0,23.81,100.0,95.24,1.0,16.0,2.6548672566371683,73.28,306.8428683145579,54,26.2,65.9,50.0,Medium,Funds utilization (86%) is far ahead of physical completion (13%) — a gap of 73 points. | Almost none of the completed works have received citizen/beneficiary feedback ratings. | 95% of completed works are billed in suspiciously round figures. | The exact same rupee amount appears on 16 separate completed works. | 307% of expenditure is still an unpaid balance to vendors.,Ask for itemised cost estimates/bills rather than lump-sum round amounts. | Check for templated/cookie-cutter billing rather than work-specific costing. | Confirm vendor payment schedule and reasons for outstanding dues. | Cross-check beneficiary feedback mechanism / conduct spot citizen verification. | Verify that advance/interim payments correspond to actual physical progress on site.
Smt. Sagarika Ghose (2024-30),Sitting Rajya Sabha,West Bengal,Rajya Sabha,147000000.0,97500000.0,47289873.0,66.33,0,13,0.0,50210127.0,16,16,0,,6.0,16.0,47289873.0,KHIVRAJ MOTORS,53.36,45.34,0.0,0.0,0.0,0.0,0.0,0.0,0.0,0.0,0.0,0.0,0.0,0.0,66.33,106.17522064396326,48,37.3,58.5,50.0,Medium,Funds utilization (66%) is far ahead of physical completion (0%) — a gap of 66 points. | Vendor concentration is high (HHI=45); top vendor 'KHIVRAJ MOTORS' handles 53% of spend. | 106% of expenditure is still an unpaid balance to vendors.,Check whether the dominant vendor was selected through fair/competitive process across multiple works. | Confirm vendor payment schedule and reasons for outstanding dues. | Verify that advance/interim payments correspond to actual physical progress on site.
Kangana Ranaut,MANDI,Himachal Pradesh,Lok Sabha,147000000.0,94241903.0,56986009.0,64.11,73,316,23.1,37255894.0,395,328,67,,243.0,395.0,56986009.0,Block Development  Office Rampur  Lok Sabha,11.41,2.24,76.96,16.96,36.0,73.0,-0.27611864323513324,0.0,13.7,100.0,69.86,1.0,21.0,16.962025316455694,41.01,65.37726479494292,54,26.0,65.9,49.9,Medium,Funds utilization (64%) is far ahead of physical completion (23%) — a gap of 41 points. | Almost none of the completed works have received citizen/beneficiary feedback ratings. | 70% of completed works are billed in suspiciously round figures. | The exact same rupee amount appears on 21 separate completed works. | 65% of expenditure is still an unpaid balance to vendors.,Ask for itemised cost estimates/bills rather than lump-sum round amounts. | Check for templated/cookie-cutter billing rather than work-specific costing. | Confirm vendor payment schedule and reasons for outstanding dues. | Cross-check beneficiary feedback mechanism / conduct spot citizen verification. | Verify that advance/interim payments correspond to actual physical progress on site.
JAI PARKASH,HISAR,Haryana,Lok Sabha,147000000.0,146353469.0,73212356.0,99.56,68,444,15.32,73141113.0,357,330,27,,71.0,357.0,73212356.0,XEN City DHBVN Bhiwani,18.98,7.84,1.68,7.56,43.0,68.0,-0.29011296657398156,0.0,94.12,100.0,2.94,1.0,1.0,7.563025210084033,84.24000000000001,99.90268992299606,48,36.8,58.5,49.8,Medium,Funds utilization (100%) is far ahead of physical completion (15%) — a gap of 84 points. | 94% of completed works have no geo/photo evidence uploaded. | Almost none of the completed works have received citizen/beneficiary feedback ratings. | 100% of expenditure is still an unpaid balance to vendors.,Confirm vendor payment schedule and reasons for outstanding dues. | Cross-check beneficiary feedback mechanism / conduct spot citizen verification. | Request site photographs / geo-tagged images for works missing visual evidence. | Verify that advance/interim payments correspond to actual physical progress on site.
Shri Derek O' Brien (2023-29),Sitting Rajya Sabha,West Bengal,Rajya Sabha,171500000.0,122271928.0,70787264.0,71.3,0,35,0.0,51484664.0,16,16,0,,6.0,16.0,70787264.0,KHIVRAJ MOTORS,46.62,40.98,0.0,0.0,0.0,0.0,0.0,0.0,0.0,0.0,0.0,0.0,0.0,0.0,71.3,72.73153543552692,48,36.7,58.5,49.8,Medium,Funds utilization (71%) is far ahead of physical completion (0%) — a gap of 71 points. | Vendor concentration is high (HHI=41); top vendor 'KHIVRAJ MOTORS' handles 47% of spend. | 73% of expenditure is still an unpaid balance to vendors.,Check whether the dominant vendor was selected through fair/competitive process across multiple works. | Confirm vendor payment schedule and reasons for outstanding dues. | Verify that advance/interim payments correspond to actual physical progress on site.
Smt Sandhya Ray,BHIND,Madhya Pradesh,Lok Sabha,147000000.0,69667619.0,25218035.0,47.39,61,129,47.29,44449584.0,158,158,0,,2.0,158.0,25218035.0,MP STATE AGRO INDUSTRIES DEV CORP LTD,66.0,55.12,0.0,0.0,6.0,61.0,-0.3371533161991548,0.0,0.0,100.0,0.0,38.0,61.0,0.0,0.10000000000000142,176.26109250780243,52,29.3,63.4,49.8,Medium,Vendor concentration is high (HHI=55); top vendor 'MP STATE AGRO INDUSTRIES DEV CORP LTD' handles 66% of spend. | Almost none of the completed works have received citizen/beneficiary feedback ratings. | The same work description text is reused 38 times. | The exact same rupee amount appears on 61 separate completed works. | 176% of expenditure is still an unpaid balance to vendors.,Check for templated/cookie-cutter billing rather than work-specific costing. | Check whether the dominant vendor was selected through fair/competitive process across multiple works. | Confirm vendor payment schedule and reasons for outstanding dues. | Cross-check beneficiary feedback mechanism / conduct spot citizen verification. | Verify these are genuinely distinct works and not duplicate/split entries.
Shri Balyogi Umeshnath (2024-30),Sitting Rajya Sabha,Madhya Pradesh,Rajya Sabha,147000000.0,86195980.0,42047000.0,58.64,11,80,13.75,44148980.0,84,80,4,,52.0,84.0,42047000.0,GP ANANDIPURA A,4.76,2.46,98.81,4.76,1.0,11.0,0.17481285204490246,0.0,0.0,100.0,100.0,1.0,5.0,4.761904761904762,44.89,104.99912003234475,54,25.4,65.9,49.7,Medium,Funds utilization (59%) is far ahead of physical completion (14%) — a gap of 45 points. | Almost none of the completed works have received citizen/beneficiary feedback ratings. | 100% of completed works are billed in suspiciously round figures. | The exact same rupee amount appears on 5 separate completed works. | 105% of expenditure is still an unpaid balance to vendors.,Ask for itemised cost estimates/bills rather than lump-sum round amounts. | Check for templated/cookie-cutter billing rather than work-specific costing. | Confirm vendor payment schedule and reasons for outstanding dues. | Cross-check beneficiary feedback mechanism / conduct spot citizen verification. | Verify that advance/interim payments correspond to actual physical progress on site.
SARABJEET SINGH KHALSA,FARIDKOT,Punjab,Lok Sabha,150850348.15,122584450.0,95470473.0,81.26,227,538,42.19,27113977.0,712,702,10,,177.0,712.0,95470473.0,GILL TRADING COMPANY,20.62,7.04,44.66,1.4,140.0,227.0,-0.3182034127497085,0.0,74.89,100.0,80.62,34.0,68.0,1.4044943820224718,39.07000000000001,28.4003798745189,42,47.4,51.2,49.7,Medium,75% of completed works have no geo/photo evidence uploaded. | Almost none of the completed works have received citizen/beneficiary feedback ratings. | 81% of completed works are billed in suspiciously round figures. | The same work description text is reused 34 times. | The exact same rupee amount appears on 68 separate completed works.,Ask for itemised cost estimates/bills rather than lump-sum round amounts. | Check for templated/cookie-cutter billing rather than work-specific costing. | Cross-check beneficiary feedback mechanism / conduct spot citizen verification. | Request site photographs / geo-tagged images for works missing visual evidence. | Verify these are genuinely distinct works and not duplicate/split entries.
Gumma Thanuja Rani,ARAKU,Andhra Pradesh,Lok Sabha,149458905.11,106480215.0,74148372.0,71.24,28,138,20.29,32331843.0,92,86,6,,30.0,92.0,74148372.0,SRI SAI LAKSHMI CONSTRUCTIONS,19.25,9.23,2.17,6.52,21.0,28.0,0.842521153131644,4.0,0.0,100.0,0.0,5.0,5.0,6.521739130434782,50.949999999999996,43.60425202592445,66,3.1,80.5,49.5,Medium,Funds utilization (71%) is far ahead of physical completion (20%) — a gap of 51 points. | Almost none of the completed works have received citizen/beneficiary feedback ratings. | 4 completed works cost far above the average for their work category (statistical outliers). | The same work description text is reused 5 times. | The exact same rupee amount appears on 5 separate completed works. | 44% of expenditure is still an unpaid balance to vendors.,Check for templated/cookie-cutter billing rather than work-specific costing. | Compare quoted cost of outlier works with category benchmark / schedule of rates (SOR). | Confirm vendor payment schedule and reasons for outstanding dues. | Cross-check beneficiary feedback mechanism / conduct spot citizen verification. | Verify that advance/interim payments correspond to actual physical progress on site. | Verify these are genuinely distinct works and not duplicate/split entries.
BALYA MAMA SURESH GOPINATH MHATRE,BHIWANDI,Maharashtra,Lok Sabha,147000000.0,146794506.0,61343128.0,99.86,11,164,6.71,85451378.0,75,70,5,,35.0,75.0,61343128.0,Hindustan Enterprises,18.56,7.4,2.67,6.67,17.0,11.0,0.4807518963666501,0.0,81.82,100.0,9.09,1.0,3.0,6.666666666666667,93.15,139.30065320438175,48,36.1,58.5,49.5,Medium,Funds utilization (100%) is far ahead of physical completion (7%) — a gap of 93 points. | 82% of completed works have no geo/photo evidence uploaded. | Almost none of the completed works have received citizen/beneficiary feedback ratings. | 139% of expenditure is still an unpaid balance to vendors.,Confirm vendor payment schedule and reasons for outstanding dues. | Cross-check beneficiary feedback mechanism / conduct spot citizen verification. | Request site photographs / geo-tagged images for works missing visual evidence. | Verify that advance/interim payments correspond to actual physical progress on site.
MUHAMMED HAMDULLAH SAYEED,LAKSHADWEEP,Lakshadweep,Lok Sabha,153942460.41,92492350.0,39337535.0,60.08,2,28,7.14,53154815.0,20,20,0,,18.0,20.0,39337535.0,The Mananging Director Kerala Medical Service Coporation Ltd,82.78,68.95,10.0,0.0,2.0,2.0,0.2666086056962643,0.0,50.0,100.0,0.0,1.0,1.0,0.0,52.94,135.12492585008187,48,35.5,58.5,49.3,Medium,Funds utilization (60%) is far ahead of physical completion (7%) — a gap of 53 points. | Vendor concentration is high (HHI=69); top vendor 'The Mananging Director Kerala Medical Service Coporation Ltd' handles 83% of spend. | 135% of expenditure is still an unpaid balance to vendors.,Check whether the dominant vendor was selected through fair/competitive process across multiple works. | Confirm vendor payment schedule and reasons for outstanding dues. | Verify that advance/interim payments correspond to actual physical progress on site.
Dr. Sasmit Patra (2022-28),Sitting Rajya Sabha,Odisha,Rajya Sabha,196063957.11,152627195.0,31000333.0,77.85,44,305,14.43,121626862.0,123,121,2,,77.0,123.0,31000333.0,TAPASWINI MOHAPATRA,5.46,2.46,34.96,1.63,7.0,44.0,-0.03520513651343627,0.0,11.36,100.0,95.45,1.0,16.0,1.6260162601626018,63.419999999999995,392.340501632676,54,23.9,65.9,49.1,Medium,Funds utilization (78%) is far ahead of physical completion (14%) — a gap of 63 points. | Almost none of the completed works have received citizen/beneficiary feedback ratings. | 95% of completed works are billed in suspiciously round figures. | The exact same rupee amount appears on 16 separate completed works. | 392% of expenditure is still an unpaid balance to vendors.,Ask for itemised cost estimates/bills rather than lump-sum round amounts. | Check for templated/cookie-cutter billing rather than work-specific costing. | Confirm vendor payment schedule and reasons for outstanding dues. | Cross-check beneficiary feedback mechanism / conduct spot citizen verification. | Verify that advance/interim payments correspond to actual physical progress on site.
Shri Ramji Lal Suman (2024-30),Sitting Rajya Sabha,Uttar Pradesh,Rajya Sabha,147000000.0,146806953.0,93005621.0,99.87,29,93,31.18,53801332.0,120,120,0,,4.0,120.0,93005621.0,ASHOK KUMAR,42.25,34.62,0.0,0.0,29.0,29.0,1.1016815756701974,0.0,100.0,100.0,0.0,1.0,2.0,0.0,68.69,57.84739827714284,48,34.9,58.5,49.1,Medium,Funds utilization (100%) is far ahead of physical completion (31%) — a gap of 69 points. | 100% of completed works have no geo/photo evidence uploaded. | Almost none of the completed works have received citizen/beneficiary feedback ratings. | 58% of expenditure is still an unpaid balance to vendors.,Confirm vendor payment schedule and reasons for outstanding dues. | Cross-check beneficiary feedback mechanism / conduct spot citizen verification. | Request site photographs / geo-tagged images for works missing visual evidence. | Verify that advance/interim payments correspond to actual physical progress on site.
RABINDRA NARAYAN BEHERA,JAJPUR,Odisha,Lok Sabha,147064617.11,91739853.0,9146086.0,62.38,3,203,1.48,82593767.0,41,41,0,,26.0,41.0,9146086.0,GITASHREE BEHERA,8.75,5.38,26.83,0.0,3.0,3.0,-0.4381292166719941,0.0,0.0,100.0,100.0,1.0,2.0,0.0,60.900000000000006,903.0504086666143,46,38.7,56.1,49.1,Medium,Funds utilization (62%) is far ahead of physical completion (1%) — a gap of 61 points. | Almost none of the completed works have received citizen/beneficiary feedback ratings. | 100% of completed works are billed in suspiciously round figures. | 903% of expenditure is still an unpaid balance to vendors.,Ask for itemised cost estimates/bills rather than lump-sum round amounts. | Confirm vendor payment schedule and reasons for outstanding dues. | Cross-check beneficiary feedback mechanism / conduct spot citizen verification. | Verify that advance/interim payments correspond to actual physical progress on site.
PRAVEEN PATEL,PHULPUR,Uttar Pradesh,Lok Sabha,151559884.09,98136533.0,95102075.0,64.75,14,24,58.33,3034458.0,37,35,2,,6.0,37.0,95102075.0,Sunny Enterprises,65.21,47.79,0.0,5.41,5.0,14.0,2.9994367966230597,5.0,7.14,100.0,0.0,1.0,6.0,5.405405405405405,6.420000000000002,3.190737951827024,46,38.0,56.1,48.9,Medium,Vendor concentration is high (HHI=48); top vendor 'Sunny Enterprises' handles 65% of spend. | Almost none of the completed works have received citizen/beneficiary feedback ratings. | 5 completed works cost far above the average for their work category (statistical outliers). | The exact same rupee amount appears on 6 separate completed works.,Check for templated/cookie-cutter billing rather than work-specific costing. | Check whether the dominant vendor was selected through fair/competitive process across multiple works. | Compare quoted cost of outlier works with category benchmark / schedule of rates (SOR). | Cross-check beneficiary feedback mechanism / conduct spot citizen verification.
BALABHADRA MAJHI,NABARANGPUR,Odisha,Lok Sabha,147413962.11,97946556.0,15470212.0,66.44,20,220,9.09,82476344.0,129,129,0,,57.0,129.0,15470212.0,PRDEEPTA KUMAR PANDA,16.16,5.99,13.95,0.0,11.0,20.0,-0.15576473824996606,0.0,30.0,100.0,85.0,1.0,8.0,0.0,57.349999999999994,533.1300178691798,54,23.2,65.9,48.8,Medium,Funds utilization (66%) is far ahead of physical completion (9%) — a gap of 57 points. | Almost none of the completed works have received citizen/beneficiary feedback ratings. | 85% of completed works are billed in suspiciously round figures. | The exact same rupee amount appears on 8 separate completed works. | 533% of expenditure is still an unpaid balance to vendors.,Ask for itemised cost estimates/bills rather than lump-sum round amounts. | Check for templated/cookie-cutter billing rather than work-specific costing. | Confirm vendor payment schedule and reasons for outstanding dues. | Cross-check beneficiary feedback mechanism / conduct spot citizen verification. | Verify that advance/interim payments correspond to actual physical progress on site.
ADV GOWAAL KAGADA PADAVI,NANDURBAR,Maharashtra,Lok Sabha,147816309.11,88135530.0,32041066.0,59.63,189,279,67.74,56094464.0,189,189,0,,3.0,189.0,32041066.0,SWAMI POWERTECH,57.67,43.17,0.0,0.0,9.0,189.0,-0.36658644040395816,0.0,0.0,100.0,0.0,66.0,104.0,0.0,0.0,175.0705298007251,52,26.7,63.4,48.7,Medium,Vendor concentration is high (HHI=43); top vendor 'SWAMI POWERTECH' handles 58% of spend. | Almost none of the completed works have received citizen/beneficiary feedback ratings. | The same work description text is reused 66 times. | The exact same rupee amount appears on 104 separate completed works. | 175% of expenditure is still an unpaid balance to vendors.,Check for templated/cookie-cutter billing rather than work-specific costing. | Check whether the dominant vendor was selected through fair/competitive process across multiple works. | Confirm vendor payment schedule and reasons for outstanding dues. | Cross-check beneficiary feedback mechanism / conduct spot citizen verification. | Verify these are genuinely distinct works and not duplicate/split entries.
Lavu Sri Krishna Devarayalu,NARASARAOPET,Andhra Pradesh,Lok Sabha,174009663.11,73620228.0,2402685.0,42.31,1,131,0.76,71217543.0,4,4,0,,4.0,4.0,2402685.0,ASHOK CONSTRUCTIONS,66.59,48.64,0.0,0.0,0.0,1.0,1.0332479943848207,0.0,100.0,100.0,0.0,1.0,1.0,0.0,41.550000000000004,2964.0815587561415,30,66.9,36.6,48.7,Medium,Funds utilization (42%) is far ahead of physical completion (1%) — a gap of 42 points. | 2964% of expenditure is still an unpaid balance to vendors.,Confirm vendor payment schedule and reasons for outstanding dues. | Verify that advance/interim payments correspond to actual physical progress on site.
DEVESH SHAKYA,ETAH,Uttar Pradesh,Lok Sabha,147000000.0,98064205.0,81351075.0,66.71,220,339,64.9,16713130.0,581,581,0,,4.0,581.0,81351075.0,SOMYA CONSTRUCTION,60.33,45.08,0.0,0.0,21.0,220.0,-0.293557302917311,0.0,100.0,100.0,0.0,1.0,65.0,0.0,1.809999999999988,20.54444885946498,44,40.5,53.7,48.4,Medium,Vendor concentration is high (HHI=45); top vendor 'SOMYA CONSTRUCTION' handles 60% of spend. | 100% of completed works have no geo/photo evidence uploaded. | Almost none of the completed works have received citizen/beneficiary feedback ratings. | The exact same rupee amount appears on 65 separate completed works.,Check for templated/cookie-cutter billing rather than work-specific costing. | Check whether the dominant vendor was selected through fair/competitive process across multiple works. | Cross-check beneficiary feedback mechanism / conduct spot citizen verification. | Request site photographs / geo-tagged images for works missing visual evidence.
Shri Jaggesh (2022-28),Sitting Rajya Sabha,Karnataka,Rajya Sabha,196063957.11,195461585.0,130587101.0,99.69,126,208,60.58,64874484.0,166,166,0,,36.0,166.0,130587101.0,Rakesh N,22.91,12.07,9.04,0.0,35.0,126.0,0.3779494854438548,14.0,63.49,100.0,13.49,9.0,7.0,0.0,39.11,49.67909043328866,56,18.2,68.3,48.3,Medium,63% of completed works have no geo/photo evidence uploaded. | Almost none of the completed works have received citizen/beneficiary feedback ratings. | 14 completed works cost far above the average for their work category (statistical outliers). | The same work description text is reused 9 times. | The exact same rupee amount appears on 7 separate completed works. | 50% of expenditure is still an unpaid balance to vendors.,Check for templated/cookie-cutter billing rather than work-specific costing. | Compare quoted cost of outlier works with category benchmark / schedule of rates (SOR). | Confirm vendor payment schedule and reasons for outstanding dues. | Cross-check beneficiary feedback mechanism / conduct spot citizen verification. | Request site photographs / geo-tagged images for works missing visual evidence. | Verify these are genuinely distinct works and not duplicate/split entries.
SUDHAKAR SINGH,BUXAR,Bihar,Lok Sabha,185211956.54,184189494.0,124124191.0,99.45,98,204,48.04,60065303.0,177,176,1,,11.0,177.0,124124191.0,ASSISTANT ENGINEER RAMGARH,33.96,19.08,0.56,0.56,39.0,98.0,0.43136042465859176,1.0,70.41,100.0,0.0,2.0,7.0,0.5649717514124294,51.410000000000004,48.39129465101609,56,18.2,68.3,48.3,Medium,Funds utilization (99%) is far ahead of physical completion (48%) — a gap of 51 points. | 70% of completed works have no geo/photo evidence uploaded. | Almost none of the completed works have received citizen/beneficiary feedback ratings. | The exact same rupee amount appears on 7 separate completed works. | 48% of expenditure is still an unpaid balance to vendors.,Check for templated/cookie-cutter billing rather than work-specific costing. | Confirm vendor payment schedule and reasons for outstanding dues. | Cross-check beneficiary feedback mechanism / conduct spot citizen verification. | Request site photographs / geo-tagged images for works missing visual evidence. | Verify that advance/interim payments correspond to actual physical progress on site.
Shri G.C. Chandrashekhar (2024-30),Sitting Rajya Sabha,Karnataka,Rajya Sabha,147000000.0,116453370.0,69767504.0,79.22,65,200,32.5,46685866.0,149,146,3,,42.0,149.0,69767504.0,N G GANESH BABU,37.06,16.4,16.11,2.01,29.0,65.0,-0.03672979002522919,0.0,90.77,100.0,3.08,1.0,5.0,2.013422818791946,46.72,66.91634833317241,56,17.8,68.3,48.1,Medium,Funds utilization (79%) is far ahead of physical completion (32%) — a gap of 47 points. | 91% of completed works have no geo/photo evidence uploaded. | Almost none of the completed works have received citizen/beneficiary feedback ratings. | The exact same rupee amount appears on 5 separate completed works. | 67% of expenditure is still an unpaid balance to vendors.,Check for templated/cookie-cutter billing rather than work-specific costing. | Confirm vendor payment schedule and reasons for outstanding dues. | Cross-check beneficiary feedback mechanism / conduct spot citizen verification. | Request site photographs / geo-tagged images for works missing visual evidence. | Verify that advance/interim payments correspond to actual physical progress on site.
RADHAKRISHNA,GULBARGA,Karnataka,Lok Sabha,147000000.0,98000000.0,3254664.0,66.67,0,29,0.0,94745336.0,2,2,0,,2.0,2.0,3254664.0,KRIDL BHUSIRI ACCOUNT WORKS,69.13,57.32,50.0,0.0,0.0,0.0,0.0,0.0,0.0,0.0,0.0,0.0,0.0,0.0,66.67,2911.0635076308954,30,65.3,36.6,48.1,Medium,Funds utilization (67%) is far ahead of physical completion (0%) — a gap of 67 points. | 2911% of expenditure is still an unpaid balance to vendors.,Confirm vendor payment schedule and reasons for outstanding dues. | Verify that advance/interim payments correspond to actual physical progress on site.
Thiru Dayanidhi Maran,CHENNAI CENTRAL,Tamil Nadu,Lok Sabha,147000000.0,101000000.0,30478390.0,68.71,4,12,33.33,70521610.0,8,8,0,,4.0,8.0,30478390.0,A AND A BUILDERS AND PROMOTERS,64.57,46.99,0.0,0.0,1.0,4.0,5.723351416541005,3.0,0.0,100.0,0.0,1.0,1.0,0.0,35.379999999999995,231.38233351564833,48,32.4,58.5,48.1,Medium,Vendor concentration is high (HHI=47); top vendor 'A AND A BUILDERS AND PROMOTERS' handles 65% of spend. | Almost none of the completed works have received citizen/beneficiary feedback ratings. | 3 completed works cost far above the average for their work category (statistical outliers). | 231% of expenditure is still an unpaid balance to vendors.,Check whether the dominant vendor was selected through fair/competitive process across multiple works. | Compare quoted cost of outlier works with category benchmark / schedule of rates (SOR). | Confirm vendor payment schedule and reasons for outstanding dues. | Cross-check beneficiary feedback mechanism / conduct spot citizen verification.
Shri Govindbhai Laljibhai Dholakia (2024-30),Sitting Rajya Sabha,Gujarat,Rajya Sabha,147000000.0,144530200.0,27272966.0,98.32,44,122,36.07,117257234.0,59,58,1,,46.0,59.0,27272966.0,SHREE GANESH INFOTECH,9.17,4.19,61.02,1.69,5.0,44.0,-0.14590868676289323,0.0,11.36,100.0,63.64,3.0,9.0,1.694915254237288,62.24999999999999,429.9394279302075,54,21.1,65.9,48.0,Medium,Funds utilization (98%) is far ahead of physical completion (36%) — a gap of 62 points. | Almost none of the completed works have received citizen/beneficiary feedback ratings. | 64% of completed works are billed in suspiciously round figures. | The exact same rupee amount appears on 9 separate completed works. | 430% of expenditure is still an unpaid balance to vendors.,Ask for itemised cost estimates/bills rather than lump-sum round amounts. | Check for templated/cookie-cutter billing rather than work-specific costing. | Confirm vendor payment schedule and reasons for outstanding dues. | Cross-check beneficiary feedback mechanism / conduct spot citizen verification. | Verify that advance/interim payments correspond to actual physical progress on site.
Shri Narayanasa K. Bhandage (2024-30),Sitting Rajya Sabha,Karnataka,Rajya Sabha,147450000.0,131724620.0,76863625.0,89.34,87,152,57.24,54860995.0,164,163,1,,34.0,164.0,76863625.0,RAJASHEKAR PATIL,32.63,13.59,12.2,0.61,27.0,87.0,0.20587527143345524,4.0,74.71,100.0,6.9,8.0,16.0,0.6097560975609756,32.1,71.37445703347976,56,17.4,68.3,47.9,Medium,75% of completed works have no geo/photo evidence uploaded. | Almost none of the completed works have received citizen/beneficiary feedback ratings. | 4 completed works cost far above the average for their work category (statistical outliers). | The same work description text is reused 8 times. | The exact same rupee amount appears on 16 separate completed works. | 71% of expenditure is still an unpaid balance to vendors.,Check for templated/cookie-cutter billing rather than work-specific costing. | Compare quoted cost of outlier works with category benchmark / schedule of rates (SOR). | Confirm vendor payment schedule and reasons for outstanding dues. | Cross-check beneficiary feedback mechanism / conduct spot citizen verification. | Request site photographs / geo-tagged images for works missing visual evidence. | Verify these are genuinely distinct works and not duplicate/split entries.
Smt. Sangeeta Yadav (2022-28),Sitting Rajya Sabha,Uttar Pradesh,Rajya Sabha,196063957.11,193736886.47,169940841.0,98.81,43,121,35.54,23796045.47,261,260,1,,15.0,261.0,169940841.0,HARI TARA ASSOCIATES,21.93,14.69,3.83,0.38,25.0,43.0,2.1353955696615796,6.0,6.98,100.0,2.33,8.0,12.0,0.38314176245210724,63.27,14.002546609734617,56,16.7,68.3,47.7,Medium,Funds utilization (99%) is far ahead of physical completion (36%) — a gap of 63 points. | Almost none of the completed works have received citizen/beneficiary feedback ratings. | 6 completed works cost far above the average for their work category (statistical outliers). | The same work description text is reused 8 times. | The exact same rupee amount appears on 12 separate completed works.,Check for templated/cookie-cutter billing rather than work-specific costing. | Compare quoted cost of outlier works with category benchmark / schedule of rates (SOR). | Cross-check beneficiary feedback mechanism / conduct spot citizen verification. | Verify that advance/interim payments correspond to actual physical progress on site. | Verify these are genuinely distinct works and not duplicate/split entries.
Rodmal Nagar,RAJGARH,Madhya Pradesh,Lok Sabha,147000000.0,146544940.0,92107905.0,99.69,54,355,15.21,54437035.0,265,265,0,,11.0,265.0,92107905.0,MP Agro Biaora,51.2,39.91,50.57,0.0,15.0,54.0,0.11983361207385393,1.0,3.7,100.0,0.0,19.0,14.0,0.0,84.47999999999999,59.10137137523647,54,20.4,65.9,47.7,Medium,Funds utilization (100%) is far ahead of physical completion (15%) — a gap of 84 points. | Almost none of the completed works have received citizen/beneficiary feedback ratings. | The same work description text is reused 19 times. | The exact same rupee amount appears on 14 separate completed works. | 59% of expenditure is still an unpaid balance to vendors.,Check for templated/cookie-cutter billing rather than work-specific costing. | Confirm vendor payment schedule and reasons for outstanding dues. | Cross-check beneficiary feedback mechanism / conduct spot citizen verification. | Verify that advance/interim payments correspond to actual physical progress on site. | Verify these are genuinely distinct works and not duplicate/split entries.
K RADHAKRISHNAN,ALATHUR,Kerala,Lok Sabha,147000000.0,141911635.0,28066021.0,96.54,15,186,8.06,113845614.0,30,30,0,,25.0,30.0,28066021.0,MUHAMMED MA,16.17,7.6,3.33,0.0,3.0,15.0,1.1198141176916356,2.0,40.0,100.0,6.67,1.0,1.0,0.0,88.48,405.6350346206895,50,27.4,61.0,47.6,Medium,Funds utilization (97%) is far ahead of physical completion (8%) — a gap of 88 points. | Almost none of the completed works have received citizen/beneficiary feedback ratings. | 2 completed works cost far above the average for their work category (statistical outliers). | 406% of expenditure is still an unpaid balance to vendors.,Compare quoted cost of outlier works with category benchmark / schedule of rates (SOR). | Confirm vendor payment schedule and reasons for outstanding dues. | Cross-check beneficiary feedback mechanism / conduct spot citizen verification. | Verify that advance/interim payments correspond to actual physical progress on site.
Kishan Reddy Gangapuram,SECUNDERABAD,Telangana,Lok Sabha,147000000.0,58617994.0,4754322.0,39.88,0,38,0.0,53863672.0,5,5,0,,2.0,5.0,4754322.0,Medoju Venugopal,91.59,84.59,40.0,0.0,2.0,0.0,0.0,0.0,0.0,0.0,0.0,0.0,0.0,0.0,39.88,1132.9411848839857,28,67.7,34.1,47.5,Medium,Vendor concentration is high (HHI=85); top vendor 'Medoju Venugopal' handles 92% of spend. | 1133% of expenditure is still an unpaid balance to vendors.,Check whether the dominant vendor was selected through fair/competitive process across multiple works. | Confirm vendor payment schedule and reasons for outstanding dues.
Shri Satish Kumar Gautam,ALIGARH,Uttar Pradesh,Lok Sabha,147000000.0,136639769.0,87713538.0,92.95,21,103,20.39,48926231.0,127,127,0,,4.0,127.0,87713538.0,S K CONSTRUCTION,43.93,30.62,1.57,0.0,29.0,21.0,0.6203182135319371,0.0,100.0,100.0,0.0,1.0,1.0,0.0,72.56,55.77956620561812,48,30.7,58.5,47.4,Medium,Funds utilization (93%) is far ahead of physical completion (20%) — a gap of 73 points. | 100% of completed works have no geo/photo evidence uploaded. | Almost none of the completed works have received citizen/beneficiary feedback ratings. | 56% of expenditure is still an unpaid balance to vendors.,Confirm vendor payment schedule and reasons for outstanding dues. | Cross-check beneficiary feedback mechanism / conduct spot citizen verification. | Request site photographs / geo-tagged images for works missing visual evidence. | Verify that advance/interim payments correspond to actual physical progress on site.
Shri Arun Singh (2020-26),Sitting Rajya Sabha,Uttar Pradesh,Rajya Sabha,223492764.11,221643804.0,151462382.0,99.17,46,111,41.44,70181422.0,197,194,3,,32.0,197.0,151462382.0,Randheer Enterprises,8.32,5.22,0.51,1.52,32.0,46.0,0.5440739415317054,11.0,0.0,100.0,0.0,1.0,22.0,1.5228426395939088,57.730000000000004,46.335876323402864,58,12.4,70.7,47.4,Medium,Funds utilization (99%) is far ahead of physical completion (41%) — a gap of 58 points. | Almost none of the completed works have received citizen/beneficiary feedback ratings. | 11 completed works cost far above the average for their work category (statistical outliers). | The exact same rupee amount appears on 22 separate completed works. | 46% of expenditure is still an unpaid balance to vendors.,Check for templated/cookie-cutter billing rather than work-specific costing. | Compare quoted cost of outlier works with category benchmark / schedule of rates (SOR). | Confirm vendor payment schedule and reasons for outstanding dues. | Cross-check beneficiary feedback mechanism / conduct spot citizen verification. | Verify that advance/interim payments correspond to actual physical progress on site.
K Subbarayan,TIRUPPUR,Tamil Nadu,Lok Sabha,147000000.0,140087576.0,81901423.0,95.3,65,118,55.08,58186153.0,75,75,0,,40.0,75.0,81901423.0,EAGGLE EYE INFRASTRUCTURES,8.28,4.2,40.0,0.0,7.0,65.0,0.4900444746091707,3.0,10.77,100.0,29.23,1.0,7.0,0.0,40.22,71.0441294774573,58,12.3,70.7,47.3,Medium,Funds utilization (95%) is far ahead of physical completion (55%) — a gap of 40 points. | Almost none of the completed works have received citizen/beneficiary feedback ratings. | 3 completed works cost far above the average for their work category (statistical outliers). | The exact same rupee amount appears on 7 separate completed works. | 71% of expenditure is still an unpaid balance to vendors.,Check for templated/cookie-cutter billing rather than work-specific costing. | Compare quoted cost of outlier works with category benchmark / schedule of rates (SOR). | Confirm vendor payment schedule and reasons for outstanding dues. | Cross-check beneficiary feedback mechanism / conduct spot citizen verification. | Verify that advance/interim payments correspond to actual physical progress on site.
KOTA SRINIVAS POOJARY,UDUPI CHIKMAGALUR,Karnataka,Lok Sabha,147000000.0,122390292.0,44313852.0,83.26,51,320,15.94,78076440.0,120,105,15,,78.0,120.0,44313852.0,KRIDL BHUSIRI ACCOUNT WORKS,8.72,2.58,45.0,12.5,6.0,51.0,-0.12103494945767938,0.0,0.0,100.0,64.71,1.0,20.0,12.5,67.32000000000001,176.18969346199015,54,19.2,65.9,47.2,Medium,Funds utilization (83%) is far ahead of physical completion (16%) — a gap of 67 points. | Almost none of the completed works have received citizen/beneficiary feedback ratings. | 65% of completed works are billed in suspiciously round figures. | The exact same rupee amount appears on 20 separate completed works. | 176% of expenditure is still an unpaid balance to vendors.,Ask for itemised cost estimates/bills rather than lump-sum round amounts. | Check for templated/cookie-cutter billing rather than work-specific costing. | Confirm vendor payment schedule and reasons for outstanding dues. | Cross-check beneficiary feedback mechanism / conduct spot citizen verification. | Verify that advance/interim payments correspond to actual physical progress on site.
Shri Sudheer Gupta,MANDSOUR,Madhya Pradesh,Lok Sabha,148988014.83,42019092.0,21420844.0,28.2,60,224,26.79,20598248.0,175,168,7,,26.0,175.0,21420844.0,CEO JANPAD PANCHAYAT MANDSAUR,23.11,11.07,77.14,4.0,19.0,60.0,-0.3857834365354242,0.0,1.67,100.0,98.33,27.0,49.0,4.0,1.4100000000000001,96.15983385155133,42,41.0,51.2,47.1,Medium,Almost none of the completed works have received citizen/beneficiary feedback ratings. | 98% of completed works are billed in suspiciously round figures. | The same work description text is reused 27 times. | The exact same rupee amount appears on 49 separate completed works. | 96% of expenditure is still an unpaid balance to vendors.,Ask for itemised cost estimates/bills rather than lump-sum round amounts. | Check for templated/cookie-cutter billing rather than work-specific costing. | Confirm vendor payment schedule and reasons for outstanding dues. | Cross-check beneficiary feedback mechanism / conduct spot citizen verification. | Verify these are genuinely distinct works and not duplicate/split entries.
SUNIL BOSE,CHAMARAJANAGAR,Karnataka,Lok Sabha,147000000.0,91548698.0,50427615.0,62.28,24,110,21.82,41121083.0,96,96,0,,6.0,96.0,50427615.0,KRIDL BHUSIRI ACCOUNT WORKS,34.85,31.13,47.92,0.0,13.0,24.0,0.2908335954059166,1.0,0.0,100.0,87.5,1.0,8.0,0.0,40.46,81.54477065790242,54,18.8,65.9,47.1,Medium,Funds utilization (62%) is far ahead of physical completion (22%) — a gap of 40 points. | Almost none of the completed works have received citizen/beneficiary feedback ratings. | 88% of completed works are billed in suspiciously round figures. | The exact same rupee amount appears on 8 separate completed works. | 82% of expenditure is still an unpaid balance to vendors.,Ask for itemised cost estimates/bills rather than lump-sum round amounts. | Check for templated/cookie-cutter billing rather than work-specific costing. | Confirm vendor payment schedule and reasons for outstanding dues. | Cross-check beneficiary feedback mechanism / conduct spot citizen verification. | Verify that advance/interim payments correspond to actual physical progress on site.
PARSHOTTAMBHAI RUPALA,RAJKOT,Gujarat,Lok Sabha,147000000.0,140402854.0,41530051.0,95.51,93,305,30.49,98872803.0,99,95,4,,69.0,99.0,41530051.0,Sanathali Gram Panchayat,4.09,1.77,51.52,4.04,11.0,93.0,-0.12104722969845813,0.0,30.11,100.0,54.84,1.0,36.0,4.040404040404041,65.02000000000001,238.07532285476847,54,18.9,65.9,47.1,Medium,Funds utilization (96%) is far ahead of physical completion (30%) — a gap of 65 points. | Almost none of the completed works have received citizen/beneficiary feedback ratings. | 55% of completed works are billed in suspiciously round figures. | The exact same rupee amount appears on 36 separate completed works. | 238% of expenditure is still an unpaid balance to vendors.,Ask for itemised cost estimates/bills rather than lump-sum round amounts. | Check for templated/cookie-cutter billing rather than work-specific costing. | Confirm vendor payment schedule and reasons for outstanding dues. | Cross-check beneficiary feedback mechanism / conduct spot citizen verification. | Verify that advance/interim payments correspond to actual physical progress on site.
BAIJAYANT PANDA,KENDRAPARA,Odisha,Lok Sabha,147000000.0,89070000.0,17127535.0,60.59,8,56,14.29,71942465.0,28,28,0,,20.0,28.0,17127535.0,ABANI KUMAR MOHANTY,12.95,6.1,21.43,0.0,1.0,8.0,0.2526463797353067,0.0,12.5,100.0,87.5,2.0,6.0,0.0,46.300000000000004,420.03980724605145,54,19.0,65.9,47.1,Medium,Funds utilization (61%) is far ahead of physical completion (14%) — a gap of 46 points. | Almost none of the completed works have received citizen/beneficiary feedback ratings. | 88% of completed works are billed in suspiciously round figures. | The exact same rupee amount appears on 6 separate completed works. | 420% of expenditure is still an unpaid balance to vendors.,Ask for itemised cost estimates/bills rather than lump-sum round amounts. | Check for templated/cookie-cutter billing rather than work-specific costing. | Confirm vendor payment schedule and reasons for outstanding dues. | Cross-check beneficiary feedback mechanism / conduct spot citizen verification. | Verify that advance/interim payments correspond to actual physical progress on site.
MANI. A.,DHARAMAPURI,Tamil Nadu,Lok Sabha,164515071.11,161217102.0,68465190.0,98.0,63,373,16.89,92751912.0,130,127,3,,16.0,130.0,68465190.0,SUCCESS ASSOCIATES,20.08,14.16,51.54,2.31,20.0,63.0,0.08985237969393736,0.0,22.22,100.0,58.73,2.0,20.0,2.307692307692308,81.11,135.47309515974467,54,18.8,65.9,47.1,Medium,Funds utilization (98%) is far ahead of physical completion (17%) — a gap of 81 points. | Almost none of the completed works have received citizen/beneficiary feedback ratings. | 59% of completed works are billed in suspiciously round figures. | The exact same rupee amount appears on 20 separate completed works. | 135% of expenditure is still an unpaid balance to vendors.,Ask for itemised cost estimates/bills rather than lump-sum round amounts. | Check for templated/cookie-cutter billing rather than work-specific costing. | Confirm vendor payment schedule and reasons for outstanding dues. | Cross-check beneficiary feedback mechanism / conduct spot citizen verification. | Verify that advance/interim payments correspond to actual physical progress on site.
Smt. Sadhna Singh (2024-30),Sitting Rajya Sabha,Uttar Pradesh,Rajya Sabha,147000000.0,120396796.0,101298179.0,81.9,5,18,27.78,19098617.0,37,37,0,,7.0,37.0,101298179.0,UNITED GROUP OF CONSTRUCTION,48.45,34.71,18.92,0.0,9.0,5.0,15.682256340533012,4.0,20.0,100.0,0.0,1.0,1.0,0.0,54.120000000000005,18.853860146883786,40,44.1,48.8,46.9,Medium,Funds utilization (82%) is far ahead of physical completion (28%) — a gap of 54 points. | Almost none of the completed works have received citizen/beneficiary feedback ratings. | 4 completed works cost far above the average for their work category (statistical outliers).,Compare quoted cost of outlier works with category benchmark / schedule of rates (SOR). | Cross-check beneficiary feedback mechanism / conduct spot citizen verification. | Verify that advance/interim payments correspond to actual physical progress on site.
Sunil Kumar,VALMIKI NAGAR,Bihar,Lok Sabha,147000000.0,145930069.0,63664429.0,99.27,79,258,30.62,82265640.0,87,87,0,,7.0,87.0,63664429.0,R K Construction,24.31,16.51,20.69,0.0,8.0,79.0,0.23051286708499966,0.0,67.09,100.0,0.0,1.0,18.0,0.0,68.64999999999999,129.2175886789152,56,14.8,68.3,46.9,Medium,Funds utilization (99%) is far ahead of physical completion (31%) — a gap of 69 points. | 67% of completed works have no geo/photo evidence uploaded. | Almost none of the completed works have received citizen/beneficiary feedback ratings. | The exact same rupee amount appears on 18 separate completed works. | 129% of expenditure is still an unpaid balance to vendors.,Check for templated/cookie-cutter billing rather than work-specific costing. | Confirm vendor payment schedule and reasons for outstanding dues. | Cross-check beneficiary feedback mechanism / conduct spot citizen verification. | Request site photographs / geo-tagged images for works missing visual evidence. | Verify that advance/interim payments correspond to actual physical progress on site.
PRIYANKA SATISH JARKIHOLI,CHIKKODI,Karnataka,Lok Sabha,147000000.0,93670772.0,18773055.0,63.72,16,159,10.06,74897717.0,38,34,4,,18.0,38.0,18773055.0,FORCE MOTORS LIMITED,28.56,14.74,39.47,10.53,3.0,16.0,0.1569085736635942,0.0,0.0,100.0,62.5,1.0,8.0,10.526315789473683,53.66,398.9639246249479,54,18.1,65.9,46.8,Medium,Funds utilization (64%) is far ahead of physical completion (10%) — a gap of 54 points. | Almost none of the completed works have received citizen/beneficiary feedback ratings. | 62% of completed works are billed in suspiciously round figures. | The exact same rupee amount appears on 8 separate completed works. | 399% of expenditure is still an unpaid balance to vendors.,Ask for itemised cost estimates/bills rather than lump-sum round amounts. | Check for templated/cookie-cutter billing rather than work-specific costing. | Confirm vendor payment schedule and reasons for outstanding dues. | Cross-check beneficiary feedback mechanism / conduct spot citizen verification. | Verify that advance/interim payments correspond to actual physical progress on site.
Smt. Mahua Maji (2022-28),Sitting Rajya Sabha,Jharkhand,Rajya Sabha,232524001.2,199543815.0,163193927.0,85.82,150,465,32.26,36349888.0,598,598,0,,9.0,598.0,163193927.0,SAMEER TOPPO,35.96,24.61,10.7,0.0,63.0,150.0,-0.004976256173439797,0.0,99.33,100.0,7.33,2.0,53.0,0.0,53.559999999999995,22.27404454823861,46,32.8,56.1,46.8,Medium,Funds utilization (86%) is far ahead of physical completion (32%) — a gap of 54 points. | 99% of completed works have no geo/photo evidence uploaded. | Almost none of the completed works have received citizen/beneficiary feedback ratings. | The exact same rupee amount appears on 53 separate completed works.,Check for templated/cookie-cutter billing rather than work-specific costing. | Cross-check beneficiary feedback mechanism / conduct spot citizen verification. | Request site photographs / geo-tagged images for works missing visual evidence. | Verify that advance/interim payments correspond to actual physical progress on site.
Smt. Sulata Deo (2022-28),Sitting Rajya Sabha,Odisha,Rajya Sabha,196084721.4,166686484.0,89713285.0,85.01,115,315,36.51,76973199.0,305,302,3,,92.0,305.0,89713285.0,PRAGNYA PARAMITA  SAHOO,8.94,3.2,40.66,0.98,49.0,115.0,-0.07861331874522372,0.0,16.52,100.0,82.61,1.0,41.0,0.9836065573770493,48.50000000000001,85.79910879419921,54,18.0,65.9,46.7,Medium,Funds utilization (85%) is far ahead of physical completion (37%) — a gap of 49 points. | Almost none of the completed works have received citizen/beneficiary feedback ratings. | 83% of completed works are billed in suspiciously round figures. | The exact same rupee amount appears on 41 separate completed works. | 86% of expenditure is still an unpaid balance to vendors.,Ask for itemised cost estimates/bills rather than lump-sum round amounts. | Check for templated/cookie-cutter billing rather than work-specific costing. | Confirm vendor payment schedule and reasons for outstanding dues. | Cross-check beneficiary feedback mechanism / conduct spot citizen verification. | Verify that advance/interim payments correspond to actual physical progress on site.
Shri Mayankkumar Nayak (2024-30),Sitting Rajya Sabha,Gujarat,Rajya Sabha,147000000.0,92356983.0,19560868.0,62.83,20,171,11.7,72796115.0,66,66,0,,42.0,66.0,19560868.0,ASIAN CONSTRUCTION,8.39,3.6,53.03,0.0,5.0,20.0,-0.12887410663393226,0.0,15.0,100.0,80.0,1.0,10.0,0.0,51.129999999999995,372.1517623860045,54,17.9,65.9,46.7,Medium,Funds utilization (63%) is far ahead of physical completion (12%) — a gap of 51 points. | Almost none of the completed works have received citizen/beneficiary feedback ratings. | 80% of completed works are billed in suspiciously round figures. | The exact same rupee amount appears on 10 separate completed works. | 372% of expenditure is still an unpaid balance to vendors.,Ask for itemised cost estimates/bills rather than lump-sum round amounts. | Check for templated/cookie-cutter billing rather than work-specific costing. | Confirm vendor payment schedule and reasons for outstanding dues. | Cross-check beneficiary feedback mechanism / conduct spot citizen verification. | Verify that advance/interim payments correspond to actual physical progress on site.
Dr. Parmar Jashvantsinh Salamsinh (2024-30),Sitting Rajya Sabha,Gujarat,Rajya Sabha,147000000.0,108602244.0,38994089.0,73.88,62,370,16.76,69608155.0,104,93,11,,73.0,104.0,38994089.0,WEHEAR INNOVATIONS PRIVATE LIMITED,10.85,4.18,52.88,10.58,13.0,62.0,-0.10673186094845091,3.0,30.65,100.0,32.26,1.0,9.0,10.576923076923077,57.11999999999999,178.50950435077482,58,10.8,70.7,46.7,Medium,Funds utilization (74%) is far ahead of physical completion (17%) — a gap of 57 points. | Almost none of the completed works have received citizen/beneficiary feedback ratings. | 3 completed works cost far above the average for their work category (statistical outliers). | The exact same rupee amount appears on 9 separate completed works. | 179% of expenditure is still an unpaid balance to vendors.,Check for templated/cookie-cutter billing rather than work-specific costing. | Compare quoted cost of outlier works with category benchmark / schedule of rates (SOR). | Confirm vendor payment schedule and reasons for outstanding dues. | Cross-check beneficiary feedback mechanism / conduct spot citizen verification. | Verify that advance/interim payments correspond to actual physical progress on site.
LALJI VERMA,AMBEDKAR NAGAR,Uttar Pradesh,Lok Sabha,147000000.0,135165344.0,86165424.0,91.95,61,267,22.85,48999920.0,287,280,7,,40.0,287.0,86165424.0,MS SAKET TRADERS,18.49,10.21,6.62,2.44,37.0,61.0,0.13733404244734093,0.0,63.93,100.0,11.48,1.0,6.0,2.4390243902439024,69.1,56.86726499483134,56,14.4,68.3,46.7,Medium,Funds utilization (92%) is far ahead of physical completion (23%) — a gap of 69 points. | 64% of completed works have no geo/photo evidence uploaded. | Almost none of the completed works have received citizen/beneficiary feedback ratings. | The exact same rupee amount appears on 6 separate completed works. | 57% of expenditure is still an unpaid balance to vendors.,Check for templated/cookie-cutter billing rather than work-specific costing. | Confirm vendor payment schedule and reasons for outstanding dues. | Cross-check beneficiary feedback mechanism / conduct spot citizen verification. | Request site photographs / geo-tagged images for works missing visual evidence. | Verify that advance/interim payments correspond to actual physical progress on site.
Shri Subhash Barala (2024-30),Sitting Rajya Sabha,Haryana,Rajya Sabha,147000000.0,92126165.0,29532538.0,62.67,4,84,4.76,62593627.0,61,61,0,,28.0,61.0,29532538.0,THE BARTA CO OP  L AND C SOCIETY,12.09,6.25,3.28,0.0,2.0,4.0,0.42669725713005496,0.0,100.0,100.0,25.0,1.0,1.0,0.0,57.910000000000004,211.9480113764689,48,28.4,58.5,46.5,Medium,Funds utilization (63%) is far ahead of physical completion (5%) — a gap of 58 points. | 100% of completed works have no geo/photo evidence uploaded. | Almost none of the completed works have received citizen/beneficiary feedback ratings. | 212% of expenditure is still an unpaid balance to vendors.,Confirm vendor payment schedule and reasons for outstanding dues. | Cross-check beneficiary feedback mechanism / conduct spot citizen verification. | Request site photographs / geo-tagged images for works missing visual evidence. | Verify that advance/interim payments correspond to actual physical progress on site.
Amol Ramsing Kolhe,SHIRUR,Maharashtra,Lok Sabha,147000000.0,105981153.0,21557613.0,72.1,15,111,13.51,84423540.0,26,25,1,,15.0,26.0,21557613.0,NAGSHWAR MAJOOR SAHKARI SANSTHA LTD,13.92,8.27,42.31,3.85,6.0,15.0,0.4449422740811681,0.0,0.0,100.0,73.33,1.0,11.0,3.8461538461538463,58.589999999999996,391.6182185847756,54,16.9,65.9,46.3,Medium,Funds utilization (72%) is far ahead of physical completion (14%) — a gap of 59 points. | Almost none of the completed works have received citizen/beneficiary feedback ratings. | 73% of completed works are billed in suspiciously round figures. | The exact same rupee amount appears on 11 separate completed works. | 392% of expenditure is still an unpaid balance to vendors.,Ask for itemised cost estimates/bills rather than lump-sum round amounts. | Check for templated/cookie-cutter billing rather than work-specific costing. | Confirm vendor payment schedule and reasons for outstanding dues. | Cross-check beneficiary feedback mechanism / conduct spot citizen verification. | Verify that advance/interim payments correspond to actual physical progress on site.
Smt. Maya Naroliya (2024-30),Sitting Rajya Sabha,Madhya Pradesh,Rajya Sabha,147000000.0,106292558.0,70791767.0,72.31,16,156,10.26,35500791.0,181,172,9,,81.0,181.0,70791767.0,GRAM PANCHAYAT KADAIYASHAH,14.2,4.48,64.09,4.97,21.0,16.0,0.4867772943867114,0.0,43.75,100.0,62.5,1.0,4.0,4.972375690607735,62.050000000000004,50.14819166754235,54,17.0,65.9,46.3,Medium,Funds utilization (72%) is far ahead of physical completion (10%) — a gap of 62 points. | Almost none of the completed works have received citizen/beneficiary feedback ratings. | 62% of completed works are billed in suspiciously round figures. | The exact same rupee amount appears on 4 separate completed works. | 50% of expenditure is still an unpaid balance to vendors.,Ask for itemised cost estimates/bills rather than lump-sum round amounts. | Check for templated/cookie-cutter billing rather than work-specific costing. | Confirm vendor payment schedule and reasons for outstanding dues. | Cross-check beneficiary feedback mechanism / conduct spot citizen verification. | Verify that advance/interim payments correspond to actual physical progress on site.
Smt. Phulo Devi Netam (2026-32),Sitting Rajya Sabha,Chhattisgarh,Rajya Sabha,49000000.0,48777604.0,12348157.0,99.55,0,81,0.0,36429447.0,20,16,4,,12.0,20.0,12348157.0,Rameshwar Gupta,40.49,20.34,70.0,20.0,3.0,0.0,0.0,0.0,0.0,0.0,0.0,0.0,0.0,20.0,99.55,295.01930531009606,30,60.8,36.6,46.3,Medium,Funds utilization (100%) is far ahead of physical completion (0%) — a gap of 100 points. | 295% of expenditure is still an unpaid balance to vendors.,Confirm vendor payment schedule and reasons for outstanding dues. | Verify that advance/interim payments correspond to actual physical progress on site.
RAJEEV BHARDWAJ,KANGRA,Himachal Pradesh,Lok Sabha,179388967.11,173418823.0,81718389.0,96.67,208,628,33.12,91700434.0,658,652,6,,168.0,658.0,81718389.0,Project Officer Himurja Kangra at Dharamshala,6.91,2.05,39.82,0.91,93.0,208.0,-0.32210070832931287,0.0,51.44,100.0,38.46,2.0,31.0,0.911854103343465,63.550000000000004,112.2151759501769,46,31.7,56.1,46.3,Medium,Funds utilization (97%) is far ahead of physical completion (33%) — a gap of 64 points. | Almost none of the completed works have received citizen/beneficiary feedback ratings. | The exact same rupee amount appears on 31 separate completed works. | 112% of expenditure is still an unpaid balance to vendors.,Check for templated/cookie-cutter billing rather than work-specific costing. | Confirm vendor payment schedule and reasons for outstanding dues. | Cross-check beneficiary feedback mechanism / conduct spot citizen verification. | Verify that advance/interim payments correspond to actual physical progress on site.
Smt Harsimrat Kaur Badal,BHATINDA,Punjab,Lok Sabha,159775982.39,122829004.0,86764668.0,76.88,147,365,40.27,36064336.0,1509,1416,93,,454.0,1509.0,86764668.0,Sham Lal Gurpta,3.04,0.79,4.64,6.16,318.0,147.0,-0.2143713276002839,0.0,19.73,100.0,46.26,6.0,12.0,6.163021868787276,36.60999999999999,41.56569353783501,34,53.2,41.5,46.2,Medium,Almost none of the completed works have received citizen/beneficiary feedback ratings. | The same work description text is reused 6 times. | The exact same rupee amount appears on 12 separate completed works. | 42% of expenditure is still an unpaid balance to vendors.,Check for templated/cookie-cutter billing rather than work-specific costing. | Confirm vendor payment schedule and reasons for outstanding dues. | Cross-check beneficiary feedback mechanism / conduct spot citizen verification. | Verify these are genuinely distinct works and not duplicate/split entries.
DR. MANSUKH MANDAVIYA,PORBANDAR,Gujarat,Lok Sabha,147000000.0,140558455.0,35557268.0,95.62,74,306,24.18,105001187.0,89,86,3,,71.0,89.0,35557268.0,MSS MEDITECHNO,16.87,4.99,53.93,3.37,3.0,74.0,-0.12775058302803793,0.0,18.92,100.0,58.11,1.0,13.0,3.3707865168539324,71.44,295.30161597342067,54,16.7,65.9,46.2,Medium,Funds utilization (96%) is far ahead of physical completion (24%) — a gap of 71 points. | Almost none of the completed works have received citizen/beneficiary feedback ratings. | 58% of completed works are billed in suspiciously round figures. | The exact same rupee amount appears on 13 separate completed works. | 295% of expenditure is still an unpaid balance to vendors.,Ask for itemised cost estimates/bills rather than lump-sum round amounts. | Check for templated/cookie-cutter billing rather than work-specific costing. | Confirm vendor payment schedule and reasons for outstanding dues. | Cross-check beneficiary feedback mechanism / conduct spot citizen verification. | Verify that advance/interim payments correspond to actual physical progress on site.
BUNTY VIVEK SAHU,CHHINDWARA,Madhya Pradesh,Lok Sabha,147000000.0,99480130.0,55619616.0,67.67,100,476,21.01,43860514.0,443,437,6,,273.0,443.0,55619616.0,TELI SAMAJ SANGHTAN PANDURNA,3.6,0.92,77.43,1.35,27.0,100.0,-0.36185417528238534,0.0,41.0,100.0,62.0,1.0,35.0,1.3544018058690745,46.66,78.85799499227035,54,16.3,65.9,46.1,Medium,Funds utilization (68%) is far ahead of physical completion (21%) — a gap of 47 points. | Almost none of the completed works have received citizen/beneficiary feedback ratings. | 62% of completed works are billed in suspiciously round figures. | The exact same rupee amount appears on 35 separate completed works. | 79% of expenditure is still an unpaid balance to vendors.,Ask for itemised cost estimates/bills rather than lump-sum round amounts. | Check for templated/cookie-cutter billing rather than work-specific costing. | Confirm vendor payment schedule and reasons for outstanding dues. | Cross-check beneficiary feedback mechanism / conduct spot citizen verification. | Verify that advance/interim payments correspond to actual physical progress on site.
PARTHA BHOWMICK,BARRACKPUR,West Bengal,Lok Sabha,147000000.0,141285236.0,31114929.0,96.11,4,32,12.5,110170307.0,11,11,0,,8.0,11.0,31114929.0,UNITECH INSULATION,48.22,32.95,9.09,0.0,1.0,4.0,1.0735064065092703,1.0,0.0,100.0,50.0,1.0,1.0,0.0,83.61,354.07539255513007,46,30.8,56.1,46.0,Medium,Funds utilization (96%) is far ahead of physical completion (12%) — a gap of 84 points. | Almost none of the completed works have received citizen/beneficiary feedback ratings. | 50% of completed works are billed in suspiciously round figures. | 354% of expenditure is still an unpaid balance to vendors.,Ask for itemised cost estimates/bills rather than lump-sum round amounts. | Confirm vendor payment schedule and reasons for outstanding dues. | Cross-check beneficiary feedback mechanism / conduct spot citizen verification. | Verify that advance/interim payments correspond to actual physical progress on site.
VISHAL,SANGLI,Maharashtra,Lok Sabha,147000000.0,90905332.0,21614077.0,61.84,11,84,13.1,69291255.0,22,20,2,,19.0,22.0,21614077.0,GANESH MAJUR SAHAKARI SANSTHALTD LINGNOOR,9.23,5.78,50.0,9.09,0.0,11.0,0.4430221312222822,0.0,0.0,100.0,54.55,1.0,6.0,9.090909090909092,48.74,320.58391852680086,54,16.2,65.9,46.0,Medium,Funds utilization (62%) is far ahead of physical completion (13%) — a gap of 49 points. | Almost none of the completed works have received citizen/beneficiary feedback ratings. | 55% of completed works are billed in suspiciously round figures. | The exact same rupee amount appears on 6 separate completed works. | 321% of expenditure is still an unpaid balance to vendors.,Ask for itemised cost estimates/bills rather than lump-sum round amounts. | Check for templated/cookie-cutter billing rather than work-specific costing. | Confirm vendor payment schedule and reasons for outstanding dues. | Cross-check beneficiary feedback mechanism / conduct spot citizen verification. | Verify that advance/interim payments correspond to actual physical progress on site.
Shri Nitin Laxmanrao Jadhav Patil (2024-28),Sitting Rajya Sabha,Maharashtra,Rajya Sabha,122500000.0,72450000.0,4496048.0,59.14,4,60,6.67,67953952.0,4,3,1,,3.0,4.0,4496048.0,SHIVESHAMBHO MAJUR SAHAKARI SANSTHA LTD SHINDEWADE,44.46,35.82,25.0,25.0,0.0,4.0,0.5675390313364647,0.0,0.0,100.0,25.0,1.0,1.0,25.0,52.47,1511.4151806208474,38,45.5,46.3,46.0,Medium,Funds utilization (59%) is far ahead of physical completion (7%) — a gap of 52 points. | Almost none of the completed works have received citizen/beneficiary feedback ratings. | 1511% of expenditure is still an unpaid balance to vendors.,Confirm vendor payment schedule and reasons for outstanding dues. | Cross-check beneficiary feedback mechanism / conduct spot citizen verification. | Verify that advance/interim payments correspond to actual physical progress on site.
Shri B.L. Verma (2020-26),Sitting Rajya Sabha,Uttar Pradesh,Rajya Sabha,196063957.11,186451342.09,168937264.09,95.1,350,414,84.54,17514078.0,804,803,1,,14.0,804.0,168937264.09,ND CONTRACTOR,58.19,45.65,0.62,0.12,48.0,350.0,-0.206232413479926,1.0,0.29,100.0,0.29,204.0,141.0,0.12437810945273632,10.559999999999988,10.36720826180156,42,37.9,51.2,45.9,Medium,Vendor concentration is high (HHI=46); top vendor 'ND CONTRACTOR' handles 58% of spend. | Almost none of the completed works have received citizen/beneficiary feedback ratings. | The same work description text is reused 204 times. | The exact same rupee amount appears on 141 separate completed works.,Check for templated/cookie-cutter billing rather than work-specific costing. | Check whether the dominant vendor was selected through fair/competitive process across multiple works. | Cross-check beneficiary feedback mechanism / conduct spot citizen verification. | Verify these are genuinely distinct works and not duplicate/split entries.
AKSHAYA YADAV,FIROZABAD,Uttar Pradesh,Lok Sabha,147000000.0,97654158.0,95931875.0,66.43,37,43,86.05,1722283.0,83,83,0,,3.0,83.0,95931875.0,MS RAJ KAMAL CONSTRUCTIONS,72.76,56.74,0.0,0.0,12.0,37.0,1.7769494904904362,11.0,48.65,100.0,0.0,1.0,1.0,0.0,0.0,1.7953188134809208,38,45.2,46.3,45.9,Medium,Vendor concentration is high (HHI=57); top vendor 'MS RAJ KAMAL CONSTRUCTIONS' handles 73% of spend. | Almost none of the completed works have received citizen/beneficiary feedback ratings. | 11 completed works cost far above the average for their work category (statistical outliers).,Check whether the dominant vendor was selected through fair/competitive process across multiple works. | Compare quoted cost of outlier works with category benchmark / schedule of rates (SOR). | Cross-check beneficiary feedback mechanism / conduct spot citizen verification.
PARIMAL SUKLABAIDYA,SILCHAR,Assam,Lok Sabha,148300157.11,98800000.0,5511762.0,66.62,0,153,0.0,93288238.0,13,10,3,,12.0,13.0,5511762.0,MS North East Information Technology,17.45,11.25,30.77,23.08,1.0,0.0,0.0,0.0,0.0,0.0,0.0,0.0,0.0,23.076923076923077,66.62,1692.5302289902938,30,59.3,36.6,45.7,Medium,Funds utilization (67%) is far ahead of physical completion (0%) — a gap of 67 points. | 1693% of expenditure is still an unpaid balance to vendors.,Confirm vendor payment schedule and reasons for outstanding dues. | Verify that advance/interim payments correspond to actual physical progress on site.
ANDREW J. SYNGKON,SHILLONG,Meghalaya,Lok Sabha,98000000.0,98000000.0,71430000.0,100.0,98,241,40.66,26570000.0,327,321,6,,215.0,327.0,71430000.0,Rani Motors,3.36,0.71,90.83,1.83,4.0,98.0,-0.1824314196738213,0.0,33.67,100.0,94.9,1.0,24.0,1.834862385321101,59.34,37.1972560548789,44,32.9,53.7,45.4,Medium,Funds utilization (100%) is far ahead of physical completion (41%) — a gap of 59 points. | Almost none of the completed works have received citizen/beneficiary feedback ratings. | 95% of completed works are billed in suspiciously round figures. | The exact same rupee amount appears on 24 separate completed works.,Ask for itemised cost estimates/bills rather than lump-sum round amounts. | Check for templated/cookie-cutter billing rather than work-specific costing. | Cross-check beneficiary feedback mechanism / conduct spot citizen verification. | Verify that advance/interim payments correspond to actual physical progress on site.
Shri Kapil Sibal (2022-28),Sitting Rajya Sabha,Uttar Pradesh,Rajya Sabha,196063957.11,163430037.0,94339935.12,83.36,64,223,28.7,69090101.88,291,279,12,,37.0,291.0,94339935.12,J R Group,33.99,13.45,4.47,4.12,43.0,64.0,0.11236279955977786,2.0,25.0,100.0,3.12,3.0,29.0,4.123711340206185,54.66,73.23526541768094,58,7.3,70.7,45.3,Medium,Funds utilization (83%) is far ahead of physical completion (29%) — a gap of 55 points. | Almost none of the completed works have received citizen/beneficiary feedback ratings. | 2 completed works cost far above the average for their work category (statistical outliers). | The exact same rupee amount appears on 29 separate completed works. | 73% of expenditure is still an unpaid balance to vendors.,Check for templated/cookie-cutter billing rather than work-specific costing. | Compare quoted cost of outlier works with category benchmark / schedule of rates (SOR). | Confirm vendor payment schedule and reasons for outstanding dues. | Cross-check beneficiary feedback mechanism / conduct spot citizen verification. | Verify that advance/interim payments correspond to actual physical progress on site.
BRIJMOHAN AGRAWAL,RAIPUR,Chhattisgarh,Lok Sabha,153766451.11,126349504.0,68756217.0,82.17,38,164,23.17,57593287.0,168,165,3,,77.0,168.0,68756217.0,ZONE COMMISSIONER ZONE 02,5.09,2.05,67.26,1.79,19.0,38.0,0.1974918952776815,0.0,34.21,100.0,65.79,1.0,11.0,1.7857142857142856,59.0,83.76447907248881,54,14.4,65.9,45.3,Medium,Funds utilization (82%) is far ahead of physical completion (23%) — a gap of 59 points. | Almost none of the completed works have received citizen/beneficiary feedback ratings. | 66% of completed works are billed in suspiciously round figures. | The exact same rupee amount appears on 11 separate completed works. | 84% of expenditure is still an unpaid balance to vendors.,Ask for itemised cost estimates/bills rather than lump-sum round amounts. | Check for templated/cookie-cutter billing rather than work-specific costing. | Confirm vendor payment schedule and reasons for outstanding dues. | Cross-check beneficiary feedback mechanism / conduct spot citizen verification. | Verify that advance/interim payments correspond to actual physical progress on site.
PHANI BHUSAN CHOUDHURY,BARPETA,Assam,Lok Sabha,147000000.0,89528000.0,42756247.0,60.9,3,87,3.45,46771753.0,106,103,3,,62.0,106.0,42756247.0,Construction of LT line for providing power supply to street lights,5.61,2.52,62.26,2.83,12.0,3.0,0.9028856042574063,0.0,0.0,100.0,100.0,1.0,2.0,2.8301886792452833,57.449999999999996,109.3916241058295,46,29.1,56.1,45.3,Medium,Funds utilization (61%) is far ahead of physical completion (3%) — a gap of 57 points. | Almost none of the completed works have received citizen/beneficiary feedback ratings. | 100% of completed works are billed in suspiciously round figures. | 109% of expenditure is still an unpaid balance to vendors.,Ask for itemised cost estimates/bills rather than lump-sum round amounts. | Confirm vendor payment schedule and reasons for outstanding dues. | Cross-check beneficiary feedback mechanism / conduct spot citizen verification. | Verify that advance/interim payments correspond to actual physical progress on site.
KULDEEP INDORA,GANGANAGAR,Rajasthan,Lok Sabha,147000000.0,69980074.0,11236750.0,47.61,2,92,2.17,58743324.0,68,49,19,,53.0,68.0,11236750.0,RAJ CONSTRUCTION COMPANY,16.79,8.37,2.94,27.94,6.0,2.0,0.24984737743983557,0.0,50.0,100.0,0.0,1.0,1.0,27.941176470588236,45.44,522.7785970142612,42,36.2,51.2,45.2,Medium,Funds utilization (48%) is far ahead of physical completion (2%) — a gap of 45 points. | 28% of payment transactions are still pending. | 523% of expenditure is still an unpaid balance to vendors.,Confirm vendor payment schedule and reasons for outstanding dues. | Review pending-payment vendor invoices for delay reasons and documentation completeness. | Verify that advance/interim payments correspond to actual physical progress on site.
HARIBHAI PATEL,MAHESANA,Gujarat,Lok Sabha,147000000.0,118878572.0,51381778.0,80.87,150,620,24.19,67496794.0,269,266,3,,195.0,269.0,51381778.0,AMICHANDBHAI PATEL GROUP SERVICES,5.43,1.04,85.13,1.12,24.0,150.0,-0.3556530505213578,0.0,19.33,100.0,66.67,1.0,25.0,1.1152416356877324,56.68000000000001,131.3632899196287,54,13.9,65.9,45.1,Medium,Funds utilization (81%) is far ahead of physical completion (24%) — a gap of 57 points. | Almost none of the completed works have received citizen/beneficiary feedback ratings. | 67% of completed works are billed in suspiciously round figures. | The exact same rupee amount appears on 25 separate completed works. | 131% of expenditure is still an unpaid balance to vendors.,Ask for itemised cost estimates/bills rather than lump-sum round amounts. | Check for templated/cookie-cutter billing rather than work-specific costing. | Confirm vendor payment schedule and reasons for outstanding dues. | Cross-check beneficiary feedback mechanism / conduct spot citizen verification. | Verify that advance/interim payments correspond to actual physical progress on site.
Dilip Saikia,Darrang-Udalguri,Assam,Lok Sabha,147000000.0,73850000.0,26230389.0,50.24,5,230,2.17,47619611.0,151,148,3,,38.0,151.0,26230389.0,Firose Khakhlari,15.14,5.81,55.63,1.99,31.0,5.0,-0.19975166365546104,0.0,0.0,100.0,100.0,1.0,3.0,1.9867549668874174,48.07,181.54367058757688,46,28.5,56.1,45.1,Medium,Funds utilization (50%) is far ahead of physical completion (2%) — a gap of 48 points. | Almost none of the completed works have received citizen/beneficiary feedback ratings. | 100% of completed works are billed in suspiciously round figures. | 182% of expenditure is still an unpaid balance to vendors.,Ask for itemised cost estimates/bills rather than lump-sum round amounts. | Confirm vendor payment schedule and reasons for outstanding dues. | Cross-check beneficiary feedback mechanism / conduct spot citizen verification. | Verify that advance/interim payments correspond to actual physical progress on site.
KALI CHARAN SINGH,CHATRA,Jharkhand,Lok Sabha,147000000.0,105485624.0,51084747.0,71.76,75,511,14.68,54400877.0,296,265,31,,8.0,296.0,51084747.0,District Engineer,51.8,36.53,71.62,10.47,51.0,75.0,-0.2849716323859478,0.0,29.33,100.0,38.67,1.0,26.0,10.472972972972974,57.080000000000005,106.4914288407849,46,28.5,56.1,45.1,Medium,Funds utilization (72%) is far ahead of physical completion (15%) — a gap of 57 points. | Almost none of the completed works have received citizen/beneficiary feedback ratings. | The exact same rupee amount appears on 26 separate completed works. | 106% of expenditure is still an unpaid balance to vendors.,Check for templated/cookie-cutter billing rather than work-specific costing. | Confirm vendor payment schedule and reasons for outstanding dues. | Cross-check beneficiary feedback mechanism / conduct spot citizen verification. | Verify that advance/interim payments correspond to actual physical progress on site.
Dr. Sandeep Kumar Pathak (2022-28),Sitting Rajya Sabha,Punjab,Rajya Sabha,232203454.24,204855922.0,162756944.0,88.22,157,277,56.68,42098978.0,1147,1120,27,,343.0,1147.0,162756944.0,Punjab Police Housing Corporation Limited,12.0,3.55,14.65,2.35,205.0,157.0,-0.06233243998817663,3.0,11.46,100.0,73.25,2.0,59.0,2.353966870095902,31.54,25.866163965329797,36,46.8,43.9,45.1,Medium,Almost none of the completed works have received citizen/beneficiary feedback ratings. | 73% of completed works are billed in suspiciously round figures. | 3 completed works cost far above the average for their work category (statistical outliers). | The exact same rupee amount appears on 59 separate completed works.,Ask for itemised cost estimates/bills rather than lump-sum round amounts. | Check for templated/cookie-cutter billing rather than work-specific costing. | Compare quoted cost of outlier works with category benchmark / schedule of rates (SOR). | Cross-check beneficiary feedback mechanism / conduct spot citizen verification.
Vaithilingam Ve,Puducherry,Puducherry,Lok Sabha,209368972.11,153891559.0,33557935.0,73.5,13,75,17.33,120333624.0,27,22,5,,21.0,27.0,33557935.0,SHINOJ T A,16.96,8.02,3.7,18.52,0.0,13.0,1.069552288789616,3.0,30.77,100.0,7.69,1.0,1.0,18.51851851851852,56.17,358.5847102928115,50,21.3,61.0,45.1,Medium,Funds utilization (74%) is far ahead of physical completion (17%) — a gap of 56 points. | Almost none of the completed works have received citizen/beneficiary feedback ratings. | 3 completed works cost far above the average for their work category (statistical outliers). | 359% of expenditure is still an unpaid balance to vendors.,Compare quoted cost of outlier works with category benchmark / schedule of rates (SOR). | Confirm vendor payment schedule and reasons for outstanding dues. | Cross-check beneficiary feedback mechanism / conduct spot citizen verification. | Verify that advance/interim payments correspond to actual physical progress on site.
Ajay Bhatt,NAINITAL UDHAM SINGH NAG.,Uttarakhand,Lok Sabha,147000000.0,121413994.0,51274009.0,82.59,85,484,17.56,70139985.0,916,897,19,,555.0,916.0,51274009.0,MOHD ASSIF,4.65,1.34,1.09,2.07,89.0,85.0,-0.2779123728366622,0.0,35.29,100.0,21.18,3.0,9.0,2.074235807860262,65.03,136.794423467063,46,28.6,56.1,45.1,Medium,Funds utilization (83%) is far ahead of physical completion (18%) — a gap of 65 points. | Almost none of the completed works have received citizen/beneficiary feedback ratings. | The exact same rupee amount appears on 9 separate completed works. | 137% of expenditure is still an unpaid balance to vendors.,Check for templated/cookie-cutter billing rather than work-specific costing. | Confirm vendor payment schedule and reasons for outstanding dues. | Cross-check beneficiary feedback mechanism / conduct spot citizen verification. | Verify that advance/interim payments correspond to actual physical progress on site.
Smt Anupriya Patel,MIRZAPUR,Uttar Pradesh,Lok Sabha,147000000.0,71228000.0,51732584.0,48.45,0,10,0.0,19495416.0,10,10,0,,3.0,10.0,51732584.0,Atharv Enterprises,66.58,55.07,0.0,0.0,2.0,0.0,0.0,0.0,0.0,0.0,0.0,0.0,0.0,0.0,48.45,37.68498399384032,38,43.1,46.3,45.0,Medium,Funds utilization (48%) is far ahead of physical completion (0%) — a gap of 48 points. | Vendor concentration is high (HHI=55); top vendor 'Atharv Enterprises' handles 67% of spend.,Check whether the dominant vendor was selected through fair/competitive process across multiple works. | Verify that advance/interim payments correspond to actual physical progress on site.
Dr. Vikramjit Singh Sahney (2022-28),Sitting Rajya Sabha,Punjab,Rajya Sabha,198656208.57,171596137.74,111224375.74,86.38,27,61,44.26,60371762.000000015,348,347,1,,132.0,348.0,111224375.74000001,Raghu Nath Goyal,7.75,3.67,2.01,0.29,56.0,27.0,1.6488985579466595,5.0,25.93,100.0,11.11,1.0,2.0,0.28735632183908044,42.12,54.27925452342037,50,21.1,61.0,45.0,Medium,Funds utilization (86%) is far ahead of physical completion (44%) — a gap of 42 points. | Almost none of the completed works have received citizen/beneficiary feedback ratings. | 5 completed works cost far above the average for their work category (statistical outliers). | 54% of expenditure is still an unpaid balance to vendors.,Compare quoted cost of outlier works with category benchmark / schedule of rates (SOR). | Confirm vendor payment schedule and reasons for outstanding dues. | Cross-check beneficiary feedback mechanism / conduct spot citizen verification. | Verify that advance/interim payments correspond to actual physical progress on site.
Shri S. Selvaganabathy (2021-27),Sitting Rajya Sabha,Puducherry,Rajya Sabha,292881856.49,264779881.0,101658946.0,90.41,31,102,30.39,163120935.0,92,80,12,,60.0,92.0,101658946.0,VELUSAMY C,7.28,3.39,4.35,13.04,6.0,31.0,1.7883002189752564,16.0,19.35,100.0,3.23,1.0,1.0,13.043478260869565,60.019999999999996,160.45900672627474,50,20.8,61.0,44.9,Medium,Funds utilization (90%) is far ahead of physical completion (30%) — a gap of 60 points. | Almost none of the completed works have received citizen/beneficiary feedback ratings. | 16 completed works cost far above the average for their work category (statistical outliers). | 160% of expenditure is still an unpaid balance to vendors.,Compare quoted cost of outlier works with category benchmark / schedule of rates (SOR). | Confirm vendor payment schedule and reasons for outstanding dues. | Cross-check beneficiary feedback mechanism / conduct spot citizen verification. | Verify that advance/interim payments correspond to actual physical progress on site.
Gajendra Singh Shekhawat,JODHPUR,Rajasthan,Lok Sabha,147000000.0,31164000.0,491827.0,21.2,0,33,0.0,30672173.0,1,1,0,,1.0,1.0,491827.0,Maa Bhadariya Rai Enterprises,100.0,100.0,0.0,0.0,0.0,0.0,0.0,0.0,0.0,0.0,0.0,0.0,0.0,0.0,21.2,6236.37437554262,10,93.9,12.2,44.9,Medium,6236% of expenditure is still an unpaid balance to vendors.,Confirm vendor payment schedule and reasons for outstanding dues.
Shri Harbhajan Singh (2022-28),Sitting Rajya Sabha,Punjab,Rajya Sabha,220984094.27,173949652.52,101056126.52,78.72,77,197,39.09,72893526.00000001,530,527,3,,187.0,530.0,101056126.52,BIROKE BUILDERS PVT LTD,8.13,2.75,9.25,0.57,108.0,77.0,0.09829817427579716,3.0,37.66,100.0,48.05,5.0,15.0,0.5660377358490566,39.629999999999995,72.13172373628794,46,28.0,56.1,44.9,Medium,Almost none of the completed works have received citizen/beneficiary feedback ratings. | 3 completed works cost far above the average for their work category (statistical outliers). | The same work description text is reused 5 times. | The exact same rupee amount appears on 15 separate completed works. | 72% of expenditure is still an unpaid balance to vendors.,Check for templated/cookie-cutter billing rather than work-specific costing. | Compare quoted cost of outlier works with category benchmark / schedule of rates (SOR). | Confirm vendor payment schedule and reasons for outstanding dues. | Cross-check beneficiary feedback mechanism / conduct spot citizen verification. | Verify these are genuinely distinct works and not duplicate/split entries.
RAKESH RATHOR,SITAPUR,Uttar Pradesh,Lok Sabha,147000000.0,138907397.0,91524162.0,94.49,21,71,29.58,47383235.0,105,104,1,,23.0,105.0,91524162.0,Ravi Electronics,20.15,11.92,1.9,0.95,21.0,21.0,0.9610021380328556,1.0,100.0,100.0,0.0,1.0,1.0,0.9523809523809524,64.91,51.77128527000334,48,24.3,58.5,44.8,Medium,Funds utilization (94%) is far ahead of physical completion (30%) — a gap of 65 points. | 100% of completed works have no geo/photo evidence uploaded. | Almost none of the completed works have received citizen/beneficiary feedback ratings. | 52% of expenditure is still an unpaid balance to vendors.,Confirm vendor payment schedule and reasons for outstanding dues. | Cross-check beneficiary feedback mechanism / conduct spot citizen verification. | Request site photographs / geo-tagged images for works missing visual evidence. | Verify that advance/interim payments correspond to actual physical progress on site.
DHANORKAR PRATIBHA SURESH ALIAS BALUBHAU,CHANDRAPUR,Maharashtra,Lok Sabha,147000000.0,99915160.0,17964734.0,67.97,7,78,8.97,81950426.0,16,14,2,,13.0,16.0,17964734.0,NUTAN KAMGAR SAHAKARI SANSTHA,19.18,10.56,0.0,12.5,1.0,7.0,0.5624785973662061,0.0,71.43,100.0,0.0,1.0,1.0,12.5,59.0,456.17389046784666,48,24.2,58.5,44.8,Medium,Funds utilization (68%) is far ahead of physical completion (9%) — a gap of 59 points. | 71% of completed works have no geo/photo evidence uploaded. | Almost none of the completed works have received citizen/beneficiary feedback ratings. | 456% of expenditure is still an unpaid balance to vendors.,Confirm vendor payment schedule and reasons for outstanding dues. | Cross-check beneficiary feedback mechanism / conduct spot citizen verification. | Request site photographs / geo-tagged images for works missing visual evidence. | Verify that advance/interim payments correspond to actual physical progress on site.
Virendra Kumar,TIKAMGARH,Madhya Pradesh,Lok Sabha,147000000.0,137647786.0,49785240.0,93.64,12,359,3.34,87862546.0,221,213,8,,177.0,221.0,49785240.0,DEEPAK KUMAR SHARMA,7.09,1.74,38.01,3.62,3.0,12.0,-0.12567629626264834,0.0,0.0,100.0,58.33,3.0,3.0,3.619909502262444,90.3,176.48312230693273,46,27.8,56.1,44.8,Medium,Funds utilization (94%) is far ahead of physical completion (3%) — a gap of 90 points. | Almost none of the completed works have received citizen/beneficiary feedback ratings. | 58% of completed works are billed in suspiciously round figures. | 176% of expenditure is still an unpaid balance to vendors.,Ask for itemised cost estimates/bills rather than lump-sum round amounts. | Confirm vendor payment schedule and reasons for outstanding dues. | Cross-check beneficiary feedback mechanism / conduct spot citizen verification. | Verify that advance/interim payments correspond to actual physical progress on site.
DR. HEMANG JOSHI,VADODARA,Gujarat,Lok Sabha,147000000.0,120876228.0,69015565.0,82.23,72,204,35.29,51860663.0,123,122,1,,64.0,123.0,69015565.0,NEELAM CONSTRUCTION,8.14,3.27,47.97,0.81,18.0,72.0,0.07597339792611703,3.0,20.83,100.0,36.11,1.0,19.0,0.8130081300813009,46.940000000000005,75.14343032618801,58,5.8,70.7,44.7,Medium,Funds utilization (82%) is far ahead of physical completion (35%) — a gap of 47 points. | Almost none of the completed works have received citizen/beneficiary feedback ratings. | 3 completed works cost far above the average for their work category (statistical outliers). | The exact same rupee amount appears on 19 separate completed works. | 75% of expenditure is still an unpaid balance to vendors.,Check for templated/cookie-cutter billing rather than work-specific costing. | Compare quoted cost of outlier works with category benchmark / schedule of rates (SOR). | Confirm vendor payment schedule and reasons for outstanding dues. | Cross-check beneficiary feedback mechanism / conduct spot citizen verification. | Verify that advance/interim payments correspond to actual physical progress on site.
Sanjay Seth,RANCHI,Jharkhand,Lok Sabha,147064357.11,97792648.0,88234955.0,66.5,49,150,32.67,9557693.0,245,245,0,,3.0,245.0,88234955.0,AMIT KUMAR JUNIOR ENGINEER,81.1,67.58,0.82,0.0,22.0,49.0,0.05799062992336497,0.0,100.0,100.0,0.0,1.0,3.0,0.0,33.83,10.832093698013447,36,45.6,43.9,44.6,Medium,Vendor concentration is high (HHI=68); top vendor 'AMIT KUMAR JUNIOR ENGINEER' handles 81% of spend. | 100% of completed works have no geo/photo evidence uploaded. | Almost none of the completed works have received citizen/beneficiary feedback ratings.,Check whether the dominant vendor was selected through fair/competitive process across multiple works. | Cross-check beneficiary feedback mechanism / conduct spot citizen verification. | Request site photographs / geo-tagged images for works missing visual evidence.
Shri Chunnilal Garasiya (2024-30),Sitting Rajya Sabha,Rajasthan,Rajya Sabha,147000000.0,140513598.0,75910578.0,95.59,24,175,13.71,64603020.0,178,176,2,,80.0,178.0,75910578.0,JAY HANUMAN TRADERS,9.8,4.45,28.65,1.12,33.0,24.0,1.079339822525792,4.0,29.17,100.0,4.17,1.0,1.0,1.1235955056179776,81.88,85.10410762515865,50,19.9,61.0,44.6,Medium,Funds utilization (96%) is far ahead of physical completion (14%) — a gap of 82 points. | Almost none of the completed works have received citizen/beneficiary feedback ratings. | 4 completed works cost far above the average for their work category (statistical outliers). | 85% of expenditure is still an unpaid balance to vendors.,Compare quoted cost of outlier works with category benchmark / schedule of rates (SOR). | Confirm vendor payment schedule and reasons for outstanding dues. | Cross-check beneficiary feedback mechanism / conduct spot citizen verification. | Verify that advance/interim payments correspond to actual physical progress on site.
RAVINDRA DATTARAM WAIKAR,MUMBAI NORTH WEST,Maharashtra,Lok Sabha,147000000.0,147000000.0,53799122.0,100.0,0,67,0.0,93200878.0,24,20,4,,17.0,24.0,53799122.0,Krishna Construction Co,14.79,8.41,4.17,16.67,1.0,0.0,0.0,0.0,0.0,0.0,0.0,0.0,0.0,16.666666666666664,100.0,173.2386599171637,30,56.7,36.6,44.6,Medium,Funds utilization (100%) is far ahead of physical completion (0%) — a gap of 100 points. | 173% of expenditure is still an unpaid balance to vendors.,Confirm vendor payment schedule and reasons for outstanding dues. | Verify that advance/interim payments correspond to actual physical progress on site.
Hasmukh Bhai Soma Bhai Patel,AHMEDABAD EAST,Gujarat,Lok Sabha,147000000.0,117018098.0,32021270.0,79.6,20,197,10.15,84996828.0,36,36,0,,28.0,36.0,32021270.0,ALPHA EQUIPMENTS,24.16,12.11,55.56,0.0,1.0,20.0,0.09713723136205965,1.0,0.0,100.0,50.0,1.0,4.0,0.0,69.44999999999999,265.438653744839,54,12.5,65.9,44.5,Medium,Funds utilization (80%) is far ahead of physical completion (10%) — a gap of 69 points. | Almost none of the completed works have received citizen/beneficiary feedback ratings. | 50% of completed works are billed in suspiciously round figures. | The exact same rupee amount appears on 4 separate completed works. | 265% of expenditure is still an unpaid balance to vendors.,Ask for itemised cost estimates/bills rather than lump-sum round amounts. | Check for templated/cookie-cutter billing rather than work-specific costing. | Confirm vendor payment schedule and reasons for outstanding dues. | Cross-check beneficiary feedback mechanism / conduct spot citizen verification. | Verify that advance/interim payments correspond to actual physical progress on site.
Smt. Jaya Amitabh Bachchan (2024-30),Sitting Rajya Sabha,Uttar Pradesh,Rajya Sabha,147000000.0,42107001.0,21904185.0,28.64,10,23,43.48,20202816.0,21,21,0,,7.0,21.0,21904185.0,Asha Construction,45.99,26.82,0.0,0.0,2.0,10.0,1.3823655933546717,2.0,70.0,100.0,0.0,1.0,1.0,0.0,0.0,92.23267608450166,40,38.1,48.8,44.5,Medium,70% of completed works have no geo/photo evidence uploaded. | Almost none of the completed works have received citizen/beneficiary feedback ratings. | 2 completed works cost far above the average for their work category (statistical outliers). | 92% of expenditure is still an unpaid balance to vendors.,Compare quoted cost of outlier works with category benchmark / schedule of rates (SOR). | Confirm vendor payment schedule and reasons for outstanding dues. | Cross-check beneficiary feedback mechanism / conduct spot citizen verification. | Request site photographs / geo-tagged images for works missing visual evidence.
Smt. S. Phangnon Konyak (2022-28),Sitting Rajya Sabha,Nagaland,Rajya Sabha,206563957.11,204171000.0,200229200.0,98.84,58,77,75.32,3941800.0,126,125,1,,68.0,126.0,200229200.0,Y C Chingkap Konyak,12.49,4.65,88.89,0.79,1.0,58.0,1.9219926433099697,11.0,15.52,100.0,94.83,2.0,21.0,0.7936507936507936,23.52000000000001,1.968643934051577,36,45.3,43.9,44.5,Medium,Almost none of the completed works have received citizen/beneficiary feedback ratings. | 95% of completed works are billed in suspiciously round figures. | 11 completed works cost far above the average for their work category (statistical outliers). | The exact same rupee amount appears on 21 separate completed works.,Ask for itemised cost estimates/bills rather than lump-sum round amounts. | Check for templated/cookie-cutter billing rather than work-specific costing. | Compare quoted cost of outlier works with category benchmark / schedule of rates (SOR). | Cross-check beneficiary feedback mechanism / conduct spot citizen verification.
Kalanidhi Veeraswamy,CHENNAI NORTH,Tamil Nadu,Lok Sabha,171500000.0,146804864.0,86228598.0,85.6,40,100,40.0,60576266.0,58,57,1,,18.0,58.0,86228598.0,SHRI VAIKUNTHANAATHAA,11.59,8.38,18.97,1.72,11.0,40.0,0.8890854790237936,3.0,0.0,100.0,2.5,1.0,17.0,1.7241379310344827,45.599999999999994,70.25078385247548,58,4.9,70.7,44.4,Medium,Funds utilization (86%) is far ahead of physical completion (40%) — a gap of 46 points. | Almost none of the completed works have received citizen/beneficiary feedback ratings. | 3 completed works cost far above the average for their work category (statistical outliers). | The exact same rupee amount appears on 17 separate completed works. | 70% of expenditure is still an unpaid balance to vendors.,Check for templated/cookie-cutter billing rather than work-specific costing. | Compare quoted cost of outlier works with category benchmark / schedule of rates (SOR). | Confirm vendor payment schedule and reasons for outstanding dues. | Cross-check beneficiary feedback mechanism / conduct spot citizen verification. | Verify that advance/interim payments correspond to actual physical progress on site.
Smt Himadri Singh,SHAHDOL,Madhya Pradesh,Lok Sabha,150724861.11,115253372.0,60185831.0,76.47,45,168,26.79,55067541.0,187,168,19,,47.0,187.0,60185831.0,MS SANJAY KUMAR TIWARI,20.11,6.04,36.9,10.16,13.0,45.0,-0.019236415474443366,0.0,57.78,100.0,17.78,11.0,20.0,10.16042780748663,49.68,91.49585556108713,54,11.8,65.9,44.3,Medium,Funds utilization (76%) is far ahead of physical completion (27%) — a gap of 50 points. | Almost none of the completed works have received citizen/beneficiary feedback ratings. | The same work description text is reused 11 times. | The exact same rupee amount appears on 20 separate completed works. | 91% of expenditure is still an unpaid balance to vendors.,Check for templated/cookie-cutter billing rather than work-specific costing. | Confirm vendor payment schedule and reasons for outstanding dues. | Cross-check beneficiary feedback mechanism / conduct spot citizen verification. | Verify that advance/interim payments correspond to actual physical progress on site. | Verify these are genuinely distinct works and not duplicate/split entries.
Shri Aditya Prasad (2022-28),Sitting Rajya Sabha,Jharkhand,Rajya Sabha,227628508.2,184173092.0,159474868.0,80.91,141,226,62.39,24698224.0,383,382,1,,16.0,383.0,159474868.0,PARMANAND PASWAN,46.51,32.53,30.03,0.26,35.0,141.0,0.2693459840811435,0.0,99.29,100.0,82.27,1.0,41.0,0.26109660574412535,18.519999999999996,15.48722021829797,34,48.2,41.5,44.2,Medium,99% of completed works have no geo/photo evidence uploaded. | Almost none of the completed works have received citizen/beneficiary feedback ratings. | 82% of completed works are billed in suspiciously round figures. | The exact same rupee amount appears on 41 separate completed works.,Ask for itemised cost estimates/bills rather than lump-sum round amounts. | Check for templated/cookie-cutter billing rather than work-specific costing. | Cross-check beneficiary feedback mechanism / conduct spot citizen verification. | Request site photographs / geo-tagged images for works missing visual evidence.
Pradyut Bordoloi,NOWGONG,Assam,Lok Sabha,98000000.0,97394000.0,67857468.0,99.38,13,215,6.05,29536532.0,478,475,3,,62.0,478.0,67857468.0,PRITOM TRIBEDI,13.01,5.71,23.85,0.63,84.0,13.0,-0.03332967225022934,0.0,46.15,100.0,38.46,1.0,2.0,0.6276150627615062,93.33,43.52731227755211,38,41.1,46.3,44.2,Medium,Funds utilization (99%) is far ahead of physical completion (6%) — a gap of 93 points. | Almost none of the completed works have received citizen/beneficiary feedback ratings. | 44% of expenditure is still an unpaid balance to vendors.,Confirm vendor payment schedule and reasons for outstanding dues. | Cross-check beneficiary feedback mechanism / conduct spot citizen verification. | Verify that advance/interim payments correspond to actual physical progress on site.
Mukesh Rajput,FARRUKHABAD,Uttar Pradesh,Lok Sabha,147000000.0,146534526.0,108417412.0,99.68,246,306,80.39,38117114.0,367,367,0,,4.0,367.0,108417412.0,Nightingale Networks LLP,81.58,69.44,0.0,0.0,20.0,246.0,-0.163934869464489,0.0,29.67,100.0,0.0,1.0,116.0,0.0,19.290000000000006,35.157742005500005,34,48.1,41.5,44.1,Medium,Vendor concentration is high (HHI=69); top vendor 'Nightingale Networks LLP' handles 82% of spend. | Almost none of the completed works have received citizen/beneficiary feedback ratings. | The exact same rupee amount appears on 116 separate completed works.,Check for templated/cookie-cutter billing rather than work-specific costing. | Check whether the dominant vendor was selected through fair/competitive process across multiple works. | Cross-check beneficiary feedback mechanism / conduct spot citizen verification.
Shri Sadanand Mhalu Shet Tanavade (2023-29),Sitting Rajya Sabha,Goa,Rajya Sabha,171500000.0,111734773.99,37836353.99,65.15,10,41,24.39,73898420.0,26,26,0,,8.0,26.0,37836353.99,TATA MOTORS,48.91,34.53,15.38,0.0,3.0,10.0,2.144551435663937,4.0,40.0,100.0,10.0,1.0,1.0,0.0,40.760000000000005,195.31062644019838,50,18.5,61.0,44.0,Medium,Funds utilization (65%) is far ahead of physical completion (24%) — a gap of 41 points. | Almost none of the completed works have received citizen/beneficiary feedback ratings. | 4 completed works cost far above the average for their work category (statistical outliers). | 195% of expenditure is still an unpaid balance to vendors.,Compare quoted cost of outlier works with category benchmark / schedule of rates (SOR). | Confirm vendor payment schedule and reasons for outstanding dues. | Cross-check beneficiary feedback mechanism / conduct spot citizen verification. | Verify that advance/interim payments correspond to actual physical progress on site.
Shri Chandra Prakash Choudhary,GIRIDIH,Jharkhand,Lok Sabha,147000000.0,116301602.0,57353516.0,79.12,49,674,7.27,58948086.0,305,270,35,,6.0,305.0,57353516.0,Raj Kishor Mahato,28.42,24.46,56.72,11.48,45.0,49.0,-0.2422214004402216,0.0,28.57,100.0,42.86,1.0,15.0,11.475409836065573,71.85000000000001,102.78024803222176,46,25.8,56.1,44.0,Medium,Funds utilization (79%) is far ahead of physical completion (7%) — a gap of 72 points. | Almost none of the completed works have received citizen/beneficiary feedback ratings. | The exact same rupee amount appears on 15 separate completed works. | 103% of expenditure is still an unpaid balance to vendors.,Check for templated/cookie-cutter billing rather than work-specific costing. | Confirm vendor payment schedule and reasons for outstanding dues. | Cross-check beneficiary feedback mechanism / conduct spot citizen verification. | Verify that advance/interim payments correspond to actual physical progress on site.
Gajendra Singh Patel,KHARGONE,Madhya Pradesh,Lok Sabha,147000000.0,111277517.0,68143099.0,75.7,104,336,30.95,43134418.0,383,381,2,,24.0,383.0,68143099.0,MP STATE  AGRO  IND DEV CO LTD BARWANI,24.32,10.66,62.66,0.52,41.0,104.0,-0.2950892445821778,0.0,58.65,100.0,10.58,14.0,41.0,0.5221932114882507,44.75,63.29975981867217,54,11.2,65.9,44.0,Medium,Funds utilization (76%) is far ahead of physical completion (31%) — a gap of 45 points. | Almost none of the completed works have received citizen/beneficiary feedback ratings. | The same work description text is reused 14 times. | The exact same rupee amount appears on 41 separate completed works. | 63% of expenditure is still an unpaid balance to vendors.,Check for templated/cookie-cutter billing rather than work-specific costing. | Confirm vendor payment schedule and reasons for outstanding dues. | Cross-check beneficiary feedback mechanism / conduct spot citizen verification. | Verify that advance/interim payments correspond to actual physical progress on site. | Verify these are genuinely distinct works and not duplicate/split entries.
RAJA RAM SINGH,KARAKAT,Bihar,Lok Sabha,147000000.0,145887944.0,72478355.0,99.24,114,329,34.65,73409589.0,194,191,3,,13.0,194.0,72478355.0,BIDHANSABHA KSHETRA OBRA SAHAYAK ABHIYANTA,20.38,11.95,9.28,1.55,39.0,114.0,-0.10680980689433645,0.0,0.0,100.0,9.65,11.0,11.0,1.5463917525773196,64.59,101.28484428213085,54,10.7,65.9,43.8,Medium,Funds utilization (99%) is far ahead of physical completion (35%) — a gap of 65 points. | Almost none of the completed works have received citizen/beneficiary feedback ratings. | The same work description text is reused 11 times. | The exact same rupee amount appears on 11 separate completed works. | 101% of expenditure is still an unpaid balance to vendors.,Check for templated/cookie-cutter billing rather than work-specific costing. | Confirm vendor payment schedule and reasons for outstanding dues. | Cross-check beneficiary feedback mechanism / conduct spot citizen verification. | Verify that advance/interim payments correspond to actual physical progress on site. | Verify these are genuinely distinct works and not duplicate/split entries.
Shri Vivek K. Tankha (2022-28),Sitting Rajya Sabha,Madhya Pradesh,Rajya Sabha,220563957.11,184718033.0,116845421.0,83.75,118,504,23.41,67872612.0,635,629,6,,242.0,635.0,116845421.0,MP AGRO JABALPUR,3.79,1.09,41.42,0.94,88.0,118.0,-0.18054620541780098,0.0,22.88,100.0,46.61,1.0,18.0,0.9448818897637795,60.34,58.08752402886203,46,25.3,56.1,43.8,Medium,Funds utilization (84%) is far ahead of physical completion (23%) — a gap of 60 points. | Almost none of the completed works have received citizen/beneficiary feedback ratings. | The exact same rupee amount appears on 18 separate completed works. | 58% of expenditure is still an unpaid balance to vendors.,Check for templated/cookie-cutter billing rather than work-specific costing. | Confirm vendor payment schedule and reasons for outstanding dues. | Cross-check beneficiary feedback mechanism / conduct spot citizen verification. | Verify that advance/interim payments correspond to actual physical progress on site.
SHAFI PARAMBIL,VADAKARA,Kerala,Lok Sabha,147000000.0,102753500.0,15909800.0,69.9,15,244,6.15,86843700.0,56,56,0,,13.0,56.0,15909800.0,TATA MOTORS,26.71,19.23,14.29,0.0,10.0,15.0,-0.4338500374585006,0.0,0.0,100.0,0.0,14.0,14.0,0.0,63.75000000000001,545.8503563841155,54,10.6,65.9,43.8,Medium,Funds utilization (70%) is far ahead of physical completion (6%) — a gap of 64 points. | Almost none of the completed works have received citizen/beneficiary feedback ratings. | The same work description text is reused 14 times. | The exact same rupee amount appears on 14 separate completed works. | 546% of expenditure is still an unpaid balance to vendors.,Check for templated/cookie-cutter billing rather than work-specific costing. | Confirm vendor payment schedule and reasons for outstanding dues. | Cross-check beneficiary feedback mechanism / conduct spot citizen verification. | Verify that advance/interim payments correspond to actual physical progress on site. | Verify these are genuinely distinct works and not duplicate/split entries.
Dr. Sikander Kumar (2022-28),Sitting Rajya Sabha,Himachal Pradesh,Rajya Sabha,207863957.11,166754937.04,127681938.04,80.22,171,394,43.4,39072998.99999999,423,417,6,,162.0,423.0,127681938.04,Universal Press,9.31,3.78,64.78,1.42,53.0,171.0,-0.014809363815831483,2.0,71.35,100.0,61.4,2.0,29.0,1.4184397163120568,36.82,30.601821682687223,46,25.2,56.1,43.7,Medium,71% of completed works have no geo/photo evidence uploaded. | Almost none of the completed works have received citizen/beneficiary feedback ratings. | 61% of completed works are billed in suspiciously round figures. | 2 completed works cost far above the average for their work category (statistical outliers). | The exact same rupee amount appears on 29 separate completed works.,Ask for itemised cost estimates/bills rather than lump-sum round amounts. | Check for templated/cookie-cutter billing rather than work-specific costing. | Compare quoted cost of outlier works with category benchmark / schedule of rates (SOR). | Cross-check beneficiary feedback mechanism / conduct spot citizen verification. | Request site photographs / geo-tagged images for works missing visual evidence.
Shri B. Parthasaradhi Reddy (2022-28),Sitting Rajya Sabha,Telangana,Rajya Sabha,244365104.0,45631636.0,5945528.0,18.67,6,25,24.0,39686108.0,7,7,0,,2.0,7.0,5945528.0,Realty Shield Services Private Limited,55.43,50.59,0.0,0.0,1.0,6.0,-0.10029900167442059,0.0,0.0,100.0,0.0,1.0,2.0,0.0,0.0,667.495098837311,36,43.3,43.9,43.7,Medium,Vendor concentration is high (HHI=51); top vendor 'Realty Shield Services Private Limited' handles 55% of spend. | Almost none of the completed works have received citizen/beneficiary feedback ratings. | 667% of expenditure is still an unpaid balance to vendors.,Check whether the dominant vendor was selected through fair/competitive process across multiple works. | Confirm vendor payment schedule and reasons for outstanding dues. | Cross-check beneficiary feedback mechanism / conduct spot citizen verification.
SHER SINGH GHUBAYA,FIROZPUR,Punjab,Lok Sabha,147000000.0,120880251.0,94266196.0,82.23,361,480,75.21,26614055.0,462,462,0,,48.0,462.0,94266196.0,The Gill Sehkari Kirat te Ussari Sabha Ltd,29.36,17.75,2.16,0.0,99.0,361.0,-0.2936438657279586,0.0,81.16,100.0,3.32,26.0,19.0,0.0,7.02000000000001,28.232872577143137,34,47.0,41.5,43.7,Medium,81% of completed works have no geo/photo evidence uploaded. | Almost none of the completed works have received citizen/beneficiary feedback ratings. | The same work description text is reused 26 times. | The exact same rupee amount appears on 19 separate completed works.,Check for templated/cookie-cutter billing rather than work-specific costing. | Cross-check beneficiary feedback mechanism / conduct spot citizen verification. | Request site photographs / geo-tagged images for works missing visual evidence. | Verify these are genuinely distinct works and not duplicate/split entries.
Dr. Anil Sukhdeorao Bonde (2022-28),Sitting Rajya Sabha,Maharashtra,Rajya Sabha,196063957.11,194938204.0,86399726.0,99.43,50,185,27.03,108538478.0,84,79,5,,52.0,84.0,86399726.0,DURGA MOTORS,6.16,2.87,25.0,5.95,10.0,50.0,0.39629814443185074,0.0,62.0,100.0,28.0,1.0,3.0,5.952380952380952,72.4,125.62363681570008,48,21.3,58.5,43.6,Medium,Funds utilization (99%) is far ahead of physical completion (27%) — a gap of 72 points. | 62% of completed works have no geo/photo evidence uploaded. | Almost none of the completed works have received citizen/beneficiary feedback ratings. | 126% of expenditure is still an unpaid balance to vendors.,Confirm vendor payment schedule and reasons for outstanding dues. | Cross-check beneficiary feedback mechanism / conduct spot citizen verification. | Request site photographs / geo-tagged images for works missing visual evidence. | Verify that advance/interim payments correspond to actual physical progress on site.
AZAD KIRTI JHA,BARDHAMAN-DURGAPUR,West Bengal,Lok Sabha,179658399.98,90768485.0,33156887.0,50.52,6,112,5.36,57611598.0,30,29,1,,13.0,30.0,33156887.0,ASIB ENTERPRISE,17.37,11.29,0.0,3.33,3.0,6.0,1.6181150124058465,2.0,50.0,100.0,0.0,1.0,1.0,3.3333333333333335,45.160000000000004,173.7545445686744,50,17.4,61.0,43.6,Medium,Funds utilization (51%) is far ahead of physical completion (5%) — a gap of 45 points. | Almost none of the completed works have received citizen/beneficiary feedback ratings. | 2 completed works cost far above the average for their work category (statistical outliers). | 174% of expenditure is still an unpaid balance to vendors.,Compare quoted cost of outlier works with category benchmark / schedule of rates (SOR). | Confirm vendor payment schedule and reasons for outstanding dues. | Cross-check beneficiary feedback mechanism / conduct spot citizen verification. | Verify that advance/interim payments correspond to actual physical progress on site.
PRANITI SUSHILKUMAR SHINDE,SOLAPUR,Maharashtra,Lok Sabha,147000000.0,118376684.0,8440395.0,80.53,2,131,1.53,109936289.0,9,9,0,,8.0,9.0,8440395.0,MILAN SAHAKARI MAJUR SANSTHA MARYADIT SOLAPUR,23.62,14.21,11.11,0.0,1.0,2.0,0.2008927294248325,0.0,100.0,100.0,50.0,1.0,1.0,0.0,79.0,1302.5017075622645,30,54.2,36.6,43.6,Medium,Funds utilization (81%) is far ahead of physical completion (2%) — a gap of 79 points. | 1303% of expenditure is still an unpaid balance to vendors.,Confirm vendor payment schedule and reasons for outstanding dues. | Verify that advance/interim payments correspond to actual physical progress on site.
Asaduddin Owaisi,HYDERABAD,Telangana,Lok Sabha,147000000.0,54353976.0,11172317.0,36.98,1,19,5.26,43181659.0,7,7,0,,4.0,7.0,11172317.0,A F Construction op by Ismail,91.87,84.71,0.0,0.0,1.0,1.0,5.00345658952698,1.0,0.0,100.0,0.0,1.0,1.0,0.0,31.72,386.50585191952575,28,57.8,34.1,43.6,Medium,Vendor concentration is high (HHI=85); top vendor 'A F Construction op by Ismail' handles 92% of spend. | 387% of expenditure is still an unpaid balance to vendors.,Check whether the dominant vendor was selected through fair/competitive process across multiple works. | Confirm vendor payment schedule and reasons for outstanding dues.
Shri B Y Raghavendra,SHIMOGA,Karnataka,Lok Sabha,147000000.0,138362295.0,70428761.0,94.12,49,350,14.0,67933534.0,298,297,1,,12.0,298.0,70428761.0,Nirmithi Kendra Shivamogga,44.8,30.33,39.6,0.34,46.0,49.0,-0.14233018446276835,0.0,8.16,100.0,24.49,1.0,7.0,0.33557046979865773,80.12,96.45709087513268,46,24.5,56.1,43.5,Medium,Funds utilization (94%) is far ahead of physical completion (14%) — a gap of 80 points. | Almost none of the completed works have received citizen/beneficiary feedback ratings. | The exact same rupee amount appears on 7 separate completed works. | 96% of expenditure is still an unpaid balance to vendors.,Check for templated/cookie-cutter billing rather than work-specific costing. | Confirm vendor payment schedule and reasons for outstanding dues. | Cross-check beneficiary feedback mechanism / conduct spot citizen verification. | Verify that advance/interim payments correspond to actual physical progress on site.
Shri Kesridevsinh Jhala (2023-29),Sitting Rajya Sabha,Gujarat,Rajya Sabha,171500000.0,118319535.0,26663551.0,68.99,21,144,14.58,91655984.0,52,51,1,,35.0,52.0,26663551.0,JEDA ENTERPRISE,20.63,7.16,53.85,1.92,5.0,21.0,0.01753608978896331,0.0,28.57,100.0,52.38,1.0,7.0,1.9230769230769231,54.41,343.7501029026479,54,9.6,65.9,43.4,Medium,Funds utilization (69%) is far ahead of physical completion (15%) — a gap of 54 points. | Almost none of the completed works have received citizen/beneficiary feedback ratings. | 52% of completed works are billed in suspiciously round figures. | The exact same rupee amount appears on 7 separate completed works. | 344% of expenditure is still an unpaid balance to vendors.,Ask for itemised cost estimates/bills rather than lump-sum round amounts. | Check for templated/cookie-cutter billing rather than work-specific costing. | Confirm vendor payment schedule and reasons for outstanding dues. | Cross-check beneficiary feedback mechanism / conduct spot citizen verification. | Verify that advance/interim payments correspond to actual physical progress on site.
JYOTIRADITYA M. SCINDIA,GUNA,Madhya Pradesh,Lok Sabha,147000000.0,89874298.0,55870850.0,61.14,46,63,73.02,34003448.0,99,98,1,,50.0,99.0,55870850.0,cmo shivpuri,10.47,3.71,62.63,1.01,4.0,46.0,0.4390275726069079,2.0,19.57,100.0,30.43,8.0,14.0,1.0101010101010102,0.0,60.86080308425592,46,24.3,56.1,43.4,Medium,Almost none of the completed works have received citizen/beneficiary feedback ratings. | 2 completed works cost far above the average for their work category (statistical outliers). | The same work description text is reused 8 times. | The exact same rupee amount appears on 14 separate completed works. | 61% of expenditure is still an unpaid balance to vendors.,Check for templated/cookie-cutter billing rather than work-specific costing. | Compare quoted cost of outlier works with category benchmark / schedule of rates (SOR). | Confirm vendor payment schedule and reasons for outstanding dues. | Cross-check beneficiary feedback mechanism / conduct spot citizen verification. | Verify these are genuinely distinct works and not duplicate/split entries.
ANAND BHADAURIYA,DHAURAHRA,Uttar Pradesh,Lok Sabha,147000000.0,105398057.33,78958947.0,71.7,132,184,71.74,26439110.33,373,360,13,,18.0,373.0,78958947.0,MANNAT CONSTRUCTION,61.57,42.95,2.14,3.49,31.0,132.0,-0.24541305770614635,1.0,39.39,100.0,0.0,14.0,51.0,3.485254691689008,0.0,33.48462882870006,42,31.5,51.2,43.3,Medium,Vendor concentration is high (HHI=43); top vendor 'MANNAT CONSTRUCTION' handles 62% of spend. | Almost none of the completed works have received citizen/beneficiary feedback ratings. | The same work description text is reused 14 times. | The exact same rupee amount appears on 51 separate completed works.,Check for templated/cookie-cutter billing rather than work-specific costing. | Check whether the dominant vendor was selected through fair/competitive process across multiple works. | Cross-check beneficiary feedback mechanism / conduct spot citizen verification. | Verify these are genuinely distinct works and not duplicate/split entries.
Shri Kartikeya Sharma (2022-28),Sitting Rajya Sabha,Haryana,Rajya Sabha,196000000.0,61175297.0,1161226.0,31.21,0,62,0.0,60014071.0,2,2,0,,1.0,2.0,1161226.0,KMT Construction Company,100.0,100.0,0.0,0.0,0.0,0.0,0.0,0.0,0.0,0.0,0.0,0.0,0.0,0.0,31.21,5168.164595005624,10,89.6,12.2,43.2,Medium,5168% of expenditure is still an unpaid balance to vendors.,Confirm vendor payment schedule and reasons for outstanding dues.
ABHAY KUMAR SINHA,AURANGABAD,Bihar,Lok Sabha,147000000.0,140604391.0,73566109.0,95.65,124,271,45.76,67038282.0,159,159,0,,11.0,159.0,73566109.0,LITTLE GENIUS AGENCIES,27.14,19.4,25.16,0.0,12.0,124.0,-0.08729757129331626,0.0,35.48,100.0,16.13,32.0,39.0,0.0,49.89000000000001,91.12658384583042,54,9.1,65.9,43.2,Medium,Funds utilization (96%) is far ahead of physical completion (46%) — a gap of 50 points. | Almost none of the completed works have received citizen/beneficiary feedback ratings. | The same work description text is reused 32 times. | The exact same rupee amount appears on 39 separate completed works. | 91% of expenditure is still an unpaid balance to vendors.,Check for templated/cookie-cutter billing rather than work-specific costing. | Confirm vendor payment schedule and reasons for outstanding dues. | Cross-check beneficiary feedback mechanism / conduct spot citizen verification. | Verify that advance/interim payments correspond to actual physical progress on site. | Verify these are genuinely distinct works and not duplicate/split entries.
Khalilur Rahaman,JANGIPUR,West Bengal,Lok Sabha,147000000.0,78631103.0,23028217.0,53.49,31,107,28.97,55602886.0,44,33,11,,9.0,44.0,23028217.0,MAJIBUR RAHAMAN,41.04,23.16,20.45,25.0,6.0,31.0,0.0701524403127894,0.0,0.0,100.0,29.03,17.0,18.0,25.0,24.520000000000003,241.45545441056075,46,23.5,56.1,43.1,Medium,25% of payment transactions are still pending. | Almost none of the completed works have received citizen/beneficiary feedback ratings. | The same work description text is reused 17 times. | The exact same rupee amount appears on 18 separate completed works. | 241% of expenditure is still an unpaid balance to vendors.,Check for templated/cookie-cutter billing rather than work-specific costing. | Confirm vendor payment schedule and reasons for outstanding dues. | Cross-check beneficiary feedback mechanism / conduct spot citizen verification. | Review pending-payment vendor invoices for delay reasons and documentation completeness. | Verify these are genuinely distinct works and not duplicate/split entries.
Alok Kumar Suman,GOPALGANJ,Bihar,Lok Sabha,147000000.0,137350687.0,51862560.0,93.44,43,155,27.74,85488127.0,57,56,1,,15.0,57.0,51862560.0,BIDP INDIA PRIVATE LIMITED,38.37,25.7,0.0,1.75,7.0,43.0,0.4384644447615231,0.0,0.0,100.0,0.0,5.0,19.0,1.7543859649122806,65.7,164.83591824236981,54,8.9,65.9,43.1,Medium,Funds utilization (93%) is far ahead of physical completion (28%) — a gap of 66 points. | Almost none of the completed works have received citizen/beneficiary feedback ratings. | The same work description text is reused 5 times. | The exact same rupee amount appears on 19 separate completed works. | 165% of expenditure is still an unpaid balance to vendors.,Check for templated/cookie-cutter billing rather than work-specific costing. | Confirm vendor payment schedule and reasons for outstanding dues. | Cross-check beneficiary feedback mechanism / conduct spot citizen verification. | Verify that advance/interim payments correspond to actual physical progress on site. | Verify these are genuinely distinct works and not duplicate/split entries.
DR. M.P ABDUSSAMAD SAMADANI,PONNANI,Kerala,Lok Sabha,170434031.11,149764005.0,16359185.0,87.87,48,324,14.81,133404820.0,56,54,2,,24.0,56.0,16359185.0,Mahindra and Mahindra Ltd,10.51,5.95,14.29,3.57,10.0,48.0,-0.29333708426444255,0.0,8.33,100.0,14.58,1.0,9.0,3.571428571428571,73.06,815.4735092243287,46,22.8,56.1,42.8,Medium,Funds utilization (88%) is far ahead of physical completion (15%) — a gap of 73 points. | Almost none of the completed works have received citizen/beneficiary feedback ratings. | The exact same rupee amount appears on 9 separate completed works. | 815% of expenditure is still an unpaid balance to vendors.,Check for templated/cookie-cutter billing rather than work-specific costing. | Confirm vendor payment schedule and reasons for outstanding dues. | Cross-check beneficiary feedback mechanism / conduct spot citizen verification. | Verify that advance/interim payments correspond to actual physical progress on site.
Kanimozhi Karunanidhi,THOOTHUKKUDI,Tamil Nadu,Lok Sabha,147000000.0,131032027.0,58344698.0,89.14,12,53,22.64,72687329.0,34,33,1,,24.0,34.0,58344698.0,Antony Selvan M,9.84,5.3,26.47,2.94,1.0,12.0,1.4067949950501444,3.0,16.67,100.0,25.0,1.0,2.0,2.941176470588235,66.5,124.58257818045438,50,15.4,61.0,42.8,Medium,Funds utilization (89%) is far ahead of physical completion (23%) — a gap of 66 points. | Almost none of the completed works have received citizen/beneficiary feedback ratings. | 3 completed works cost far above the average for their work category (statistical outliers). | 125% of expenditure is still an unpaid balance to vendors.,Compare quoted cost of outlier works with category benchmark / schedule of rates (SOR). | Confirm vendor payment schedule and reasons for outstanding dues. | Cross-check beneficiary feedback mechanism / conduct spot citizen verification. | Verify that advance/interim payments correspond to actual physical progress on site.
ANIL YESHWANT DESAI,MUMBAI SOUTH CENTRAL,Maharashtra,Lok Sabha,147000000.0,82800000.0,7792570.0,56.33,0,34,0.0,75007430.0,4,3,1,,3.0,4.0,7792570.0,MS RAVI ASHOK KUNCHIKORVE,43.6,35.21,0.0,25.0,1.0,0.0,0.0,0.0,0.0,0.0,0.0,0.0,0.0,25.0,56.33,962.5506091058535,30,52.1,36.6,42.8,Medium,Funds utilization (56%) is far ahead of physical completion (0%) — a gap of 56 points. | 963% of expenditure is still an unpaid balance to vendors.,Confirm vendor payment schedule and reasons for outstanding dues. | Verify that advance/interim payments correspond to actual physical progress on site.
GANAPATHY RAJKUMAR P,COIMBATORE,Tamil Nadu,Lok Sabha,147370490.11,123530358.0,43662823.0,83.82,7,107,6.54,79867535.0,45,44,1,,18.0,45.0,43662823.0,R R THULASI BUILDERS INDIA PRIVATE LIMITED,16.11,8.26,62.22,2.22,5.0,7.0,0.6698228519830041,1.0,28.57,100.0,71.43,1.0,2.0,2.2222222222222223,77.27999999999999,182.91885295643849,46,22.7,56.1,42.7,Medium,Funds utilization (84%) is far ahead of physical completion (7%) — a gap of 77 points. | Almost none of the completed works have received citizen/beneficiary feedback ratings. | 71% of completed works are billed in suspiciously round figures. | 183% of expenditure is still an unpaid balance to vendors.,Ask for itemised cost estimates/bills rather than lump-sum round amounts. | Confirm vendor payment schedule and reasons for outstanding dues. | Cross-check beneficiary feedback mechanism / conduct spot citizen verification. | Verify that advance/interim payments correspond to actual physical progress on site.
Dr Mohammad Jawed,KISHANGANJ,Bihar,Lok Sabha,148669229.11,137845700.0,89065400.0,92.72,130,209,62.2,48780300.0,138,138,0,,2.0,138.0,89065400.0,RANJIT SALES CORPORATION,68.51,56.85,15.94,0.0,12.0,130.0,0.09946153116545893,0.0,27.69,100.0,0.0,1.0,94.0,0.0,30.519999999999996,54.76907979978757,44,26.0,53.7,42.6,Medium,Vendor concentration is high (HHI=57); top vendor 'RANJIT SALES CORPORATION' handles 69% of spend. | Almost none of the completed works have received citizen/beneficiary feedback ratings. | The exact same rupee amount appears on 94 separate completed works. | 55% of expenditure is still an unpaid balance to vendors.,Check for templated/cookie-cutter billing rather than work-specific costing. | Check whether the dominant vendor was selected through fair/competitive process across multiple works. | Confirm vendor payment schedule and reasons for outstanding dues. | Cross-check beneficiary feedback mechanism / conduct spot citizen verification.
Shatrughan Sinha,ASANSOL,West Bengal,Lok Sabha,147000000.0,106621025.0,66966504.0,72.53,5,36,13.89,39654521.0,20,20,0,,9.0,20.0,66966504.0,TECHNO BEST,35.81,25.59,0.0,0.0,3.0,5.0,3.708321820809207,2.0,0.0,100.0,0.0,1.0,1.0,0.0,58.64,59.21545643177073,50,15.1,61.0,42.6,Medium,Funds utilization (73%) is far ahead of physical completion (14%) — a gap of 59 points. | Almost none of the completed works have received citizen/beneficiary feedback ratings. | 2 completed works cost far above the average for their work category (statistical outliers). | 59% of expenditure is still an unpaid balance to vendors.,Compare quoted cost of outlier works with category benchmark / schedule of rates (SOR). | Confirm vendor payment schedule and reasons for outstanding dues. | Cross-check beneficiary feedback mechanism / conduct spot citizen verification. | Verify that advance/interim payments correspond to actual physical progress on site.
T Sumathy (A) Thamizhachi Thangapandian,CHENNAI SOUTH,Tamil Nadu,Lok Sabha,147000000.0,115205616.0,28530278.0,78.37,5,31,16.13,86675338.0,25,25,0,,8.0,25.0,28530278.0,L N DREAMWAY CONSTRUCTION,36.73,21.25,12.0,0.0,2.0,5.0,3.039036135981727,2.0,0.0,100.0,0.0,1.0,1.0,0.0,62.24000000000001,303.8012388102212,50,14.9,61.0,42.6,Medium,Funds utilization (78%) is far ahead of physical completion (16%) — a gap of 62 points. | Almost none of the completed works have received citizen/beneficiary feedback ratings. | 2 completed works cost far above the average for their work category (statistical outliers). | 304% of expenditure is still an unpaid balance to vendors.,Compare quoted cost of outlier works with category benchmark / schedule of rates (SOR). | Confirm vendor payment schedule and reasons for outstanding dues. | Cross-check beneficiary feedback mechanism / conduct spot citizen verification. | Verify that advance/interim payments correspond to actual physical progress on site.
P C Mohan,BANGALORE CENTRAL,Karnataka,Lok Sabha,159995711.11,25927005.0,10439505.0,16.2,2,19,10.53,15487500.0,21,21,0,,5.0,21.0,10439505.0,M CUBE INFRATECH PRIVATE LIMITED,48.85,44.72,4.76,0.0,1.0,2.0,2.0803121808828577,1.0,100.0,100.0,0.0,1.0,1.0,0.0,5.67,148.35473521014646,28,54.6,34.1,42.3,Medium,Vendor concentration is high (HHI=45); top vendor 'M CUBE INFRATECH PRIVATE LIMITED' handles 49% of spend. | 148% of expenditure is still an unpaid balance to vendors.,Check whether the dominant vendor was selected through fair/competitive process across multiple works. | Confirm vendor payment schedule and reasons for outstanding dues.
Prataprao Jadhav,BULDHANA,Maharashtra,Lok Sabha,147000000.0,50050000.0,1208028.0,34.05,0,68,0.0,48841972.0,2,2,0,,1.0,2.0,1208028.0,SHARMA CONSTRUCTION,100.0,100.0,0.0,0.0,0.0,0.0,0.0,0.0,0.0,0.0,0.0,0.0,0.0,0.0,34.05,4043.1158880423304,10,87.3,12.2,42.2,Medium,4043% of expenditure is still an unpaid balance to vendors.,Confirm vendor payment schedule and reasons for outstanding dues.
Kripanath Mallah,KARIMGANJ,Assam,Lok Sabha,147000000.0,138460506.0,66488500.0,94.19,0,94,0.0,71972006.0,116,116,0,,13.0,116.0,66488500.0,BITU RAY,30.32,22.14,44.83,0.0,15.0,0.0,0.0,0.0,0.0,0.0,0.0,0.0,0.0,0.0,94.19,108.24729990900681,30,50.1,36.6,42.0,Medium,Funds utilization (94%) is far ahead of physical completion (0%) — a gap of 94 points. | 108% of expenditure is still an unpaid balance to vendors.,Confirm vendor payment schedule and reasons for outstanding dues. | Verify that advance/interim payments correspond to actual physical progress on site.
TARIQ ANWAR,KATIHAR,Bihar,Lok Sabha,147000000.0,83725060.0,79735060.0,56.96,60,86,69.77,3990000.0,82,82,0,,3.0,82.0,79735060.0,R K Construction,66.56,50.87,9.76,0.0,12.0,60.0,0.4217876743927029,0.0,0.0,100.0,0.0,31.0,33.0,0.0,0.0,5.004072236228329,42,28.3,51.2,42.0,Medium,Vendor concentration is high (HHI=51); top vendor 'R K Construction' handles 67% of spend. | Almost none of the completed works have received citizen/beneficiary feedback ratings. | The same work description text is reused 31 times. | The exact same rupee amount appears on 33 separate completed works.,Check for templated/cookie-cutter billing rather than work-specific costing. | Check whether the dominant vendor was selected through fair/competitive process across multiple works. | Cross-check beneficiary feedback mechanism / conduct spot citizen verification. | Verify these are genuinely distinct works and not duplicate/split entries.
Dr. Radha Mohan Das Agrawal (2022-28),Sitting Rajya Sabha,Uttar Pradesh,Rajya Sabha,203626524.67,138428596.0,72382614.0,67.98,15,45,33.33,66045982.0,54,54,0,,5.0,54.0,72382614.0,MS Jitendra Kumar Yadav,51.89,46.46,0.0,0.0,6.0,15.0,2.1981578437872202,4.0,26.67,100.0,0.0,1.0,1.0,0.0,34.650000000000006,91.24564360165273,48,17.1,58.5,41.9,Medium,Vendor concentration is high (HHI=46); top vendor 'MS Jitendra Kumar Yadav' handles 52% of spend. | Almost none of the completed works have received citizen/beneficiary feedback ratings. | 4 completed works cost far above the average for their work category (statistical outliers). | 91% of expenditure is still an unpaid balance to vendors.,Check whether the dominant vendor was selected through fair/competitive process across multiple works. | Compare quoted cost of outlier works with category benchmark / schedule of rates (SOR). | Confirm vendor payment schedule and reasons for outstanding dues. | Cross-check beneficiary feedback mechanism / conduct spot citizen verification.
Sanjay Kumar Bandi,KARIMNAGAR,Telangana,Lok Sabha,172775317.11,167256600.0,65663959.0,96.81,173,635,27.24,101592641.0,307,307,0,,60.0,307.0,65663959.0,Ahmed Raza,28.19,11.0,7.82,0.0,49.0,173.0,-0.30743465835374933,0.0,52.6,100.0,10.4,1.0,13.0,0.0,69.57000000000001,154.71598506571925,46,19.8,56.1,41.6,Medium,Funds utilization (97%) is far ahead of physical completion (27%) — a gap of 70 points. | Almost none of the completed works have received citizen/beneficiary feedback ratings. | The exact same rupee amount appears on 13 separate completed works. | 155% of expenditure is still an unpaid balance to vendors.,Check for templated/cookie-cutter billing rather than work-specific costing. | Confirm vendor payment schedule and reasons for outstanding dues. | Cross-check beneficiary feedback mechanism / conduct spot citizen verification. | Verify that advance/interim payments correspond to actual physical progress on site.
ALOK SHARMA,BHOPAL,Madhya Pradesh,Lok Sabha,147000000.0,126534188.0,63242243.0,86.08,22,90,24.44,63291945.0,85,84,1,,41.0,85.0,63242243.0,MP STATE COOPERATIVE MARKETING FEDERATION LTD,7.88,3.59,67.06,1.18,7.0,22.0,0.05711622538160141,0.0,0.0,100.0,9.09,10.0,10.0,1.1764705882352942,61.64,100.07858987544131,54,5.1,65.9,41.6,Medium,Funds utilization (86%) is far ahead of physical completion (24%) — a gap of 62 points. | Almost none of the completed works have received citizen/beneficiary feedback ratings. | The same work description text is reused 10 times. | The exact same rupee amount appears on 10 separate completed works. | 100% of expenditure is still an unpaid balance to vendors.,Check for templated/cookie-cutter billing rather than work-specific costing. | Confirm vendor payment schedule and reasons for outstanding dues. | Cross-check beneficiary feedback mechanism / conduct spot citizen verification. | Verify that advance/interim payments correspond to actual physical progress on site. | Verify these are genuinely distinct works and not duplicate/split entries.
Shri Pabitra Margherita (2022-28),Sitting Rajya Sabha,Assam,Rajya Sabha,220563957.11,170051035.54,63765614.44,77.1,5,210,2.38,106285421.1,113,113,0,,50.0,113.0,63765614.44,MS Allied Construction Co,7.84,3.74,27.43,0.0,17.0,5.0,0.6121716557412274,0.0,20.0,100.0,60.0,1.0,1.0,0.0,74.72,166.68140350158288,46,19.8,56.1,41.6,Medium,Funds utilization (77%) is far ahead of physical completion (2%) — a gap of 75 points. | Almost none of the completed works have received citizen/beneficiary feedback ratings. | 60% of completed works are billed in suspiciously round figures. | 167% of expenditure is still an unpaid balance to vendors.,Ask for itemised cost estimates/bills rather than lump-sum round amounts. | Confirm vendor payment schedule and reasons for outstanding dues. | Cross-check beneficiary feedback mechanism / conduct spot citizen verification. | Verify that advance/interim payments correspond to actual physical progress on site.
Bidyut Baran Mahato,JAMSHEDPUR,Jharkhand,Lok Sabha,147000000.0,100350597.0,75745972.0,68.27,2,178,1.12,24604625.0,189,189,0,,4.0,189.0,75745972.0,KANHAIYA KUMAR SINGH,48.51,41.95,0.0,0.0,10.0,2.0,0.02583226260541108,0.0,100.0,100.0,0.0,1.0,2.0,0.0,67.14999999999999,32.48308042043477,38,34.2,46.3,41.5,Medium,Funds utilization (68%) is far ahead of physical completion (1%) — a gap of 67 points. | Vendor concentration is high (HHI=42); top vendor 'KANHAIYA KUMAR SINGH' handles 49% of spend.,Check whether the dominant vendor was selected through fair/competitive process across multiple works. | Verify that advance/interim payments correspond to actual physical progress on site.
Shri Ravi Chandra Vaddiraju (2024-30),Sitting Rajya Sabha,Telangana,Rajya Sabha,152732534.11,131769169.0,74168159.0,86.27,107,276,38.77,57601010.0,165,162,3,,56.0,165.0,74168159.0,BHOJYA GUGULOTH,7.98,3.43,3.03,1.82,27.0,107.0,-0.12108201664618039,0.0,23.36,100.0,1.87,4.0,20.0,1.8181818181818181,47.49999999999999,77.66272046741783,54,4.9,65.9,41.5,Medium,Funds utilization (86%) is far ahead of physical completion (39%) — a gap of 47 points. | Almost none of the completed works have received citizen/beneficiary feedback ratings. | The same work description text is reused 4 times. | The exact same rupee amount appears on 20 separate completed works. | 78% of expenditure is still an unpaid balance to vendors.,Check for templated/cookie-cutter billing rather than work-specific costing. | Confirm vendor payment schedule and reasons for outstanding dues. | Cross-check beneficiary feedback mechanism / conduct spot citizen verification. | Verify that advance/interim payments correspond to actual physical progress on site. | Verify these are genuinely distinct works and not duplicate/split entries.
Anurag Singh Thakur,HAMIRPUR,Himachal Pradesh,Lok Sabha,149570117.11,32981082.0,18791823.0,22.05,46,205,22.44,14189259.0,235,230,5,,113.0,235.0,18791823.0,BDO pragpur,8.25,2.21,73.62,2.13,23.0,46.0,-0.4301237870438802,0.0,45.65,100.0,78.26,1.0,10.0,2.127659574468085,0.0,75.50762371484662,34,40.8,41.5,41.2,Medium,Almost none of the completed works have received citizen/beneficiary feedback ratings. | 78% of completed works are billed in suspiciously round figures. | The exact same rupee amount appears on 10 separate completed works. | 76% of expenditure is still an unpaid balance to vendors.,Ask for itemised cost estimates/bills rather than lump-sum round amounts. | Check for templated/cookie-cutter billing rather than work-specific costing. | Confirm vendor payment schedule and reasons for outstanding dues. | Cross-check beneficiary feedback mechanism / conduct spot citizen verification.
Vijay Kumar Dubey,KUSHI NAGAR,Uttar Pradesh,Lok Sabha,148900000.0,136483723.0,80256423.0,91.66,132,239,55.23,56227300.0,324,324,0,,23.0,324.0,80256423.0,MAHI ENTERPRISES,66.84,46.56,6.79,0.0,32.0,132.0,-0.1002919063014688,0.0,17.42,100.0,0.0,1.0,67.0,0.0,36.43,70.0595639553983,44,22.4,53.7,41.2,Medium,Vendor concentration is high (HHI=47); top vendor 'MAHI ENTERPRISES' handles 67% of spend. | Almost none of the completed works have received citizen/beneficiary feedback ratings. | The exact same rupee amount appears on 67 separate completed works. | 70% of expenditure is still an unpaid balance to vendors.,Check for templated/cookie-cutter billing rather than work-specific costing. | Check whether the dominant vendor was selected through fair/competitive process across multiple works. | Confirm vendor payment schedule and reasons for outstanding dues. | Cross-check beneficiary feedback mechanism / conduct spot citizen verification.
DR. RAJESH MISHRA,SIDHI,Madhya Pradesh,Lok Sabha,262724510.35,236416983.0,184983789.0,89.99,172,341,50.44,51433194.0,656,645,11,,82.0,656.0,184983789.0,SADGURU SAI INFRA WORLD PVT LTD REWA,32.54,16.59,10.37,1.68,101.0,172.0,0.24264909741615628,0.0,97.09,100.0,0.58,52.0,80.0,1.676829268292683,39.55,27.804162882618865,34,40.7,41.5,41.2,Medium,97% of completed works have no geo/photo evidence uploaded. | Almost none of the completed works have received citizen/beneficiary feedback ratings. | The same work description text is reused 52 times. | The exact same rupee amount appears on 80 separate completed works.,Check for templated/cookie-cutter billing rather than work-specific costing. | Cross-check beneficiary feedback mechanism / conduct spot citizen verification. | Request site photographs / geo-tagged images for works missing visual evidence. | Verify these are genuinely distinct works and not duplicate/split entries.
Shri Deepak (Dev) Adhikari,GHATAL,West Bengal,Lok Sabha,200747364.0,191294685.0,87788715.0,95.29,165,205,80.49,103505970.0,176,176,0,,12.0,176.0,87788715.0,DUTTA ENTERPRISE,27.91,20.92,0.0,0.0,26.0,165.0,-0.02967483554805893,3.0,0.0,100.0,0.0,34.0,62.0,0.0,14.800000000000011,117.90350274519908,46,18.9,56.1,41.2,Medium,Almost none of the completed works have received citizen/beneficiary feedback ratings. | 3 completed works cost far above the average for their work category (statistical outliers). | The same work description text is reused 34 times. | The exact same rupee amount appears on 62 separate completed works. | 118% of expenditure is still an unpaid balance to vendors.,Check for templated/cookie-cutter billing rather than work-specific costing. | Compare quoted cost of outlier works with category benchmark / schedule of rates (SOR). | Confirm vendor payment schedule and reasons for outstanding dues. | Cross-check beneficiary feedback mechanism / conduct spot citizen verification. | Verify these are genuinely distinct works and not duplicate/split entries.
CHAMALA KIRAN KUMAR REDDY,BHONGIR,Telangana,Lok Sabha,147000000.0,91661853.0,62689273.0,62.36,417,495,84.24,28972580.0,434,434,0,,32.0,434.0,62689273.0,DORNALA ANJAIAH,30.84,13.77,19.82,0.0,53.0,417.0,-0.39829651071867544,0.0,64.51,100.0,17.99,3.0,89.0,0.0,0.0,46.21616843443056,36,37.2,43.9,41.2,Medium,65% of completed works have no geo/photo evidence uploaded. | Almost none of the completed works have received citizen/beneficiary feedback ratings. | The exact same rupee amount appears on 89 separate completed works. | 46% of expenditure is still an unpaid balance to vendors.,Check for templated/cookie-cutter billing rather than work-specific costing. | Confirm vendor payment schedule and reasons for outstanding dues. | Cross-check beneficiary feedback mechanism / conduct spot citizen verification. | Request site photographs / geo-tagged images for works missing visual evidence.
JITENDRA KUMAR DOHARE,ETAWAH,Uttar Pradesh,Lok Sabha,188747306.26,174269829.45,119571988.0,92.33,192,514,37.35,54697841.44999999,518,518,0,,16.0,518.0,119571988.0,BAKE BIHARI TRADERS,60.52,39.4,0.0,0.0,25.0,192.0,-0.2311952523521996,0.0,35.94,100.0,0.0,1.0,69.0,0.0,54.98,45.74469519566739,46,18.5,56.1,41.1,Medium,Funds utilization (92%) is far ahead of physical completion (37%) — a gap of 55 points. | Almost none of the completed works have received citizen/beneficiary feedback ratings. | The exact same rupee amount appears on 69 separate completed works. | 46% of expenditure is still an unpaid balance to vendors.,Check for templated/cookie-cutter billing rather than work-specific costing. | Confirm vendor payment schedule and reasons for outstanding dues. | Cross-check beneficiary feedback mechanism / conduct spot citizen verification. | Verify that advance/interim payments correspond to actual physical progress on site.
RAMASHANKAR RAJBHAR,SALEMPUR,Uttar Pradesh,Lok Sabha,160056927.07,153597970.0,61281620.0,95.96,84,314,26.75,92316350.0,263,241,22,,27.0,263.0,61281620.0,GAURI ENTER PRISES,17.8,9.22,7.6,8.37,34.0,84.0,-0.12932992399676288,0.0,50.0,100.0,9.52,1.0,12.0,8.365019011406844,69.21,150.64280285018575,46,18.6,56.1,41.1,Medium,Funds utilization (96%) is far ahead of physical completion (27%) — a gap of 69 points. | Almost none of the completed works have received citizen/beneficiary feedback ratings. | The exact same rupee amount appears on 12 separate completed works. | 151% of expenditure is still an unpaid balance to vendors.,Check for templated/cookie-cutter billing rather than work-specific costing. | Confirm vendor payment schedule and reasons for outstanding dues. | Cross-check beneficiary feedback mechanism / conduct spot citizen verification. | Verify that advance/interim payments correspond to actual physical progress on site.
Dr. L. Murugan (2024-30),Sitting Rajya Sabha,Madhya Pradesh,Rajya Sabha,147000000.0,83449574.0,38699774.0,56.77,6,38,15.79,44749800.0,40,39,1,,19.0,40.0,38699774.0,E E M P H AND I D B DIV DAMOH,31.01,14.09,90.0,2.5,6.0,6.0,0.7233928944674233,0.0,33.33,100.0,83.33,1.0,2.0,2.5,40.980000000000004,115.63323341371452,46,18.5,56.1,41.1,Medium,Funds utilization (57%) is far ahead of physical completion (16%) — a gap of 41 points. | Almost none of the completed works have received citizen/beneficiary feedback ratings. | 83% of completed works are billed in suspiciously round figures. | 116% of expenditure is still an unpaid balance to vendors.,Ask for itemised cost estimates/bills rather than lump-sum round amounts. | Confirm vendor payment schedule and reasons for outstanding dues. | Cross-check beneficiary feedback mechanism / conduct spot citizen verification. | Verify that advance/interim payments correspond to actual physical progress on site.
Ramprit Mandal,JHANJHARPUR,Bihar,Lok Sabha,147000000.0,146608150.0,107510581.0,99.73,91,177,51.41,39097569.0,104,104,0,,16.0,104.0,107510581.0,VIGYAN UPKARAN KENDRA,26.9,13.98,14.42,0.0,15.0,91.0,0.46336197482927644,0.0,80.22,100.0,1.1,1.0,14.0,0.0,48.32000000000001,36.36625217382092,46,18.6,56.1,41.1,Medium,Funds utilization (100%) is far ahead of physical completion (51%) — a gap of 48 points. | 80% of completed works have no geo/photo evidence uploaded. | Almost none of the completed works have received citizen/beneficiary feedback ratings. | The exact same rupee amount appears on 14 separate completed works.,Check for templated/cookie-cutter billing rather than work-specific costing. | Cross-check beneficiary feedback mechanism / conduct spot citizen verification. | Request site photographs / geo-tagged images for works missing visual evidence. | Verify that advance/interim payments correspond to actual physical progress on site.
Anto Antony,PATHANAMTHITTA,Kerala,Lok Sabha,147000000.0,143897348.0,26984855.0,97.89,60,356,16.85,116912493.0,78,78,0,,20.0,78.0,26984855.0,M S Communication,42.47,22.45,3.85,0.0,9.0,60.0,-0.2913753237438829,0.0,8.33,100.0,3.33,1.0,7.0,0.0,81.03999999999999,433.25225575605276,46,18.6,56.1,41.1,Medium,Funds utilization (98%) is far ahead of physical completion (17%) — a gap of 81 points. | Almost none of the completed works have received citizen/beneficiary feedback ratings. | The exact same rupee amount appears on 7 separate completed works. | 433% of expenditure is still an unpaid balance to vendors.,Check for templated/cookie-cutter billing rather than work-specific costing. | Confirm vendor payment schedule and reasons for outstanding dues. | Cross-check beneficiary feedback mechanism / conduct spot citizen verification. | Verify that advance/interim payments correspond to actual physical progress on site.
BIPLAB KUMAR DEB,TRIPURA WEST,Tripura,Lok Sabha,147000000.0,110368188.0,52876465.0,75.08,7,32,21.88,57491723.0,27,26,1,,18.0,27.0,52876465.0,Soumen Adhikary,21.41,12.92,0.0,3.7,0.0,7.0,2.812099377252751,3.0,14.29,100.0,0.0,1.0,1.0,3.7037037037037033,53.2,108.72837849504499,50,11.0,61.0,41.0,Medium,Funds utilization (75%) is far ahead of physical completion (22%) — a gap of 53 points. | Almost none of the completed works have received citizen/beneficiary feedback ratings. | 3 completed works cost far above the average for their work category (statistical outliers). | 109% of expenditure is still an unpaid balance to vendors.,Compare quoted cost of outlier works with category benchmark / schedule of rates (SOR). | Confirm vendor payment schedule and reasons for outstanding dues. | Cross-check beneficiary feedback mechanism / conduct spot citizen verification. | Verify that advance/interim payments correspond to actual physical progress on site.
KRITI DEVI DEBBARMAN,TRIPURA EAST,Tripura,Lok Sabha,147000000.0,95286310.0,32934783.0,64.82,13,42,30.95,62351527.0,24,24,0,,5.0,24.0,32934783.0,Senior Deputy Magistrate Khowai,39.47,28.22,58.33,0.0,2.0,13.0,0.4085307071731212,0.0,0.0,100.0,100.0,10.0,10.0,0.0,33.86999999999999,189.31816553945413,42,25.7,51.2,41.0,Medium,Almost none of the completed works have received citizen/beneficiary feedback ratings. | 100% of completed works are billed in suspiciously round figures. | The same work description text is reused 10 times. | The exact same rupee amount appears on 10 separate completed works. | 189% of expenditure is still an unpaid balance to vendors.,Ask for itemised cost estimates/bills rather than lump-sum round amounts. | Check for templated/cookie-cutter billing rather than work-specific costing. | Confirm vendor payment schedule and reasons for outstanding dues. | Cross-check beneficiary feedback mechanism / conduct spot citizen verification. | Verify these are genuinely distinct works and not duplicate/split entries.
Shri Damodar Rao Divakonda (2022-28),Sitting Rajya Sabha,Telangana,Rajya Sabha,239919406.11,179745038.0,77052481.0,74.92,110,295,37.29,102692557.0,195,195,0,,47.0,195.0,77052481.0,M Harish,12.58,5.08,9.74,0.0,19.0,110.0,-0.09597497018484771,4.0,72.73,100.0,20.0,1.0,11.0,0.0,37.63,133.27611994739016,48,14.4,58.5,40.9,Medium,73% of completed works have no geo/photo evidence uploaded. | Almost none of the completed works have received citizen/beneficiary feedback ratings. | 4 completed works cost far above the average for their work category (statistical outliers). | The exact same rupee amount appears on 11 separate completed works. | 133% of expenditure is still an unpaid balance to vendors.,Check for templated/cookie-cutter billing rather than work-specific costing. | Compare quoted cost of outlier works with category benchmark / schedule of rates (SOR). | Confirm vendor payment schedule and reasons for outstanding dues. | Cross-check beneficiary feedback mechanism / conduct spot citizen verification. | Request site photographs / geo-tagged images for works missing visual evidence.
NALIN SOREN,DUMKA,Jharkhand,Lok Sabha,147364097.11,141450000.0,86550781.0,95.99,106,425,24.94,54899219.0,289,289,0,,11.0,289.0,86550781.0,SANDIP KUMAR BHAGAT,16.87,10.7,73.01,0.0,50.0,106.0,-0.2530802836406052,0.0,25.47,100.0,42.45,1.0,40.0,0.0,71.05,63.43006771943514,46,17.9,56.1,40.8,Medium,Funds utilization (96%) is far ahead of physical completion (25%) — a gap of 71 points. | Almost none of the completed works have received citizen/beneficiary feedback ratings. | The exact same rupee amount appears on 40 separate completed works. | 63% of expenditure is still an unpaid balance to vendors.,Check for templated/cookie-cutter billing rather than work-specific costing. | Confirm vendor payment schedule and reasons for outstanding dues. | Cross-check beneficiary feedback mechanism / conduct spot citizen verification. | Verify that advance/interim payments correspond to actual physical progress on site.
RICHARD VANLALHMANGAIHA,MIZORAM,Mizoram,Lok Sabha,147000000.0,123494229.0,96361729.0,84.01,134,266,50.38,27132500.0,319,319,0,,148.0,319.0,96361729.0,VC PHULDUNGSEI ZAMPUI,2.84,1.13,33.23,0.0,18.0,134.0,-0.01808215089824775,0.0,84.33,100.0,95.52,2.0,72.0,0.0,33.63,28.156925245706212,34,39.4,41.5,40.7,Medium,84% of completed works have no geo/photo evidence uploaded. | Almost none of the completed works have received citizen/beneficiary feedback ratings. | 96% of completed works are billed in suspiciously round figures. | The exact same rupee amount appears on 72 separate completed works.,Ask for itemised cost estimates/bills rather than lump-sum round amounts. | Check for templated/cookie-cutter billing rather than work-specific costing. | Cross-check beneficiary feedback mechanism / conduct spot citizen verification. | Request site photographs / geo-tagged images for works missing visual evidence.
Piyush Vedprakash Goyal,MUMBAI NORTH,Maharashtra,Lok Sabha,147000000.0,98000000.0,30848998.0,66.67,0,49,0.0,67151002.0,17,13,4,,16.0,17.0,30848998.0,ANIKET ANIL SHINDE,9.63,6.63,0.0,23.53,0.0,0.0,0.0,0.0,0.0,0.0,0.0,0.0,0.0,23.52941176470588,66.67,217.676444466689,30,46.5,36.6,40.6,Medium,Funds utilization (67%) is far ahead of physical completion (0%) — a gap of 67 points. | 218% of expenditure is still an unpaid balance to vendors.,Confirm vendor payment schedule and reasons for outstanding dues. | Verify that advance/interim payments correspond to actual physical progress on site.
SHOBHA KARANDLAJE,BANGALORE NORTH,Karnataka,Lok Sabha,147000000.0,119610632.0,61473509.0,81.37,21,114,18.42,58137123.0,104,104,0,,28.0,104.0,61473509.0,M CUBE INFRATECH PRIVATE LIMITED,13.0,6.13,6.73,0.0,25.0,21.0,0.2654353409228771,1.0,66.67,100.0,9.52,1.0,3.0,0.0,62.95,94.57264429138085,48,13.2,58.5,40.4,Medium,Funds utilization (81%) is far ahead of physical completion (18%) — a gap of 63 points. | 67% of completed works have no geo/photo evidence uploaded. | Almost none of the completed works have received citizen/beneficiary feedback ratings. | 95% of expenditure is still an unpaid balance to vendors.,Confirm vendor payment schedule and reasons for outstanding dues. | Cross-check beneficiary feedback mechanism / conduct spot citizen verification. | Request site photographs / geo-tagged images for works missing visual evidence. | Verify that advance/interim payments correspond to actual physical progress on site.
Vishnu Dutt Sharma,KHAJURAHO,Madhya Pradesh,Lok Sabha,147000000.0,109473142.0,12409947.0,74.47,3,135,2.22,97063195.0,25,21,4,,20.0,25.0,12409947.0,GRAM PANCHAYAT SINGHORA,19.52,8.73,92.0,16.0,2.0,3.0,0.9593943048689392,0.0,0.0,100.0,33.33,1.0,1.0,16.0,72.25,782.1402863364364,38,31.5,46.3,40.4,Medium,Funds utilization (74%) is far ahead of physical completion (2%) — a gap of 72 points. | Almost none of the completed works have received citizen/beneficiary feedback ratings. | 782% of expenditure is still an unpaid balance to vendors.,Confirm vendor payment schedule and reasons for outstanding dues. | Cross-check beneficiary feedback mechanism / conduct spot citizen verification. | Verify that advance/interim payments correspond to actual physical progress on site.
JUNE MALIAH,MEDINIPUR,West Bengal,Lok Sabha,147000000.0,96497530.0,36949288.0,65.64,7,31,22.58,59548242.0,27,25,2,,14.0,27.0,36949288.0,SUJIT KUMAR CHAKRABORTY,16.16,9.89,0.0,7.41,0.0,7.0,2.163956026533403,2.0,0.0,100.0,0.0,1.0,1.0,7.4074074074074066,43.06,161.16208247368664,50,9.5,61.0,40.4,Medium,Funds utilization (66%) is far ahead of physical completion (23%) — a gap of 43 points. | Almost none of the completed works have received citizen/beneficiary feedback ratings. | 2 completed works cost far above the average for their work category (statistical outliers). | 161% of expenditure is still an unpaid balance to vendors.,Compare quoted cost of outlier works with category benchmark / schedule of rates (SOR). | Confirm vendor payment schedule and reasons for outstanding dues. | Cross-check beneficiary feedback mechanism / conduct spot citizen verification. | Verify that advance/interim payments correspond to actual physical progress on site.
Dr. John Brittas (2021-27),Sitting Rajya Sabha,Kerala,Rajya Sabha,245063957.11,214637184.0,57506835.0,87.58,36,144,25.0,157130349.0,57,57,0,,47.0,57.0,57506835.0,SREE GOKULAM HEALTHCARE PVT LTD,12.44,4.24,5.26,0.0,1.0,36.0,0.8764661297166105,4.0,33.33,100.0,2.78,1.0,2.0,0.0,62.58,273.23769252820125,50,9.6,61.0,40.4,Medium,Funds utilization (88%) is far ahead of physical completion (25%) — a gap of 63 points. | Almost none of the completed works have received citizen/beneficiary feedback ratings. | 4 completed works cost far above the average for their work category (statistical outliers). | 273% of expenditure is still an unpaid balance to vendors.,Compare quoted cost of outlier works with category benchmark / schedule of rates (SOR). | Confirm vendor payment schedule and reasons for outstanding dues. | Cross-check beneficiary feedback mechanism / conduct spot citizen verification. | Verify that advance/interim payments correspond to actual physical progress on site.
Shri Nagendra Ray (2023-29),Sitting Rajya Sabha,West Bengal,Rajya Sabha,171500000.0,122435034.68,91735859.0,71.39,2,22,9.09,30699175.680000007,14,13,1,,8.0,14.0,91735859.0,SAJAL KUMAR KAR,36.41,21.72,0.0,7.14,1.0,2.0,11.101673229505991,2.0,0.0,100.0,0.0,1.0,1.0,7.142857142857142,62.3,33.46474978775748,32,42.2,39.0,40.3,Medium,Funds utilization (71%) is far ahead of physical completion (9%) — a gap of 62 points. | 2 completed works cost far above the average for their work category (statistical outliers).,Compare quoted cost of outlier works with category benchmark / schedule of rates (SOR). | Verify that advance/interim payments correspond to actual physical progress on site.
PRIYA SAROJ,MACHHLISHAHR,Uttar Pradesh,Lok Sabha,147000000.0,139032410.0,69805592.0,94.58,725,1396,51.93,69226818.0,1048,1047,1,,16.0,1048.0,69805592.0,BHAGWATI CHAND,50.55,30.32,0.76,0.1,30.0,725.0,-0.4860864640315518,1.0,37.66,100.0,0.14,1.0,151.0,0.09541984732824427,42.65,99.17087731309549,46,16.3,56.1,40.2,Medium,Funds utilization (95%) is far ahead of physical completion (52%) — a gap of 43 points. | Almost none of the completed works have received citizen/beneficiary feedback ratings. | The exact same rupee amount appears on 151 separate completed works. | 99% of expenditure is still an unpaid balance to vendors.,Check for templated/cookie-cutter billing rather than work-specific costing. | Confirm vendor payment schedule and reasons for outstanding dues. | Cross-check beneficiary feedback mechanism / conduct spot citizen verification. | Verify that advance/interim payments correspond to actual physical progress on site.
Shri Dorjee Tshering Lepcha (2024-30),Sitting Rajya Sabha,Sikkim,Rajya Sabha,150170726.11,145996595.0,91921040.0,97.22,85,118,72.03,54075555.0,183,183,0,,29.0,183.0,91921040.0,ASSISTANT ENGINEER ZILLA PANCHAYAT OFFICE,19.96,11.69,1.09,0.0,18.0,85.0,0.4424578336866778,9.0,92.94,100.0,0.0,1.0,2.0,0.0,25.189999999999998,58.82826717365251,40,27.4,48.8,40.2,Medium,93% of completed works have no geo/photo evidence uploaded. | Almost none of the completed works have received citizen/beneficiary feedback ratings. | 9 completed works cost far above the average for their work category (statistical outliers). | 59% of expenditure is still an unpaid balance to vendors.,Compare quoted cost of outlier works with category benchmark / schedule of rates (SOR). | Confirm vendor payment schedule and reasons for outstanding dues. | Cross-check beneficiary feedback mechanism / conduct spot citizen verification. | Request site photographs / geo-tagged images for works missing visual evidence.
Shri Mohammed Nadimul Haque (2024-30),Sitting Rajya Sabha,West Bengal,Rajya Sabha,147000000.0,96799500.0,45077861.0,65.85,1,19,5.26,51721639.0,16,16,0,,6.0,16.0,45077861.0,KHIVRAJ MOTORS,51.67,42.46,0.0,0.0,0.0,1.0,0.5410375686934358,0.0,0.0,100.0,0.0,1.0,1.0,0.0,60.589999999999996,114.73844998989637,48,12.6,58.5,40.1,Medium,Funds utilization (66%) is far ahead of physical completion (5%) — a gap of 61 points. | Vendor concentration is high (HHI=42); top vendor 'KHIVRAJ MOTORS' handles 52% of spend. | 115% of expenditure is still an unpaid balance to vendors.,Check whether the dominant vendor was selected through fair/competitive process across multiple works. | Confirm vendor payment schedule and reasons for outstanding dues. | Verify that advance/interim payments correspond to actual physical progress on site.
DAGGUMALLA PRASADA RAO,CHITTOOR,Andhra Pradesh,Lok Sabha,147000000.0,140753639.0,76341346.0,95.75,111,248,44.76,64412293.0,156,156,0,,57.0,156.0,76341346.0,Mr NARESH GANDHAMANENI,9.08,3.86,3.21,0.0,31.0,111.0,-0.01616532704390757,2.0,0.9,100.0,4.5,1.0,3.0,0.0,50.99,84.37405989671704,50,8.7,61.0,40.1,Medium,Funds utilization (96%) is far ahead of physical completion (45%) — a gap of 51 points. | Almost none of the completed works have received citizen/beneficiary feedback ratings. | 2 completed works cost far above the average for their work category (statistical outliers). | 84% of expenditure is still an unpaid balance to vendors.,Compare quoted cost of outlier works with category benchmark / schedule of rates (SOR). | Confirm vendor payment schedule and reasons for outstanding dues. | Cross-check beneficiary feedback mechanism / conduct spot citizen verification. | Verify that advance/interim payments correspond to actual physical progress on site.
Dushyant Singh,JHALAWAR-BARAN,Rajasthan,Lok Sabha,147000000.0,79498880.0,6025816.0,54.08,0,196,0.0,73473064.0,26,25,1,,21.0,26.0,6025816.0,Jai mata di construction kelwara,38.41,27.22,0.0,3.85,0.0,0.0,0.0,0.0,0.0,0.0,0.0,0.0,0.0,3.8461538461538463,54.08,1219.3048045277187,30,45.0,36.6,40.0,Medium,Funds utilization (54%) is far ahead of physical completion (0%) — a gap of 54 points. | 1219% of expenditure is still an unpaid balance to vendors.,Confirm vendor payment schedule and reasons for outstanding dues. | Verify that advance/interim payments correspond to actual physical progress on site.
Shri Madan Rathore (2024-30),Sitting Rajya Sabha,Rajasthan,Rajya Sabha,147000000.0,109050806.0,32632145.0,74.18,21,132,15.91,76418661.0,229,223,6,,194.0,229.0,32632145.0,AKHIL BHARTIYA BISHNOI MAHASABHA,6.13,2.91,4.8,2.62,6.0,21.0,0.21032169919669708,0.0,61.9,100.0,9.52,2.0,1.0,2.6200873362445414,58.27000000000001,234.18215688855267,48,12.2,58.5,40.0,Medium,Funds utilization (74%) is far ahead of physical completion (16%) — a gap of 58 points. | 62% of completed works have no geo/photo evidence uploaded. | Almost none of the completed works have received citizen/beneficiary feedback ratings. | 234% of expenditure is still an unpaid balance to vendors.,Confirm vendor payment schedule and reasons for outstanding dues. | Cross-check beneficiary feedback mechanism / conduct spot citizen verification. | Request site photographs / geo-tagged images for works missing visual evidence. | Verify that advance/interim payments correspond to actual physical progress on site.
Shri P. Wilson (2025-31),Sitting Rajya Sabha,Tamil Nadu,Rajya Sabha,89248285.42,79400000.0,9998159.0,88.97,1,35,2.86,69401841.0,4,4,0,,2.0,4.0,9998159.0,THAMOTHARAN L,50.01,50.0,0.0,0.0,0.0,1.0,4.359058732732469,1.0,0.0,100.0,0.0,1.0,1.0,0.0,86.11,694.1462023158463,30,45.1,36.6,40.0,Medium,Funds utilization (89%) is far ahead of physical completion (3%) — a gap of 86 points. | 694% of expenditure is still an unpaid balance to vendors.,Confirm vendor payment schedule and reasons for outstanding dues. | Verify that advance/interim payments correspond to actual physical progress on site.
SURESH KUMAR SHETKAR,ZAHIRABAD,Telangana,Lok Sabha,147000000.0,100971995.0,30460371.0,68.69,64,355,18.03,70511624.0,134,120,14,,25.0,134.0,30460371.0,MACHNOOR YELLAREDDY,26.81,12.62,11.19,10.45,19.0,64.0,-0.35269776620453996,0.0,57.81,100.0,3.12,1.0,17.0,10.44776119402985,50.66,231.48642542797657,46,15.5,56.1,39.9,Low,Funds utilization (69%) is far ahead of physical completion (18%) — a gap of 51 points. | Almost none of the completed works have received citizen/beneficiary feedback ratings. | The exact same rupee amount appears on 17 separate completed works. | 231% of expenditure is still an unpaid balance to vendors.,Check for templated/cookie-cutter billing rather than work-specific costing. | Confirm vendor payment schedule and reasons for outstanding dues. | Cross-check beneficiary feedback mechanism / conduct spot citizen verification. | Verify that advance/interim payments correspond to actual physical progress on site.
Manoj Tiwari,NORTH EAST DELHI,Delhi,Lok Sabha,225843858.0,100426887.0,29733175.0,44.47,6,23,26.09,70693712.0,10,9,1,,8.0,10.0,29733175.0,Central Electronics Limited,75.67,58.33,0.0,10.0,2.0,6.0,0.40641893346706887,0.0,0.0,100.0,0.0,1.0,1.0,10.0,18.38,237.76038717694968,36,33.8,43.9,39.9,Low,Vendor concentration is high (HHI=58); top vendor 'Central Electronics Limited' handles 76% of spend. | Almost none of the completed works have received citizen/beneficiary feedback ratings. | 238% of expenditure is still an unpaid balance to vendors.,Check whether the dominant vendor was selected through fair/competitive process across multiple works. | Confirm vendor payment schedule and reasons for outstanding dues. | Cross-check beneficiary feedback mechanism / conduct spot citizen verification.
Jaswantsinh Sumanbhai Bhabhor,DAHOD,Gujarat,Lok Sabha,147000000.0,131934259.0,26676501.0,89.75,75,414,18.12,105257758.0,91,91,0,,56.0,91.0,26676501.0,Gram Panchayat Gamdi Purv,7.71,2.86,28.57,0.0,15.0,75.0,-0.2390066856528314,0.0,1.33,100.0,29.33,1.0,16.0,0.0,71.63,394.5710796179754,46,15.3,56.1,39.8,Low,Funds utilization (90%) is far ahead of physical completion (18%) — a gap of 72 points. | Almost none of the completed works have received citizen/beneficiary feedback ratings. | The exact same rupee amount appears on 16 separate completed works. | 395% of expenditure is still an unpaid balance to vendors.,Check for templated/cookie-cutter billing rather than work-specific costing. | Confirm vendor payment schedule and reasons for outstanding dues. | Cross-check beneficiary feedback mechanism / conduct spot citizen verification. | Verify that advance/interim payments correspond to actual physical progress on site.
Shri Ajay Makan (2024-30),Sitting Rajya Sabha,Karnataka,Rajya Sabha,147000000.0,61850000.0,35435523.0,42.07,2,14,14.29,26414477.0,10,10,0,,4.0,10.0,35435523.0,Kodagu Nirmithi Kendra,84.34,72.42,10.0,0.0,1.0,2.0,0.14234660518718434,0.0,100.0,100.0,0.0,1.0,1.0,0.0,27.78,74.54236529823477,28,48.2,34.1,39.7,Low,Vendor concentration is high (HHI=72); top vendor 'Kodagu Nirmithi Kendra' handles 84% of spend. | 75% of expenditure is still an unpaid balance to vendors.,Check whether the dominant vendor was selected through fair/competitive process across multiple works. | Confirm vendor payment schedule and reasons for outstanding dues.
Jai Prakash,HARDOI,Uttar Pradesh,Lok Sabha,147000000.0,97070110.0,85755277.0,66.03,3,24,12.5,11314833.0,47,47,0,,20.0,47.0,85755277.0,BALAJI ENTERPRISES,29.64,17.54,6.38,0.0,4.0,3.0,5.645861543638155,2.0,33.33,100.0,0.0,1.0,1.0,0.0,53.53,13.194328554264947,40,25.7,48.8,39.6,Low,Funds utilization (66%) is far ahead of physical completion (12%) — a gap of 54 points. | Almost none of the completed works have received citizen/beneficiary feedback ratings. | 2 completed works cost far above the average for their work category (statistical outliers).,Compare quoted cost of outlier works with category benchmark / schedule of rates (SOR). | Cross-check beneficiary feedback mechanism / conduct spot citizen verification. | Verify that advance/interim payments correspond to actual physical progress on site.
Putta Mahesh Kumar,ELURU,Andhra Pradesh,Lok Sabha,147000000.0,116854934.0,43504398.0,79.49,54,113,47.79,73350536.0,69,68,1,,13.0,69.0,43504398.0,I MAX SCIENCE HOUSE,43.21,24.16,69.57,1.45,13.0,54.0,-0.053162561734395763,0.0,0.0,100.0,88.89,47.0,47.0,1.4492753623188406,31.699999999999996,168.60487530479102,42,22.1,51.2,39.6,Low,Almost none of the completed works have received citizen/beneficiary feedback ratings. | 89% of completed works are billed in suspiciously round figures. | The same work description text is reused 47 times. | The exact same rupee amount appears on 47 separate completed works. | 169% of expenditure is still an unpaid balance to vendors.,Ask for itemised cost estimates/bills rather than lump-sum round amounts. | Check for templated/cookie-cutter billing rather than work-specific costing. | Confirm vendor payment schedule and reasons for outstanding dues. | Cross-check beneficiary feedback mechanism / conduct spot citizen verification. | Verify these are genuinely distinct works and not duplicate/split entries.
Chandra Prakash Joshi,CHITTORGARH,Rajasthan,Lok Sabha,147000000.0,85832214.0,4980185.0,58.39,10,196,5.1,80852029.0,42,41,1,,32.0,42.0,4980185.0,KRISHNA BRICKS,19.76,10.99,2.38,2.38,5.0,10.0,-0.21177817400795282,0.0,10.0,100.0,0.0,1.0,2.0,2.380952380952381,53.29,1623.4744090831966,38,29.6,46.3,39.6,Low,Funds utilization (58%) is far ahead of physical completion (5%) — a gap of 53 points. | Almost none of the completed works have received citizen/beneficiary feedback ratings. | 1623% of expenditure is still an unpaid balance to vendors.,Confirm vendor payment schedule and reasons for outstanding dues. | Cross-check beneficiary feedback mechanism / conduct spot citizen verification. | Verify that advance/interim payments correspond to actual physical progress on site.
Shri Mithlesh Kumar (2022-28),Sitting Rajya Sabha,Uttar Pradesh,Rajya Sabha,196063957.11,194673928.0,170753928.0,99.29,195,203,96.06,23920000.0,232,232,0,,11.0,232.0,170753928.0,HIDAYA QIRAT ENTERPRISES,32.73,24.7,1.72,0.0,22.0,195.0,0.18927767542107382,4.0,46.15,100.0,0.51,82.0,185.0,0.0,3.230000000000004,14.008462516891559,36,33.2,43.9,39.6,Low,Almost none of the completed works have received citizen/beneficiary feedback ratings. | 4 completed works cost far above the average for their work category (statistical outliers). | The same work description text is reused 82 times. | The exact same rupee amount appears on 185 separate completed works.,Check for templated/cookie-cutter billing rather than work-specific costing. | Compare quoted cost of outlier works with category benchmark / schedule of rates (SOR). | Cross-check beneficiary feedback mechanism / conduct spot citizen verification. | Verify these are genuinely distinct works and not duplicate/split entries.
BHUMARE SANDIPANRAO ASARAM,AURANGABAD,Maharashtra,Lok Sabha,147000000.0,116994317.0,52095352.0,79.59,29,92,31.52,64898965.0,38,36,2,,20.0,38.0,52095352.0,shri jagdamba construction,16.15,9.33,13.16,5.26,3.0,29.0,0.910699750019563,0.0,62.07,100.0,13.79,1.0,2.0,5.263157894736842,48.07000000000001,124.57726554952542,48,10.9,58.5,39.5,Low,Funds utilization (80%) is far ahead of physical completion (32%) — a gap of 48 points. | 62% of completed works have no geo/photo evidence uploaded. | Almost none of the completed works have received citizen/beneficiary feedback ratings. | 125% of expenditure is still an unpaid balance to vendors.,Confirm vendor payment schedule and reasons for outstanding dues. | Cross-check beneficiary feedback mechanism / conduct spot citizen verification. | Request site photographs / geo-tagged images for works missing visual evidence. | Verify that advance/interim payments correspond to actual physical progress on site.
MANOJ TIGGA,ALIPURDUARS,West Bengal,Lok Sabha,147000000.0,99802333.75,11379773.0,67.89,10,90,11.11,88422560.75,17,17,0,,5.0,17.0,11379773.0,SUBRATA SAHA,38.75,27.8,0.0,0.0,3.0,10.0,-0.035133726344048884,0.0,0.0,100.0,0.0,1.0,6.0,0.0,56.78,777.0151544323423,46,14.6,56.1,39.5,Low,Funds utilization (68%) is far ahead of physical completion (11%) — a gap of 57 points. | Almost none of the completed works have received citizen/beneficiary feedback ratings. | The exact same rupee amount appears on 6 separate completed works. | 777% of expenditure is still an unpaid balance to vendors.,Check for templated/cookie-cutter billing rather than work-specific costing. | Confirm vendor payment schedule and reasons for outstanding dues. | Cross-check beneficiary feedback mechanism / conduct spot citizen verification. | Verify that advance/interim payments correspond to actual physical progress on site.
DR C N MANJUNATH,BANGALORE RURAL,Karnataka,Lok Sabha,147000000.0,119592941.0,58422695.0,81.36,66,250,26.4,61170246.0,190,183,7,,40.0,190.0,58422695.0,PROJECT MANAGER NIRMITHI KENDRA RAMANAGARA,48.44,24.75,14.74,3.68,34.0,66.0,-0.07028118489205532,0.0,16.67,100.0,45.45,1.0,22.0,3.684210526315789,54.96,104.70288301489687,46,14.4,56.1,39.4,Low,Funds utilization (81%) is far ahead of physical completion (26%) — a gap of 55 points. | Almost none of the completed works have received citizen/beneficiary feedback ratings. | The exact same rupee amount appears on 22 separate completed works. | 105% of expenditure is still an unpaid balance to vendors.,Check for templated/cookie-cutter billing rather than work-specific costing. | Confirm vendor payment schedule and reasons for outstanding dues. | Cross-check beneficiary feedback mechanism / conduct spot citizen verification. | Verify that advance/interim payments correspond to actual physical progress on site.
SAMBIT PATRA,PURI,Odisha,Lok Sabha,147000000.0,120088525.0,38354750.0,81.69,548,730,75.07,81733775.0,847,847,0,,46.0,847.0,38354750.0,ODISHA DISTRIBUTING AUTHORITY,27.42,9.61,41.32,0.0,83.0,548.0,-0.47942519706791803,0.0,37.04,100.0,4.01,178.0,521.0,0.0,6.6200000000000045,213.09948572210743,34,36.0,41.5,39.3,Low,Almost none of the completed works have received citizen/beneficiary feedback ratings. | The same work description text is reused 178 times. | The exact same rupee amount appears on 521 separate completed works. | 213% of expenditure is still an unpaid balance to vendors.,Check for templated/cookie-cutter billing rather than work-specific costing. | Confirm vendor payment schedule and reasons for outstanding dues. | Cross-check beneficiary feedback mechanism / conduct spot citizen verification. | Verify these are genuinely distinct works and not duplicate/split entries.
Midhun Reddy,RAJAMPET,Andhra Pradesh,Lok Sabha,178951477.11,160099216.0,56264747.0,89.47,181,489,37.01,103834469.0,232,217,15,,89.0,232.0,56264747.0,N KAMALAKAR REDDY,6.26,1.97,10.34,6.47,41.0,181.0,-0.30837619449816833,0.0,0.0,100.0,0.55,1.0,16.0,6.4655172413793105,52.46,184.54622927567772,46,14.0,56.1,39.3,Low,Funds utilization (89%) is far ahead of physical completion (37%) — a gap of 52 points. | Almost none of the completed works have received citizen/beneficiary feedback ratings. | The exact same rupee amount appears on 16 separate completed works. | 185% of expenditure is still an unpaid balance to vendors.,Check for templated/cookie-cutter billing rather than work-specific costing. | Confirm vendor payment schedule and reasons for outstanding dues. | Cross-check beneficiary feedback mechanism / conduct spot citizen verification. | Verify that advance/interim payments correspond to actual physical progress on site.
Shrikant Eknath Shinde,KALYAN,Maharashtra,Lok Sabha,147000000.0,2825000.0,325000.0,1.92,0,2,0.0,2500000.0,1,1,0,,1.0,1.0,325000.0,Pro Ortho Perfect India Pvt Ltd,100.0,100.0,0.0,0.0,0.0,0.0,0.0,0.0,0.0,0.0,0.0,0.0,0.0,0.0,1.92,769.2307692307693,10,79.3,12.2,39.0,Low,769% of expenditure is still an unpaid balance to vendors.,Confirm vendor payment schedule and reasons for outstanding dues.
Shri Abdul Wahab (2021-27),Sitting Rajya Sabha,Kerala,Rajya Sabha,310898953.29,274559149.0,93760670.0,88.31,120,368,32.61,180798479.0,164,164,0,,121.0,164.0,93760670.0,SML ISUZU LTD,6.1,1.96,6.71,0.0,8.0,120.0,0.118336278850827,3.0,12.5,100.0,5.83,1.0,2.0,0.0,55.7,192.82976433508847,50,6.0,61.0,39.0,Low,Funds utilization (88%) is far ahead of physical completion (33%) — a gap of 56 points. | Almost none of the completed works have received citizen/beneficiary feedback ratings. | 3 completed works cost far above the average for their work category (statistical outliers). | 193% of expenditure is still an unpaid balance to vendors.,Compare quoted cost of outlier works with category benchmark / schedule of rates (SOR). | Confirm vendor payment schedule and reasons for outstanding dues. | Cross-check beneficiary feedback mechanism / conduct spot citizen verification. | Verify that advance/interim payments correspond to actual physical progress on site.
AKHILESH YADAV,KANNAUJ,Uttar Pradesh,Lok Sabha,147000000.0,133799178.0,32453607.0,91.02,40,244,16.39,101345571.0,92,85,7,,27.0,92.0,32453607.0,MS BHARTIYA CONSTRUCTION,14.46,7.83,5.43,7.61,12.0,40.0,-0.2989538928716987,1.0,0.0,100.0,0.0,1.0,17.0,7.608695652173914,74.63,312.2782962152712,46,13.1,56.1,38.9,Low,Funds utilization (91%) is far ahead of physical completion (16%) — a gap of 75 points. | Almost none of the completed works have received citizen/beneficiary feedback ratings. | The exact same rupee amount appears on 17 separate completed works. | 312% of expenditure is still an unpaid balance to vendors.,Check for templated/cookie-cutter billing rather than work-specific costing. | Confirm vendor payment schedule and reasons for outstanding dues. | Cross-check beneficiary feedback mechanism / conduct spot citizen verification. | Verify that advance/interim payments correspond to actual physical progress on site.
Shri Kumbakudi Sudhakaran,KANNUR,Kerala,Lok Sabha,147000000.0,114174376.0,26785182.0,77.67,63,293,21.5,87389194.0,98,81,17,,26.0,98.0,26785182.0,Keltron Component complex Ltd Kannur,22.62,9.59,46.94,17.35,10.0,63.0,-0.2406016403634565,0.0,17.46,100.0,1.59,2.0,25.0,17.346938775510203,56.17,326.25947436160783,46,13.0,56.1,38.9,Low,Funds utilization (78%) is far ahead of physical completion (22%) — a gap of 56 points. | Almost none of the completed works have received citizen/beneficiary feedback ratings. | The exact same rupee amount appears on 25 separate completed works. | 326% of expenditure is still an unpaid balance to vendors.,Check for templated/cookie-cutter billing rather than work-specific costing. | Confirm vendor payment schedule and reasons for outstanding dues. | Cross-check beneficiary feedback mechanism / conduct spot citizen verification. | Verify that advance/interim payments correspond to actual physical progress on site.
DR. PRASHANT YADAORAO PADOLE,BHANDARA-GONDIYA,Maharashtra,Lok Sabha,159680283.39,134892033.0,15660951.0,84.48,8,152,5.26,119231082.0,22,20,2,,21.0,22.0,15660951.0,GRAM PANCHAYAT CHANDORI,7.64,5.02,27.27,9.09,0.0,8.0,0.11244878324655212,0.0,0.0,100.0,12.5,2.0,1.0,9.090909090909092,79.22,761.3272144201205,38,27.6,46.3,38.8,Low,Funds utilization (84%) is far ahead of physical completion (5%) — a gap of 79 points. | Almost none of the completed works have received citizen/beneficiary feedback ratings. | 761% of expenditure is still an unpaid balance to vendors.,Confirm vendor payment schedule and reasons for outstanding dues. | Cross-check beneficiary feedback mechanism / conduct spot citizen verification. | Verify that advance/interim payments correspond to actual physical progress on site.
DINESHBHAI MAKWANA,AHMEDABAD WEST,Gujarat,Lok Sabha,160434965.11,89841605.0,25122452.0,56.0,2,207,0.97,64719153.0,4,4,0,,3.0,4.0,25122452.0,LABMEDICA SYSTEMS PVT LTD,63.69,53.4,75.0,0.0,0.0,2.0,3.4421085167525223,1.0,0.0,100.0,50.0,1.0,1.0,0.0,55.03,257.61479412917174,30,42.2,36.6,38.8,Low,Funds utilization (56%) is far ahead of physical completion (1%) — a gap of 55 points. | 258% of expenditure is still an unpaid balance to vendors.,Confirm vendor payment schedule and reasons for outstanding dues. | Verify that advance/interim payments correspond to actual physical progress on site.
Shri Ryaga Krishnaiah (2024-28),Sitting Rajya Sabha,Andhra Pradesh,Rajya Sabha,170413583.79,149057484.0,61002205.0,87.47,30,71,42.25,88055279.0,38,37,1,,11.0,38.0,61002205.0,SRI NELCO ENTERPRISES,29.6,17.02,0.0,2.63,6.0,30.0,0.9334258184294121,2.0,3.33,100.0,0.0,1.0,2.0,2.631578947368421,45.22,144.34769857909237,50,5.3,61.0,38.7,Low,Funds utilization (87%) is far ahead of physical completion (42%) — a gap of 45 points. | Almost none of the completed works have received citizen/beneficiary feedback ratings. | 2 completed works cost far above the average for their work category (statistical outliers). | 144% of expenditure is still an unpaid balance to vendors.,Compare quoted cost of outlier works with category benchmark / schedule of rates (SOR). | Confirm vendor payment schedule and reasons for outstanding dues. | Cross-check beneficiary feedback mechanism / conduct spot citizen verification. | Verify that advance/interim payments correspond to actual physical progress on site.
KRISHNA DEVI SHIVSHANKER PATEL,BANDA,Uttar Pradesh,Lok Sabha,147000000.0,126612939.12,76835226.67,86.13,202,442,45.7,49777712.45,352,329,23,,16.0,352.0,76835226.66999999,DHARMENDRA ENTERPRISES,44.28,29.64,0.0,6.53,29.0,202.0,-0.3070125686012391,0.0,0.5,100.0,0.0,1.0,71.0,6.534090909090909,40.42999999999999,64.78501412352247,46,12.5,56.1,38.7,Low,Funds utilization (86%) is far ahead of physical completion (46%) — a gap of 40 points. | Almost none of the completed works have received citizen/beneficiary feedback ratings. | The exact same rupee amount appears on 71 separate completed works. | 65% of expenditure is still an unpaid balance to vendors.,Check for templated/cookie-cutter billing rather than work-specific costing. | Confirm vendor payment schedule and reasons for outstanding dues. | Cross-check beneficiary feedback mechanism / conduct spot citizen verification. | Verify that advance/interim payments correspond to actual physical progress on site.
Dr Chandra Sekhar Pemmasani,GUNTUR,Andhra Pradesh,Lok Sabha,159774113.11,95101846.0,39657891.0,59.52,9,96,9.38,55443955.0,46,44,2,,31.0,46.0,39657891.0,M Butchaiah and Company,12.46,7.03,2.17,4.35,5.0,9.0,0.727904029285901,2.0,0.0,100.0,0.0,1.0,1.0,4.3478260869565215,50.14,139.80560640504055,50,5.1,61.0,38.6,Low,Funds utilization (60%) is far ahead of physical completion (9%) — a gap of 50 points. | Almost none of the completed works have received citizen/beneficiary feedback ratings. | 2 completed works cost far above the average for their work category (statistical outliers). | 140% of expenditure is still an unpaid balance to vendors.,Compare quoted cost of outlier works with category benchmark / schedule of rates (SOR). | Confirm vendor payment schedule and reasons for outstanding dues. | Cross-check beneficiary feedback mechanism / conduct spot citizen verification. | Verify that advance/interim payments correspond to actual physical progress on site.
Ramesh Chandappa Jigajinagi,BIJAPUR,Karnataka,Lok Sabha,269500000.0,141386000.0,24205222.0,52.46,0,361,0.0,117180778.0,123,115,8,,40.0,123.0,24205222.0,SUNIL SABAVVA SANDRIMANI,9.69,4.21,2.44,6.5,15.0,0.0,0.0,0.0,0.0,0.0,0.0,0.0,0.0,6.504065040650407,52.46,484.11362639020626,30,41.6,36.6,38.6,Low,Funds utilization (52%) is far ahead of physical completion (0%) — a gap of 52 points. | 484% of expenditure is still an unpaid balance to vendors.,Confirm vendor payment schedule and reasons for outstanding dues. | Verify that advance/interim payments correspond to actual physical progress on site.
ARUN NEHRU,PERAMBALUR,Tamil Nadu,Lok Sabha,147000000.0,107833157.0,69561568.0,73.36,54,82,65.85,38271589.0,82,81,1,,45.0,82.0,69561568.0,KSR CONSTRUCTIONS,6.76,3.61,2.44,1.22,6.0,54.0,0.5367046971913154,3.0,68.52,100.0,1.85,1.0,1.0,1.2195121951219512,7.510000000000005,55.018295447279165,40,23.3,48.8,38.6,Low,69% of completed works have no geo/photo evidence uploaded. | Almost none of the completed works have received citizen/beneficiary feedback ratings. | 3 completed works cost far above the average for their work category (statistical outliers). | 55% of expenditure is still an unpaid balance to vendors.,Compare quoted cost of outlier works with category benchmark / schedule of rates (SOR). | Confirm vendor payment schedule and reasons for outstanding dues. | Cross-check beneficiary feedback mechanism / conduct spot citizen verification. | Request site photographs / geo-tagged images for works missing visual evidence.
KISHORI LAL,AMETHI,Uttar Pradesh,Lok Sabha,171500000.0,89977309.0,82481354.0,52.46,19,52,36.54,7495955.0,75,71,4,,16.0,75.0,82481354.0,AADI AND RUDRANSH CONSTRUCTION COMPANY,69.48,49.45,4.0,5.33,14.0,19.0,1.103913891278166,3.0,5.26,100.0,5.26,1.0,3.0,5.333333333333334,15.920000000000002,9.088060072340713,38,26.7,46.3,38.5,Low,Vendor concentration is high (HHI=49); top vendor 'AADI AND RUDRANSH CONSTRUCTION COMPANY' handles 69% of spend. | Almost none of the completed works have received citizen/beneficiary feedback ratings. | 3 completed works cost far above the average for their work category (statistical outliers).,Check whether the dominant vendor was selected through fair/competitive process across multiple works. | Compare quoted cost of outlier works with category benchmark / schedule of rates (SOR). | Cross-check beneficiary feedback mechanism / conduct spot citizen verification.
Faggan Singh Kulaste,MANDLA,Madhya Pradesh,Lok Sabha,151861648.41,93644136.0,55170668.0,61.66,31,298,10.4,38473468.0,290,286,4,,164.0,290.0,55170668.0,MP STATE AGRO,4.35,1.18,55.17,1.38,23.0,31.0,-0.020045045602976957,0.0,0.0,100.0,48.39,1.0,11.0,1.3793103448275863,51.26,69.7353673513614,46,12.1,56.1,38.5,Low,Funds utilization (62%) is far ahead of physical completion (10%) — a gap of 51 points. | Almost none of the completed works have received citizen/beneficiary feedback ratings. | The exact same rupee amount appears on 11 separate completed works. | 70% of expenditure is still an unpaid balance to vendors.,Check for templated/cookie-cutter billing rather than work-specific costing. | Confirm vendor payment schedule and reasons for outstanding dues. | Cross-check beneficiary feedback mechanism / conduct spot citizen verification. | Verify that advance/interim payments correspond to actual physical progress on site.
Sribharat MathuKumli,VISAKHAPATNAM,Andhra Pradesh,Lok Sabha,164841922.0,84715000.0,13181176.0,51.39,0,40,0.0,71533824.0,18,15,3,,11.0,18.0,13181176.0,SHAIK SARDAR,24.26,13.41,0.0,16.67,2.0,0.0,0.0,0.0,0.0,0.0,0.0,0.0,0.0,16.666666666666664,51.39,542.696827657866,30,40.8,36.6,38.3,Low,Funds utilization (51%) is far ahead of physical completion (0%) — a gap of 51 points. | 543% of expenditure is still an unpaid balance to vendors.,Confirm vendor payment schedule and reasons for outstanding dues. | Verify that advance/interim payments correspond to actual physical progress on site.
SUKHDEO BHAGAT,LOHARDAGA,Jharkhand,Lok Sabha,171821957.11,159064623.0,138586757.0,92.58,90,284,31.69,20477866.0,358,358,0,,9.0,358.0,138586757.0,RAJEEV RANJAN JUNIOR ENGINEER,40.31,24.93,42.18,0.0,39.0,90.0,0.03350638946924835,0.0,23.33,100.0,40.0,30.0,30.0,0.0,60.89,14.776206935847414,44,15.0,53.7,38.2,Low,Funds utilization (93%) is far ahead of physical completion (32%) — a gap of 61 points. | Almost none of the completed works have received citizen/beneficiary feedback ratings. | The same work description text is reused 30 times. | The exact same rupee amount appears on 30 separate completed works.,Check for templated/cookie-cutter billing rather than work-specific costing. | Cross-check beneficiary feedback mechanism / conduct spot citizen verification. | Verify that advance/interim payments correspond to actual physical progress on site. | Verify these are genuinely distinct works and not duplicate/split entries.
ANITA SUBHADARSHINI,ASKA,Odisha,Lok Sabha,147000000.0,50500000.0,13718448.0,34.35,20,142,14.08,36781552.0,35,32,3,,26.0,35.0,13718448.0,SHYAMALENDU PANDA,20.13,7.6,91.43,8.57,3.0,20.0,-0.15528135544725896,0.0,15.0,100.0,100.0,1.0,5.0,8.571428571428571,20.270000000000003,268.11744302270927,34,33.2,41.5,38.2,Low,Almost none of the completed works have received citizen/beneficiary feedback ratings. | 100% of completed works are billed in suspiciously round figures. | The exact same rupee amount appears on 5 separate completed works. | 268% of expenditure is still an unpaid balance to vendors.,Ask for itemised cost estimates/bills rather than lump-sum round amounts. | Check for templated/cookie-cutter billing rather than work-specific costing. | Confirm vendor payment schedule and reasons for outstanding dues. | Cross-check beneficiary feedback mechanism / conduct spot citizen verification.
Priyanka Gandhi Vadra,WAYANAD,Kerala,Lok Sabha,122500000.0,121145751.0,34714501.0,98.89,11,96,11.46,86431250.0,39,39,0,,22.0,39.0,34714501.0,SML ISUZU LTD,35.64,17.9,10.26,0.0,4.0,11.0,0.8050674991466461,0.0,0.0,100.0,36.36,1.0,2.0,0.0,87.43,248.97736539551585,38,25.7,46.3,38.1,Low,Funds utilization (99%) is far ahead of physical completion (11%) — a gap of 87 points. | Almost none of the completed works have received citizen/beneficiary feedback ratings. | 249% of expenditure is still an unpaid balance to vendors.,Confirm vendor payment schedule and reasons for outstanding dues. | Cross-check beneficiary feedback mechanism / conduct spot citizen verification. | Verify that advance/interim payments correspond to actual physical progress on site.
SATPAL BRAHAMCHARI,SONEPAT,Haryana,Lok Sabha,147000000.0,129812634.0,35904950.0,88.31,19,226,8.41,93907684.0,209,180,29,,89.0,209.0,35904950.0,Mor Traders,7.67,2.8,0.48,13.88,20.0,19.0,0.046524275968080904,0.0,31.58,100.0,0.0,1.0,1.0,13.875598086124402,79.9,261.54522983599753,38,25.6,46.3,38.0,Low,Funds utilization (88%) is far ahead of physical completion (8%) — a gap of 80 points. | Almost none of the completed works have received citizen/beneficiary feedback ratings. | 262% of expenditure is still an unpaid balance to vendors.,Confirm vendor payment schedule and reasons for outstanding dues. | Cross-check beneficiary feedback mechanism / conduct spot citizen verification. | Verify that advance/interim payments correspond to actual physical progress on site.
RAJ BHUSHAN CHOUDHARY,MUZAFFARPUR,Bihar,Lok Sabha,147000000.0,143571385.0,96375137.0,97.67,77,130,59.23,47196248.0,90,90,0,,10.0,90.0,96375137.0,SAHAYAK ABHIYANTA KUDHANI VIDHANSABHA KSHETRA,20.37,12.45,11.11,0.0,15.0,77.0,0.5703879077805483,3.0,0.0,100.0,10.39,4.0,5.0,0.0,38.440000000000005,48.97139393949707,46,10.3,56.1,37.8,Low,Almost none of the completed works have received citizen/beneficiary feedback ratings. | 3 completed works cost far above the average for their work category (statistical outliers). | The same work description text is reused 4 times. | The exact same rupee amount appears on 5 separate completed works. | 49% of expenditure is still an unpaid balance to vendors.,Check for templated/cookie-cutter billing rather than work-specific costing. | Compare quoted cost of outlier works with category benchmark / schedule of rates (SOR). | Confirm vendor payment schedule and reasons for outstanding dues. | Cross-check beneficiary feedback mechanism / conduct spot citizen verification. | Verify these are genuinely distinct works and not duplicate/split entries.
Smt S Jothimani,KARUR,Tamil Nadu,Lok Sabha,147000000.0,144332988.0,48601252.0,98.19,87,177,49.15,95731736.0,103,100,3,,29.0,103.0,48601252.0,P S STALIN,21.87,9.27,7.77,2.91,16.0,87.0,-0.13980824309464898,0.0,34.48,100.0,6.9,1.0,17.0,2.912621359223301,49.04,196.97380635379517,46,10.3,56.1,37.8,Low,Funds utilization (98%) is far ahead of physical completion (49%) — a gap of 49 points. | Almost none of the completed works have received citizen/beneficiary feedback ratings. | The exact same rupee amount appears on 17 separate completed works. | 197% of expenditure is still an unpaid balance to vendors.,Check for templated/cookie-cutter billing rather than work-specific costing. | Confirm vendor payment schedule and reasons for outstanding dues. | Cross-check beneficiary feedback mechanism / conduct spot citizen verification. | Verify that advance/interim payments correspond to actual physical progress on site.
UTKARSH VERMA MADHUR,KHERI,Uttar Pradesh,Lok Sabha,147000000.0,96898322.0,74909150.0,65.92,347,360,96.39,21989172.0,699,699,0,,4.0,699.0,74909150.0,Shiv kumar thekedar,46.01,40.71,0.0,0.0,22.0,347.0,-0.32876145932804895,1.0,26.51,100.0,0.0,1.0,99.0,0.0,0.0,29.3544540286467,34,32.1,41.5,37.7,Low,Vendor concentration is high (HHI=41); top vendor 'Shiv kumar thekedar' handles 46% of spend. | Almost none of the completed works have received citizen/beneficiary feedback ratings. | The exact same rupee amount appears on 99 separate completed works.,Check for templated/cookie-cutter billing rather than work-specific costing. | Check whether the dominant vendor was selected through fair/competitive process across multiple works. | Cross-check beneficiary feedback mechanism / conduct spot citizen verification.
MURLIDHAR MOHOL,PUNE,Maharashtra,Lok Sabha,147000000.0,146496657.0,18945481.0,99.66,12,99,12.12,127551176.0,19,19,0,,8.0,19.0,18945481.0,MUDHAIDEVI MAJUR SAHKARI SANSTHA MARYADIT,15.83,14.14,0.0,0.0,5.0,12.0,0.44589930124714816,0.0,0.0,100.0,0.0,1.0,1.0,0.0,87.53999999999999,673.2538276542042,38,24.9,46.3,37.7,Low,Funds utilization (100%) is far ahead of physical completion (12%) — a gap of 88 points. | Almost none of the completed works have received citizen/beneficiary feedback ratings. | 673% of expenditure is still an unpaid balance to vendors.,Confirm vendor payment schedule and reasons for outstanding dues. | Cross-check beneficiary feedback mechanism / conduct spot citizen verification. | Verify that advance/interim payments correspond to actual physical progress on site.
MADHAVANENI RAGHUNANDAN RAO,MEDAK,Telangana,Lok Sabha,147000000.0,112814529.0,30484168.0,76.74,41,182,22.53,82330361.0,49,49,0,,30.0,49.0,30484168.0,PONNABOYANA SRINIVAS,9.52,4.97,20.41,0.0,7.0,41.0,0.008412650940226316,0.0,58.54,100.0,19.51,1.0,7.0,0.0,54.209999999999994,270.0758013143085,46,10.0,56.1,37.7,Low,Funds utilization (77%) is far ahead of physical completion (23%) — a gap of 54 points. | Almost none of the completed works have received citizen/beneficiary feedback ratings. | The exact same rupee amount appears on 7 separate completed works. | 270% of expenditure is still an unpaid balance to vendors.,Check for templated/cookie-cutter billing rather than work-specific costing. | Confirm vendor payment schedule and reasons for outstanding dues. | Cross-check beneficiary feedback mechanism / conduct spot citizen verification. | Verify that advance/interim payments correspond to actual physical progress on site.
Shri Hardeep Singh Puri (2020-26),Sitting Rajya Sabha,Uttar Pradesh,Rajya Sabha,226801049.11,185320368.2,180480217.2,81.71,292,415,70.36,4840151.0,885,885,0,,55.0,885.0,180480217.2,Vimal Enterprises,11.1,4.49,3.16,0.0,120.0,292.0,-0.13791821927791054,2.0,39.38,100.0,0.68,1.0,33.0,0.0,11.349999999999994,2.681818026978749,28,43.0,34.1,37.7,Low,Almost none of the completed works have received citizen/beneficiary feedback ratings. | 2 completed works cost far above the average for their work category (statistical outliers). | The exact same rupee amount appears on 33 separate completed works.,Check for templated/cookie-cutter billing rather than work-specific costing. | Compare quoted cost of outlier works with category benchmark / schedule of rates (SOR). | Cross-check beneficiary feedback mechanism / conduct spot citizen verification.
MANOJ KUMAR,SASARAM,Bihar,Lok Sabha,147000000.0,145610852.0,95686097.0,99.06,82,194,42.27,49924755.0,122,121,1,,10.0,122.0,95686097.0,S K ENTERPRISES,32.12,18.0,0.0,0.82,15.0,82.0,0.28213262528838673,0.0,45.12,100.0,0.0,1.0,14.0,0.819672131147541,56.79,52.17555796010783,46,9.9,56.1,37.6,Low,Funds utilization (99%) is far ahead of physical completion (42%) — a gap of 57 points. | Almost none of the completed works have received citizen/beneficiary feedback ratings. | The exact same rupee amount appears on 14 separate completed works. | 52% of expenditure is still an unpaid balance to vendors.,Check for templated/cookie-cutter billing rather than work-specific costing. | Confirm vendor payment schedule and reasons for outstanding dues. | Cross-check beneficiary feedback mechanism / conduct spot citizen verification. | Verify that advance/interim payments correspond to actual physical progress on site.
Shri Surendra Singh Nagar (2022-28),Sitting Rajya Sabha,Uttar Pradesh,Rajya Sabha,220563957.11,218335769.0,109500434.16,98.99,98,299,32.78,108835334.84,281,272,9,,15.0,281.0,109500434.16,BALAJI SUPPLIER,31.58,19.52,1.07,3.2,35.0,98.0,0.022926445237325576,0.0,13.27,100.0,1.02,2.0,20.0,3.202846975088968,66.21,99.39260576900712,46,9.9,56.1,37.6,Low,Funds utilization (99%) is far ahead of physical completion (33%) — a gap of 66 points. | Almost none of the completed works have received citizen/beneficiary feedback ratings. | The exact same rupee amount appears on 20 separate completed works. | 99% of expenditure is still an unpaid balance to vendors.,Check for templated/cookie-cutter billing rather than work-specific costing. | Confirm vendor payment schedule and reasons for outstanding dues. | Cross-check beneficiary feedback mechanism / conduct spot citizen verification. | Verify that advance/interim payments correspond to actual physical progress on site.
Smt. Sonia Gandhi (2024-30),Sitting Rajya Sabha,Rajasthan,Rajya Sabha,147000000.0,125886435.0,74225676.0,85.64,46,128,35.94,51660759.0,144,141,3,,62.0,144.0,74225676.0,NEW INDIAN CONSTRUCTION COMPANY,5.34,2.48,40.28,2.08,22.0,46.0,0.36209135002920056,0.0,50.0,100.0,19.57,1.0,8.0,2.083333333333333,49.7,69.59958033928852,46,9.6,56.1,37.5,Low,Funds utilization (86%) is far ahead of physical completion (36%) — a gap of 50 points. | Almost none of the completed works have received citizen/beneficiary feedback ratings. | The exact same rupee amount appears on 8 separate completed works. | 70% of expenditure is still an unpaid balance to vendors.,Check for templated/cookie-cutter billing rather than work-specific costing. | Confirm vendor payment schedule and reasons for outstanding dues. | Cross-check beneficiary feedback mechanism / conduct spot citizen verification. | Verify that advance/interim payments correspond to actual physical progress on site.
GENIBEN NAGAJI THAKOR,BANASKANTHA,Gujarat,Lok Sabha,147000000.0,77476737.0,26332572.0,52.71,41,168,24.4,51144165.0,67,65,2,,58.0,67.0,26332572.0,GUJARAT LOKSEVA CHARITABLE TRUST,9.49,2.53,82.09,2.99,3.0,41.0,-0.1594905866497284,0.0,2.44,100.0,80.49,5.0,16.0,2.9850746268656714,28.310000000000002,194.22396338648576,42,16.9,51.2,37.5,Low,Almost none of the completed works have received citizen/beneficiary feedback ratings. | 80% of completed works are billed in suspiciously round figures. | The same work description text is reused 5 times. | The exact same rupee amount appears on 16 separate completed works. | 194% of expenditure is still an unpaid balance to vendors.,Ask for itemised cost estimates/bills rather than lump-sum round amounts. | Check for templated/cookie-cutter billing rather than work-specific costing. | Confirm vendor payment schedule and reasons for outstanding dues. | Cross-check beneficiary feedback mechanism / conduct spot citizen verification. | Verify these are genuinely distinct works and not duplicate/split entries.
Smt Hema Malini,MATHURA,Uttar Pradesh,Lok Sabha,147000000.0,70743990.0,40721168.0,48.13,33,88,37.5,30022822.0,82,82,0,,14.0,82.0,40721168.0,JAY MAHAVEER INFRAVENTURE PRIVATE LIMITED,33.41,18.22,12.2,0.0,17.0,33.0,0.24319113170766327,0.0,100.0,100.0,0.0,1.0,10.0,0.0,10.630000000000003,73.72780171727884,36,27.7,43.9,37.4,Low,100% of completed works have no geo/photo evidence uploaded. | Almost none of the completed works have received citizen/beneficiary feedback ratings. | The exact same rupee amount appears on 10 separate completed works. | 74% of expenditure is still an unpaid balance to vendors.,Check for templated/cookie-cutter billing rather than work-specific costing. | Confirm vendor payment schedule and reasons for outstanding dues. | Cross-check beneficiary feedback mechanism / conduct spot citizen verification. | Request site photographs / geo-tagged images for works missing visual evidence.
Shri Masthan Rao Yadav Beedha (2024-28),Sitting Rajya Sabha,Andhra Pradesh,Rajya Sabha,171296045.11,136413877.0,35512349.0,79.64,40,120,33.33,100901528.0,46,46,0,,26.0,46.0,35512349.0,Chejarla Suresh Reddy,14.0,6.19,0.0,0.0,11.0,40.0,0.1919055343096485,2.0,5.0,100.0,0.0,1.0,1.0,0.0,46.31,284.1308188315,50,2.1,61.0,37.4,Low,Funds utilization (80%) is far ahead of physical completion (33%) — a gap of 46 points. | Almost none of the completed works have received citizen/beneficiary feedback ratings. | 2 completed works cost far above the average for their work category (statistical outliers). | 284% of expenditure is still an unpaid balance to vendors.,Compare quoted cost of outlier works with category benchmark / schedule of rates (SOR). | Confirm vendor payment schedule and reasons for outstanding dues. | Cross-check beneficiary feedback mechanism / conduct spot citizen verification. | Verify that advance/interim payments correspond to actual physical progress on site.
Vijay Kumar Hansdak,RAJMAHAL,Jharkhand,Lok Sabha,147223957.11,91979000.0,28886697.0,62.48,0,468,0.0,63092303.0,302,302,0,,6.0,302.0,28886697.0,AJIT KUMAR,49.5,33.74,41.72,0.0,16.0,0.0,0.0,0.0,0.0,0.0,0.0,0.0,0.0,0.0,62.48,218.41300512827755,30,38.5,36.6,37.4,Low,Funds utilization (62%) is far ahead of physical completion (0%) — a gap of 62 points. | 218% of expenditure is still an unpaid balance to vendors.,Confirm vendor payment schedule and reasons for outstanding dues. | Verify that advance/interim payments correspond to actual physical progress on site.
Nishikant Dubey,GODDA,Jharkhand,Lok Sabha,147000000.0,4285510.0,1785510.0,2.92,0,2,0.0,2500000.0,1,1,0,,1.0,1.0,1785510.0,PRAKHAND SHIKSHA PRASAR PADADHIKARI,100.0,100.0,0.0,0.0,0.0,0.0,0.0,0.0,0.0,0.0,0.0,0.0,0.0,0.0,2.92,140.01601783244,10,75.2,12.2,37.4,Low,140% of expenditure is still an unpaid balance to vendors.,Confirm vendor payment schedule and reasons for outstanding dues.
SELJA,SIRSA,Haryana,Lok Sabha,147000000.0,104747841.0,26548478.0,71.26,59,312,18.91,78199363.0,152,137,15,,35.0,152.0,26548478.0,KIRPAL SINGH AND SONS,23.73,9.94,0.66,9.87,21.0,59.0,-0.33830824606208737,0.0,33.9,100.0,3.39,1.0,36.0,9.868421052631579,52.35000000000001,294.5530926480983,46,9.0,56.1,37.3,Low,Funds utilization (71%) is far ahead of physical completion (19%) — a gap of 52 points. | Almost none of the completed works have received citizen/beneficiary feedback ratings. | The exact same rupee amount appears on 36 separate completed works. | 295% of expenditure is still an unpaid balance to vendors.,Check for templated/cookie-cutter billing rather than work-specific costing. | Confirm vendor payment schedule and reasons for outstanding dues. | Cross-check beneficiary feedback mechanism / conduct spot citizen verification. | Verify that advance/interim payments correspond to actual physical progress on site.
Ajay Tamta,ALMORA,Uttarakhand,Lok Sabha,147000000.0,29134406.0,4183680.0,19.82,3,148,2.03,24950726.0,100,83,17,,90.0,100.0,4183680.0,LAL SINGH JALAL,23.05,9.36,2.0,17.0,3.0,3.0,-0.1435268501118613,0.0,0.0,100.0,66.67,1.0,1.0,17.0,17.79,596.3822758910816,26,45.8,31.7,37.3,Low,Almost none of the completed works have received citizen/beneficiary feedback ratings. | 67% of completed works are billed in suspiciously round figures. | 596% of expenditure is still an unpaid balance to vendors.,Ask for itemised cost estimates/bills rather than lump-sum round amounts. | Confirm vendor payment schedule and reasons for outstanding dues. | Cross-check beneficiary feedback mechanism / conduct spot citizen verification.
MANNA LAL RAWAT,UDAIPUR,Rajasthan,Lok Sabha,147000000.0,80297895.0,36354199.0,54.62,24,208,11.54,43943696.0,207,169,38,,75.0,207.0,36354199.0,SHREE RAM ENTERPRISES,17.5,6.34,14.01,18.36,36.0,24.0,0.4715121295949716,0.0,41.67,100.0,4.17,1.0,2.0,18.357487922705314,43.08,120.87653478488139,38,23.6,46.3,37.2,Low,Funds utilization (55%) is far ahead of physical completion (12%) — a gap of 43 points. | Almost none of the completed works have received citizen/beneficiary feedback ratings. | 121% of expenditure is still an unpaid balance to vendors.,Confirm vendor payment schedule and reasons for outstanding dues. | Cross-check beneficiary feedback mechanism / conduct spot citizen verification. | Verify that advance/interim payments correspond to actual physical progress on site.
Dr. V. Sivadasan (2021-27),Sitting Rajya Sabha,Kerala,Rajya Sabha,276720323.27,191022745.0,24863346.0,69.03,14,63,22.22,166159399.0,45,45,0,,11.0,45.0,24863346.0,KELTRON,29.8,20.19,2.22,0.0,8.0,14.0,0.06830020182911418,0.0,28.57,100.0,0.0,1.0,8.0,0.0,46.81,668.2905792325779,46,8.7,56.1,37.1,Low,Funds utilization (69%) is far ahead of physical completion (22%) — a gap of 47 points. | Almost none of the completed works have received citizen/beneficiary feedback ratings. | The exact same rupee amount appears on 8 separate completed works. | 668% of expenditure is still an unpaid balance to vendors.,Check for templated/cookie-cutter billing rather than work-specific costing. | Confirm vendor payment schedule and reasons for outstanding dues. | Cross-check beneficiary feedback mechanism / conduct spot citizen verification. | Verify that advance/interim payments correspond to actual physical progress on site.
Balashowry Vallabbhaneni,MACHILIPATNAM,Andhra Pradesh,Lok Sabha,147000000.0,37625559.0,14363941.0,25.6,9,59,15.25,23261618.0,26,24,2,,12.0,26.0,14363941.0,Sai Brothers and Co,17.27,12.08,0.0,7.69,3.0,9.0,-0.17335209165543358,0.0,100.0,100.0,0.0,1.0,2.0,7.6923076923076925,10.350000000000001,161.94453875854822,28,41.6,34.1,37.1,Low,100% of completed works have no geo/photo evidence uploaded. | Almost none of the completed works have received citizen/beneficiary feedback ratings. | 162% of expenditure is still an unpaid balance to vendors.,Confirm vendor payment schedule and reasons for outstanding dues. | Cross-check beneficiary feedback mechanism / conduct spot citizen verification. | Request site photographs / geo-tagged images for works missing visual evidence.
S. Jagathrakshakan,ARAKKONAM,Tamil Nadu,Lok Sabha,180589332.34,146686107.0,57167418.0,81.23,36,163,22.09,89518689.0,67,53,14,,45.0,67.0,57167418.0,AVN CONSTRUCTIONS,5.93,3.0,29.85,20.9,6.0,36.0,0.5226392666294024,1.0,41.67,100.0,22.22,2.0,2.0,20.8955223880597,59.14,156.59040084686,38,23.3,46.3,37.1,Low,Funds utilization (81%) is far ahead of physical completion (22%) — a gap of 59 points. | Almost none of the completed works have received citizen/beneficiary feedback ratings. | 157% of expenditure is still an unpaid balance to vendors.,Confirm vendor payment schedule and reasons for outstanding dues. | Cross-check beneficiary feedback mechanism / conduct spot citizen verification. | Verify that advance/interim payments correspond to actual physical progress on site.
Shri Kanad Purkayastha (2025-31),Sitting Rajya Sabha,Assam,Rajya Sabha,98000000.0,65000000.0,28001397.0,66.33,0,50,0.0,36998603.0,37,34,3,,11.0,37.0,28001397.0,ABDUL KALAM BARBHUIYA,33.77,16.05,27.03,8.11,9.0,0.0,0.0,0.0,0.0,0.0,0.0,0.0,0.0,8.108108108108109,66.33,132.13127545029272,30,37.5,36.6,37.0,Low,Funds utilization (66%) is far ahead of physical completion (0%) — a gap of 66 points. | 132% of expenditure is still an unpaid balance to vendors.,Confirm vendor payment schedule and reasons for outstanding dues. | Verify that advance/interim payments correspond to actual physical progress on site.
Pratap Chandra Sarangi,BALASORE,Odisha,Lok Sabha,147064254.11,36406000.0,2525000.0,24.76,10,127,7.87,33881000.0,10,10,0,,3.0,10.0,2525000.0,Ms Durga Traders,40.59,36.08,30.0,0.0,1.0,10.0,-0.32728478192416766,0.0,0.0,100.0,30.0,1.0,7.0,0.0,16.89,1341.8217821782177,26,44.9,31.7,37.0,Low,Almost none of the completed works have received citizen/beneficiary feedback ratings. | The exact same rupee amount appears on 7 separate completed works. | 1342% of expenditure is still an unpaid balance to vendors.,Check for templated/cookie-cutter billing rather than work-specific costing. | Confirm vendor payment schedule and reasons for outstanding dues. | Cross-check beneficiary feedback mechanism / conduct spot citizen verification.
Shrirang Appa Barne,MAVAL,Maharashtra,Lok Sabha,147000000.0,112946842.0,36220911.0,76.83,32,111,28.83,76725931.0,54,53,1,,20.0,54.0,36220911.0,ASHUTOSH HANUMANT BALKAVADE,24.76,12.94,46.3,1.85,4.0,32.0,0.1876438942805724,0.0,43.75,100.0,40.62,1.0,7.0,1.8518518518518516,48.0,211.82772294159028,46,8.4,56.1,37.0,Low,Funds utilization (77%) is far ahead of physical completion (29%) — a gap of 48 points. | Almost none of the completed works have received citizen/beneficiary feedback ratings. | The exact same rupee amount appears on 7 separate completed works. | 212% of expenditure is still an unpaid balance to vendors.,Check for templated/cookie-cutter billing rather than work-specific costing. | Confirm vendor payment schedule and reasons for outstanding dues. | Cross-check beneficiary feedback mechanism / conduct spot citizen verification. | Verify that advance/interim payments correspond to actual physical progress on site.
RAKIBUL HUSSAIN,DHUBRI,Assam,Lok Sabha,147000000.0,97999429.0,48853373.0,66.67,25,179,13.97,49146056.0,142,136,6,,86.0,142.0,48853373.0,Bimal Auto Agency,9.21,2.19,57.04,4.23,11.0,25.0,-0.0746214243783915,0.0,0.0,100.0,48.0,1.0,6.0,4.225352112676056,52.7,100.59910499936207,46,8.1,56.1,36.9,Low,Funds utilization (67%) is far ahead of physical completion (14%) — a gap of 53 points. | Almost none of the completed works have received citizen/beneficiary feedback ratings. | The exact same rupee amount appears on 6 separate completed works. | 101% of expenditure is still an unpaid balance to vendors.,Check for templated/cookie-cutter billing rather than work-specific costing. | Confirm vendor payment schedule and reasons for outstanding dues. | Cross-check beneficiary feedback mechanism / conduct spot citizen verification. | Verify that advance/interim payments correspond to actual physical progress on site.
Shri Sanjay Kumar Jha (2024-30),Sitting Rajya Sabha,Bihar,Rajya Sabha,186200000.0,6254795.0,5078584.0,3.36,4,6,66.67,1176211.0,6,6,0,,3.0,6.0,5078584.0,ASSISTANT ENGINEER JHANJHARPUR,53.42,40.02,0.0,0.0,0.0,4.0,0.5129797726936332,0.0,25.0,100.0,0.0,1.0,1.0,0.0,0.0,23.160215524642304,26,44.6,31.7,36.9,Low,Vendor concentration is high (HHI=40); top vendor 'ASSISTANT ENGINEER JHANJHARPUR' handles 53% of spend. | Almost none of the completed works have received citizen/beneficiary feedback ratings.,Check whether the dominant vendor was selected through fair/competitive process across multiple works. | Cross-check beneficiary feedback mechanism / conduct spot citizen verification.
PUSHPENDRA SAROJ,KAUSHAMBI,Uttar Pradesh,Lok Sabha,147000000.0,111314034.0,56198890.0,75.72,607,2584,23.49,55115144.0,907,833,74,,12.0,907.0,56198890.0,MS GYANCHAND,21.31,14.36,0.0,8.16,35.0,607.0,-0.4632890530267495,0.0,0.82,100.0,0.0,1.0,179.0,8.158765159867695,52.230000000000004,98.07158824667178,46,8.0,56.1,36.9,Low,Funds utilization (76%) is far ahead of physical completion (23%) — a gap of 52 points. | Almost none of the completed works have received citizen/beneficiary feedback ratings. | The exact same rupee amount appears on 179 separate completed works. | 98% of expenditure is still an unpaid balance to vendors.,Check for templated/cookie-cutter billing rather than work-specific costing. | Confirm vendor payment schedule and reasons for outstanding dues. | Cross-check beneficiary feedback mechanism / conduct spot citizen verification. | Verify that advance/interim payments correspond to actual physical progress on site.
BALWANT BASWANT WANKHADE,AMRAVATI,Maharashtra,Lok Sabha,198293678.0,148214000.0,94386242.0,74.74,51,167,30.54,53827758.0,121,114,7,,59.0,121.0,94386242.0,Navnit Sudhirrao Toley,6.46,2.62,2.48,5.79,8.0,51.0,0.32720582443995305,1.0,47.06,100.0,3.92,1.0,8.0,5.785123966942149,44.199999999999996,57.02924161341226,46,7.8,56.1,36.8,Low,Funds utilization (75%) is far ahead of physical completion (31%) — a gap of 44 points. | Almost none of the completed works have received citizen/beneficiary feedback ratings. | The exact same rupee amount appears on 8 separate completed works. | 57% of expenditure is still an unpaid balance to vendors.,Check for templated/cookie-cutter billing rather than work-specific costing. | Confirm vendor payment schedule and reasons for outstanding dues. | Cross-check beneficiary feedback mechanism / conduct spot citizen verification. | Verify that advance/interim payments correspond to actual physical progress on site.
KANWAR SINGH TANWAR,AMROHA,Uttar Pradesh,Lok Sabha,147000000.0,123430143.0,78135018.0,83.97,59,104,56.73,45295125.0,81,81,0,,3.0,81.0,78135018.0,Siddhu Enterprises,74.6,60.21,0.0,0.0,13.0,59.0,0.548402424822273,0.0,3.39,100.0,0.0,1.0,1.0,0.0,27.240000000000002,57.97032644185223,36,25.9,43.9,36.7,Low,Vendor concentration is high (HHI=60); top vendor 'Siddhu Enterprises' handles 75% of spend. | Almost none of the completed works have received citizen/beneficiary feedback ratings. | 58% of expenditure is still an unpaid balance to vendors.,Check whether the dominant vendor was selected through fair/competitive process across multiple works. | Confirm vendor payment schedule and reasons for outstanding dues. | Cross-check beneficiary feedback mechanism / conduct spot citizen verification.
Jyotsna Charandas Mahant,KORBA,Chhattisgarh,Lok Sabha,155153738.11,114747960.0,75564467.0,73.96,136,310,43.87,39183493.0,435,428,7,,213.0,435.0,75564467.0,CEO JP Pali sansad mad 18th,2.92,0.84,66.9,1.61,36.0,136.0,-0.19463913801058436,0.0,8.09,100.0,53.68,4.0,25.0,1.6091954022988506,30.089999999999996,51.85438944471083,42,14.9,51.2,36.7,Low,Almost none of the completed works have received citizen/beneficiary feedback ratings. | 54% of completed works are billed in suspiciously round figures. | The same work description text is reused 4 times. | The exact same rupee amount appears on 25 separate completed works. | 52% of expenditure is still an unpaid balance to vendors.,Ask for itemised cost estimates/bills rather than lump-sum round amounts. | Check for templated/cookie-cutter billing rather than work-specific costing. | Confirm vendor payment schedule and reasons for outstanding dues. | Cross-check beneficiary feedback mechanism / conduct spot citizen verification. | Verify these are genuinely distinct works and not duplicate/split entries.
Shri Manas Ranjan Mangaraj (2022-28),Sitting Rajya Sabha,Odisha,Rajya Sabha,196063957.11,64785000.0,13305000.0,33.04,23,131,17.56,51480000.0,31,31,0,,23.0,31.0,13305000.0,BUDHIRAM TIYU,7.52,5.21,70.97,0.0,2.0,23.0,-0.1323083885213514,0.0,34.78,100.0,65.22,1.0,8.0,0.0,15.48,386.92220969560316,34,29.2,41.5,36.6,Low,Almost none of the completed works have received citizen/beneficiary feedback ratings. | 65% of completed works are billed in suspiciously round figures. | The exact same rupee amount appears on 8 separate completed works. | 387% of expenditure is still an unpaid balance to vendors.,Ask for itemised cost estimates/bills rather than lump-sum round amounts. | Check for templated/cookie-cutter billing rather than work-specific costing. | Confirm vendor payment schedule and reasons for outstanding dues. | Cross-check beneficiary feedback mechanism / conduct spot citizen verification.
GURMEET SINGH MEET HAYER,SANGRUR,Punjab,Lok Sabha,147000000.0,102301198.0,57218972.0,69.59,154,391,39.39,45082226.0,661,635,26,,180.0,661.0,57218972.0,GHATOURA AGRICULTURE WORKS,16.2,4.76,6.66,3.93,129.0,154.0,-0.3206940773586033,0.0,8.44,100.0,16.88,10.0,32.0,3.9334341906202726,30.200000000000003,78.78894783359617,34,29.0,41.5,36.5,Low,Almost none of the completed works have received citizen/beneficiary feedback ratings. | The same work description text is reused 10 times. | The exact same rupee amount appears on 32 separate completed works. | 79% of expenditure is still an unpaid balance to vendors.,Check for templated/cookie-cutter billing rather than work-specific costing. | Confirm vendor payment schedule and reasons for outstanding dues. | Cross-check beneficiary feedback mechanism / conduct spot citizen verification. | Verify these are genuinely distinct works and not duplicate/split entries.
MAHESH KASHYAP,BASTAR,Chhattisgarh,Lok Sabha,147000000.0,111167508.0,64495987.5,75.62,38,206,18.45,46671520.5,196,188,8,,118.0,196.0,64495987.5,GRAM PANCHAYAT HALLOOR,3.5,1.32,42.86,4.08,9.0,38.0,-0.09492014166413694,0.0,0.0,100.0,2.63,1.0,13.0,4.081632653061225,57.17,72.36344819125375,46,7.1,56.1,36.5,Low,Funds utilization (76%) is far ahead of physical completion (18%) — a gap of 57 points. | Almost none of the completed works have received citizen/beneficiary feedback ratings. | The exact same rupee amount appears on 13 separate completed works. | 72% of expenditure is still an unpaid balance to vendors.,Check for templated/cookie-cutter billing rather than work-specific costing. | Confirm vendor payment schedule and reasons for outstanding dues. | Cross-check beneficiary feedback mechanism / conduct spot citizen verification. | Verify that advance/interim payments correspond to actual physical progress on site.
Dr. K. Laxman (2022-28),Sitting Rajya Sabha,Uttar Pradesh,Rajya Sabha,197637007.11,145129100.0,123809716.0,73.43,275,323,85.14,21319384.0,323,311,12,,15.0,323.0,123809716.0,Unnati construction,30.19,17.46,0.62,3.72,22.0,275.0,-0.2065405683666261,5.0,31.27,100.0,0.0,33.0,99.0,3.7151702786377707,0.0,17.219475731613826,36,25.1,43.9,36.4,Low,Almost none of the completed works have received citizen/beneficiary feedback ratings. | 5 completed works cost far above the average for their work category (statistical outliers). | The same work description text is reused 33 times. | The exact same rupee amount appears on 99 separate completed works.,Check for templated/cookie-cutter billing rather than work-specific costing. | Compare quoted cost of outlier works with category benchmark / schedule of rates (SOR). | Cross-check beneficiary feedback mechanism / conduct spot citizen verification. | Verify these are genuinely distinct works and not duplicate/split entries.
CHHATRAPATI SHAHU SHAHAJI,KOLHAPUR,Maharashtra,Lok Sabha,147000000.0,97910291.0,33696592.0,66.61,22,101,21.78,64213699.0,34,34,0,,26.0,34.0,33696592.0,Kshatriya Constructions,8.86,4.65,47.06,0.0,2.0,22.0,0.4176611507320859,0.0,0.0,100.0,45.45,2.0,4.0,0.0,44.83,190.56437220713596,46,6.9,56.1,36.4,Low,Funds utilization (67%) is far ahead of physical completion (22%) — a gap of 45 points. | Almost none of the completed works have received citizen/beneficiary feedback ratings. | The exact same rupee amount appears on 4 separate completed works. | 191% of expenditure is still an unpaid balance to vendors.,Check for templated/cookie-cutter billing rather than work-specific costing. | Confirm vendor payment schedule and reasons for outstanding dues. | Cross-check beneficiary feedback mechanism / conduct spot citizen verification. | Verify that advance/interim payments correspond to actual physical progress on site.
SANJNA JATAV,BHARATPUR,Rajasthan,Lok Sabha,147000000.0,130636675.1,66932558.1,88.87,76,245,31.02,63704116.99999999,733,713,20,,521.0,733.0,66932558.1,SHARMA CONTRACTOR,23.31,6.69,1.23,2.73,95.0,76.0,-0.023534997443320653,0.0,3.95,100.0,0.0,1.0,1.0,2.728512960436562,57.85000000000001,95.17657595698556,38,21.4,46.3,36.3,Low,Funds utilization (89%) is far ahead of physical completion (31%) — a gap of 58 points. | Almost none of the completed works have received citizen/beneficiary feedback ratings. | 95% of expenditure is still an unpaid balance to vendors.,Confirm vendor payment schedule and reasons for outstanding dues. | Cross-check beneficiary feedback mechanism / conduct spot citizen verification. | Verify that advance/interim payments correspond to actual physical progress on site.
Prabhubhai Nagarbhai Vasava,BARDOLI,Gujarat,Lok Sabha,147000000.0,103087136.0,27468376.0,70.13,62,331,18.73,75618760.0,84,83,1,,45.0,84.0,27468376.0,HD ENTERPRISE,21.27,6.32,28.57,1.19,11.0,62.0,-0.22636028610772715,0.0,40.32,100.0,24.19,1.0,7.0,1.1904761904761905,51.39999999999999,275.29388705033017,46,6.7,56.1,36.3,Low,Funds utilization (70%) is far ahead of physical completion (19%) — a gap of 51 points. | Almost none of the completed works have received citizen/beneficiary feedback ratings. | The exact same rupee amount appears on 7 separate completed works. | 275% of expenditure is still an unpaid balance to vendors.,Check for templated/cookie-cutter billing rather than work-specific costing. | Confirm vendor payment schedule and reasons for outstanding dues. | Cross-check beneficiary feedback mechanism / conduct spot citizen verification. | Verify that advance/interim payments correspond to actual physical progress on site.
SUKANTA KUMAR PANIGRAHI,KANDHAMAL,Odisha,Lok Sabha,190712424.11,107662769.0,54209040.0,56.45,148,353,41.93,53453729.0,352,347,5,,44.0,352.0,54209040.0,MAHAKUMBHA PROPERTIES PVT LIMITED,34.95,14.81,31.82,1.42,64.0,148.0,-0.28761963097995813,0.0,14.86,100.0,66.22,1.0,44.0,1.4204545454545454,14.520000000000003,98.60666966247696,34,28.5,41.5,36.3,Low,Almost none of the completed works have received citizen/beneficiary feedback ratings. | 66% of completed works are billed in suspiciously round figures. | The exact same rupee amount appears on 44 separate completed works. | 99% of expenditure is still an unpaid balance to vendors.,Ask for itemised cost estimates/bills rather than lump-sum round amounts. | Check for templated/cookie-cutter billing rather than work-specific costing. | Confirm vendor payment schedule and reasons for outstanding dues. | Cross-check beneficiary feedback mechanism / conduct spot citizen verification.
Shri Satish Chandra Dubey (2022-28),Sitting Rajya Sabha,Bihar,Rajya Sabha,235263957.11,226217286.0,160336407.0,96.15,162,254,63.78,65880879.0,207,205,2,,45.0,207.0,160336407.0,ASSISTANT ENGINEER NARKATIYAGINJ,18.02,6.97,2.9,0.97,26.0,162.0,0.24596393996985627,0.0,95.06,100.0,0.0,13.0,2.0,0.966183574879227,32.370000000000005,41.08915762344606,36,24.9,43.9,36.3,Low,95% of completed works have no geo/photo evidence uploaded. | Almost none of the completed works have received citizen/beneficiary feedback ratings. | The same work description text is reused 13 times. | 41% of expenditure is still an unpaid balance to vendors.,Confirm vendor payment schedule and reasons for outstanding dues. | Cross-check beneficiary feedback mechanism / conduct spot citizen verification. | Request site photographs / geo-tagged images for works missing visual evidence. | Verify these are genuinely distinct works and not duplicate/split entries.
CAPTAIN VIRIATO FERNANDES,SOUTH GOA,Goa,Lok Sabha,147000000.0,113444053.0,48358008.0,77.17,47,133,35.34,65086045.0,78,78,0,,14.0,78.0,48358008.0,SML ISUZU LTD,36.26,28.63,5.13,0.0,15.0,47.0,0.2592569976399579,0.0,40.43,100.0,0.0,1.0,4.0,0.0,41.83,134.59207211347496,46,6.7,56.1,36.3,Low,Funds utilization (77%) is far ahead of physical completion (35%) — a gap of 42 points. | Almost none of the completed works have received citizen/beneficiary feedback ratings. | The exact same rupee amount appears on 4 separate completed works. | 135% of expenditure is still an unpaid balance to vendors.,Check for templated/cookie-cutter billing rather than work-specific costing. | Confirm vendor payment schedule and reasons for outstanding dues. | Cross-check beneficiary feedback mechanism / conduct spot citizen verification. | Verify that advance/interim payments correspond to actual physical progress on site.
DEVESH CHANDRA THAKUR,SITAMARHI,Bihar,Lok Sabha,163809205.11,92125840.0,41894417.0,56.24,119,201,59.2,50231423.0,129,129,0,,13.0,129.0,41894417.0,AV ENTERTAINMENT,57.29,37.17,47.29,0.0,11.0,119.0,-0.21684477832063936,0.0,4.2,100.0,32.77,7.0,34.0,0.0,0.0,119.90004061877744,34,28.3,41.5,36.2,Low,Almost none of the completed works have received citizen/beneficiary feedback ratings. | The same work description text is reused 7 times. | The exact same rupee amount appears on 34 separate completed works. | 120% of expenditure is still an unpaid balance to vendors.,Check for templated/cookie-cutter billing rather than work-specific costing. | Confirm vendor payment schedule and reasons for outstanding dues. | Cross-check beneficiary feedback mechanism / conduct spot citizen verification. | Verify these are genuinely distinct works and not duplicate/split entries.
Radha Mohan Singh,PURVI CHAMPARAN,Bihar,Lok Sabha,147000000.0,130545336.0,69803891.0,88.81,60,124,48.39,60741445.0,83,83,0,,17.0,83.0,69803891.0,SHANTI DEVI,18.92,10.75,2.41,0.0,13.0,60.0,0.4509539886464115,0.0,40.0,100.0,1.67,2.0,4.0,0.0,40.42,87.01727673031866,46,6.3,56.1,36.2,Low,Funds utilization (89%) is far ahead of physical completion (48%) — a gap of 40 points. | Almost none of the completed works have received citizen/beneficiary feedback ratings. | The exact same rupee amount appears on 4 separate completed works. | 87% of expenditure is still an unpaid balance to vendors.,Check for templated/cookie-cutter billing rather than work-specific costing. | Confirm vendor payment schedule and reasons for outstanding dues. | Cross-check beneficiary feedback mechanism / conduct spot citizen verification. | Verify that advance/interim payments correspond to actual physical progress on site.
Shri Gulam Ali (2022-28),Nominated Rajya Sabha,Jammu And Kashmir,Rajya Sabha,196063957.11,147179063.89,134148715.0,75.07,156,185,84.32,13030348.889999986,193,190,3,,23.0,193.0,134148715.0,RMK ENTERPRISES,39.49,21.77,2.07,1.55,16.0,156.0,0.30457226379380825,7.0,30.77,100.0,1.28,16.0,136.0,1.5544041450777202,0.0,9.713360944232665,36,24.4,43.9,36.1,Low,Almost none of the completed works have received citizen/beneficiary feedback ratings. | 7 completed works cost far above the average for their work category (statistical outliers). | The same work description text is reused 16 times. | The exact same rupee amount appears on 136 separate completed works.,Check for templated/cookie-cutter billing rather than work-specific costing. | Compare quoted cost of outlier works with category benchmark / schedule of rates (SOR). | Cross-check beneficiary feedback mechanism / conduct spot citizen verification. | Verify these are genuinely distinct works and not duplicate/split entries.
DR. SHARMILA SARKAR,BARDHAMAN PURBA,West Bengal,Lok Sabha,147000000.0,85735589.0,21224009.0,58.32,17,111,15.32,64511580.0,33,25,8,,17.0,33.0,21224009.0,TECHNO BEST,15.29,8.82,3.03,24.24,3.0,17.0,0.22350831905339782,0.0,35.29,100.0,5.88,1.0,2.0,24.242424242424242,43.0,303.95567585746875,38,20.8,46.3,36.1,Low,Funds utilization (58%) is far ahead of physical completion (15%) — a gap of 43 points. | Almost none of the completed works have received citizen/beneficiary feedback ratings. | 304% of expenditure is still an unpaid balance to vendors.,Confirm vendor payment schedule and reasons for outstanding dues. | Cross-check beneficiary feedback mechanism / conduct spot citizen verification. | Verify that advance/interim payments correspond to actual physical progress on site.
Kiren Rijiju,ARUNACHAL WEST,Arunachal Pradesh,Lok Sabha,147000000.0,94263249.0,87533016.0,64.12,114,131,87.02,6730233.0,162,156,6,,91.0,162.0,87533016.0,Ms Mohnio Enterprises,6.06,2.34,63.58,3.7,25.0,114.0,0.1598379169408327,1.0,30.7,100.0,90.35,1.0,39.0,3.7037037037037033,0.0,7.688793677576471,24,46.4,29.3,36.1,Low,Almost none of the completed works have received citizen/beneficiary feedback ratings. | 90% of completed works are billed in suspiciously round figures. | The exact same rupee amount appears on 39 separate completed works.,Ask for itemised cost estimates/bills rather than lump-sum round amounts. | Check for templated/cookie-cutter billing rather than work-specific costing. | Cross-check beneficiary feedback mechanism / conduct spot citizen verification.
Bharatsinhji Shankarji Dabhi,PATAN,Gujarat,Lok Sabha,147000000.0,123505538.0,72505536.0,84.02,160,334,47.9,51000002.0,205,199,6,,136.0,205.0,72505536.0,YUG ENTERPRISE,19.28,4.62,58.05,2.93,15.0,160.0,-0.21463296700069728,0.0,1.25,100.0,63.12,4.0,40.0,2.9268292682926833,36.12,70.3394593207338,42,13.5,51.2,36.1,Low,Almost none of the completed works have received citizen/beneficiary feedback ratings. | 63% of completed works are billed in suspiciously round figures. | The same work description text is reused 4 times. | The exact same rupee amount appears on 40 separate completed works. | 70% of expenditure is still an unpaid balance to vendors.,Ask for itemised cost estimates/bills rather than lump-sum round amounts. | Check for templated/cookie-cutter billing rather than work-specific costing. | Confirm vendor payment schedule and reasons for outstanding dues. | Cross-check beneficiary feedback mechanism / conduct spot citizen verification. | Verify these are genuinely distinct works and not duplicate/split entries.
KAMAKHYA PRASAD TASA,Kaziranga,Assam,Lok Sabha,147000000.0,88319000.0,13430602.0,60.08,0,88,0.0,74888398.0,40,40,0,,21.0,40.0,13430602.0,We R,20.35,8.0,7.5,0.0,6.0,0.0,0.0,0.0,0.0,0.0,0.0,0.0,0.0,0.0,60.08,557.5952440553298,30,35.0,36.6,36.0,Low,Funds utilization (60%) is far ahead of physical completion (0%) — a gap of 60 points. | 558% of expenditure is still an unpaid balance to vendors.,Confirm vendor payment schedule and reasons for outstanding dues. | Verify that advance/interim payments correspond to actual physical progress on site.
VARUN CHAUDHRY,AMBALA,Haryana,Lok Sabha,255454264.0,125888476.0,29577311.0,49.28,3,157,1.91,96311165.0,107,99,8,,48.0,107.0,29577311.0,T A S C Group Co op L and C Society Toba,6.78,3.56,0.93,7.48,9.0,3.0,-0.3019798398008218,0.0,33.33,100.0,33.33,1.0,1.0,7.476635514018691,47.370000000000005,325.62515571479776,38,20.6,46.3,36.0,Low,Funds utilization (49%) is far ahead of physical completion (2%) — a gap of 47 points. | Almost none of the completed works have received citizen/beneficiary feedback ratings. | 326% of expenditure is still an unpaid balance to vendors.,Confirm vendor payment schedule and reasons for outstanding dues. | Cross-check beneficiary feedback mechanism / conduct spot citizen verification. | Verify that advance/interim payments correspond to actual physical progress on site.
RANJIT DUTTA,Sonitpur,Assam,Lok Sabha,147000000.0,122723218.0,72922532.0,83.49,24,152,15.79,49800686.0,345,333,12,,65.0,345.0,72922532.0,R ENTERPRISE,23.76,8.64,1.45,3.48,62.0,24.0,0.24494317680240507,0.0,45.83,100.0,29.17,1.0,3.0,3.4782608695652173,67.69999999999999,68.29259027922947,38,20.0,46.3,35.8,Low,Funds utilization (83%) is far ahead of physical completion (16%) — a gap of 68 points. | Almost none of the completed works have received citizen/beneficiary feedback ratings. | 68% of expenditure is still an unpaid balance to vendors.,Confirm vendor payment schedule and reasons for outstanding dues. | Cross-check beneficiary feedback mechanism / conduct spot citizen verification. | Verify that advance/interim payments correspond to actual physical progress on site.
Shri Paka Venkata Satyanarayana (2025-28),Sitting Rajya Sabha,Andhra Pradesh,Rajya Sabha,98000000.0,44480000.0,1599035.0,45.39,1,17,5.88,42880965.0,1,1,0,,1.0,1.0,1599035.0,EXECUTIVE ENGINEER APCPDCL CHIRALA,100.0,100.0,0.0,0.0,0.0,1.0,1.032430803155199,0.0,0.0,100.0,0.0,1.0,1.0,0.0,39.51,2681.677699362428,10,71.3,12.2,35.8,Low,2682% of expenditure is still an unpaid balance to vendors.,Confirm vendor payment schedule and reasons for outstanding dues.
GOVIND MAKTHAPPA KARJOL,CHITRADURGA,Karnataka,Lok Sabha,147000000.0,120250000.0,46311790.0,81.8,19,225,8.44,73938210.0,125,107,18,,39.0,125.0,46311790.0,Project Director Nirmithi Kendra Chitradrga,41.84,18.98,34.4,14.4,18.0,19.0,-0.12109788595193742,0.0,10.53,100.0,5.26,1.0,2.0,14.399999999999999,73.36,159.65310345378575,38,20.1,46.3,35.8,Low,Funds utilization (82%) is far ahead of physical completion (8%) — a gap of 73 points. | Almost none of the completed works have received citizen/beneficiary feedback ratings. | 160% of expenditure is still an unpaid balance to vendors.,Confirm vendor payment schedule and reasons for outstanding dues. | Cross-check beneficiary feedback mechanism / conduct spot citizen verification. | Verify that advance/interim payments correspond to actual physical progress on site.
ARUN GOVIL,MEERUT,Uttar Pradesh,Lok Sabha,147000000.0,107650221.0,66737649.0,73.23,36,232,15.52,40912572.0,172,169,3,,18.0,172.0,66737649.0,ANUJ INTERLOCKING,16.97,8.03,0.58,1.74,36.0,36.0,0.19272619982533637,0.0,13.89,100.0,0.0,2.0,5.0,1.744186046511628,57.71000000000001,61.30358592643861,46,4.8,56.1,35.6,Low,Funds utilization (73%) is far ahead of physical completion (16%) — a gap of 58 points. | Almost none of the completed works have received citizen/beneficiary feedback ratings. | The exact same rupee amount appears on 5 separate completed works. | 61% of expenditure is still an unpaid balance to vendors.,Check for templated/cookie-cutter billing rather than work-specific costing. | Confirm vendor payment schedule and reasons for outstanding dues. | Cross-check beneficiary feedback mechanism / conduct spot citizen verification. | Verify that advance/interim payments correspond to actual physical progress on site.
Thalikkottai Rajuthevar Baalu,SRIPERUMBUDUR,Tamil Nadu,Lok Sabha,196905535.11,141333138.0,71998395.0,71.78,63,126,50.0,69334743.0,90,90,0,,27.0,90.0,71998395.0,E SEKAR,17.21,7.32,2.22,0.0,17.0,63.0,0.2607993088990736,4.0,1.59,100.0,3.17,19.0,24.0,0.0,21.78,96.30040086310258,46,4.9,56.1,35.6,Low,Almost none of the completed works have received citizen/beneficiary feedback ratings. | 4 completed works cost far above the average for their work category (statistical outliers). | The same work description text is reused 19 times. | The exact same rupee amount appears on 24 separate completed works. | 96% of expenditure is still an unpaid balance to vendors.,Check for templated/cookie-cutter billing rather than work-specific costing. | Compare quoted cost of outlier works with category benchmark / schedule of rates (SOR). | Confirm vendor payment schedule and reasons for outstanding dues. | Cross-check beneficiary feedback mechanism / conduct spot citizen verification. | Verify these are genuinely distinct works and not duplicate/split entries.
Mala Rajya Laxmi Shah,TEHRI GARHWAL,Uttarakhand,Lok Sabha,147000000.0,90920802.0,57285791.0,61.85,84,224,37.5,33635011.0,371,367,4,,157.0,371.0,57285791.0,Masti ram,32.21,13.14,2.16,1.08,56.0,84.0,-0.18894219501285744,0.0,78.57,100.0,1.19,1.0,15.0,1.078167115902965,24.35,58.714404414874885,36,23.1,43.9,35.6,Low,79% of completed works have no geo/photo evidence uploaded. | Almost none of the completed works have received citizen/beneficiary feedback ratings. | The exact same rupee amount appears on 15 separate completed works. | 59% of expenditure is still an unpaid balance to vendors.,Check for templated/cookie-cutter billing rather than work-specific costing. | Confirm vendor payment schedule and reasons for outstanding dues. | Cross-check beneficiary feedback mechanism / conduct spot citizen verification. | Request site photographs / geo-tagged images for works missing visual evidence.
Smt. Adhikarimayum Sharda Devi (2026-32),Sitting Rajya Sabha,Manipur,Rajya Sabha,49000000.0,19500000.0,1800000.0,39.8,0,10,0.0,17700000.0,1,1,0,,1.0,1.0,1800000.0,Akin construction and supply,100.0,100.0,100.0,0.0,0.0,0.0,0.0,0.0,0.0,0.0,0.0,0.0,0.0,0.0,39.8,983.3333333333334,10,70.8,12.2,35.6,Low,983% of expenditure is still an unpaid balance to vendors.,Confirm vendor payment schedule and reasons for outstanding dues.
Jagdambika Pal,DOMARIYAGANJ,Uttar Pradesh,Lok Sabha,160643957.11,97048500.0,38873088.0,60.41,1,75,1.33,58175412.0,50,50,0,,12.0,50.0,38873088.0,Nistha Enterprises,57.34,39.34,12.0,0.0,9.0,1.0,-0.18996494234262493,0.0,0.0,100.0,100.0,1.0,1.0,0.0,59.08,149.6547225679627,30,34.1,36.6,35.6,Low,Funds utilization (60%) is far ahead of physical completion (1%) — a gap of 59 points. | 150% of expenditure is still an unpaid balance to vendors.,Confirm vendor payment schedule and reasons for outstanding dues. | Verify that advance/interim payments correspond to actual physical progress on site.
Rahul Kaswan,CHURU,Rajasthan,Lok Sabha,147000000.0,130037464.0,58894909.0,88.46,37,257,14.4,71142555.0,540,534,6,,395.0,540.0,58894909.0,SHAHIR TRADING AND CONSTRUCTION COMPANY,4.99,1.97,1.67,1.11,54.0,37.0,0.2117672977127866,0.0,29.73,100.0,8.11,1.0,2.0,1.1111111111111112,74.05999999999999,120.79576351837133,38,19.6,46.3,35.6,Low,Funds utilization (88%) is far ahead of physical completion (14%) — a gap of 74 points. | Almost none of the completed works have received citizen/beneficiary feedback ratings. | 121% of expenditure is still an unpaid balance to vendors.,Confirm vendor payment schedule and reasons for outstanding dues. | Cross-check beneficiary feedback mechanism / conduct spot citizen verification. | Verify that advance/interim payments correspond to actual physical progress on site.
TANGELLA UDAY SRINIVAS,KAKINADA,Andhra Pradesh,Lok Sabha,199417886.76,40209964.0,18078040.0,20.16,6,22,27.27,22131924.0,11,10,1,,10.0,11.0,18078040.0,SRI MURALI KRISHNA CONSTRUCTIONS,32.96,17.99,0.0,9.09,1.0,6.0,1.7106543417112439,2.0,0.0,100.0,0.0,1.0,1.0,9.090909090909092,0.0,122.42435573767953,30,34.0,36.6,35.6,Low,Almost none of the completed works have received citizen/beneficiary feedback ratings. | 2 completed works cost far above the average for their work category (statistical outliers). | 122% of expenditure is still an unpaid balance to vendors.,Compare quoted cost of outlier works with category benchmark / schedule of rates (SOR). | Confirm vendor payment schedule and reasons for outstanding dues. | Cross-check beneficiary feedback mechanism / conduct spot citizen verification.
PATEL UMESHBHAI BABUBHAI,DAMAN and DIU,The Dadra And Nagar Haveli And Daman And Diu,Lok Sabha,245063957.0,241786200.0,0.0,98.66,0,61,0.0,241786200.0,0,0,0,,0.0,0.0,,,0.0,0.0,0.0,0.0,0.0,0.0,0.0,0.0,0.0,0.0,0.0,0.0,0.0,0.0,98.66,0.0,20,52.2,24.4,35.5,Low,Funds utilization (99%) is far ahead of physical completion (0%) — a gap of 99 points.,Verify that advance/interim payments correspond to actual physical progress on site.
KUNDURU RAGHUVEER,NALGONDA,Telangana,Lok Sabha,162952022.0,23968401.0,7766945.0,14.71,6,29,20.69,16201456.0,9,9,0,,5.0,9.0,7766945.0,ALLIED SURGICALS,49.83,32.13,55.56,0.0,2.0,6.0,0.47065584899023066,1.0,33.33,100.0,50.0,1.0,3.0,0.0,0.0,208.59496236937431,26,41.2,31.7,35.5,Low,Almost none of the completed works have received citizen/beneficiary feedback ratings. | 50% of completed works are billed in suspiciously round figures. | 209% of expenditure is still an unpaid balance to vendors.,Ask for itemised cost estimates/bills rather than lump-sum round amounts. | Confirm vendor payment schedule and reasons for outstanding dues. | Cross-check beneficiary feedback mechanism / conduct spot citizen verification.
ARUN BHARTI,JAMUI,Bihar,Lok Sabha,194924621.11,147431859.0,132883940.0,75.64,218,328,66.46,14547919.0,306,305,1,,15.0,306.0,132883940.0,Gyan Ganga,29.18,16.74,29.74,0.33,24.0,218.0,-0.026217597640357762,0.0,73.85,100.0,37.16,42.0,80.0,0.32679738562091504,9.180000000000007,10.947838391908006,34,26.4,41.5,35.5,Low,74% of completed works have no geo/photo evidence uploaded. | Almost none of the completed works have received citizen/beneficiary feedback ratings. | The same work description text is reused 42 times. | The exact same rupee amount appears on 80 separate completed works.,Check for templated/cookie-cutter billing rather than work-specific costing. | Cross-check beneficiary feedback mechanism / conduct spot citizen verification. | Request site photographs / geo-tagged images for works missing visual evidence. | Verify these are genuinely distinct works and not duplicate/split entries.
KALYAN VAIJINATHRAO KALE,JALNA,Maharashtra,Lok Sabha,147000000.0,60101425.0,39254291.0,40.89,19,61,31.15,20847134.0,41,41,0,,31.0,41.0,39254291.0,AMOL BADRINARAYAN KALASKAR,7.64,4.01,12.2,0.0,3.0,19.0,0.4131419645971379,0.0,63.16,100.0,26.32,1.0,4.0,0.0,9.740000000000002,53.107911183518766,36,22.8,43.9,35.5,Low,63% of completed works have no geo/photo evidence uploaded. | Almost none of the completed works have received citizen/beneficiary feedback ratings. | The exact same rupee amount appears on 4 separate completed works. | 53% of expenditure is still an unpaid balance to vendors.,Check for templated/cookie-cutter billing rather than work-specific costing. | Confirm vendor payment schedule and reasons for outstanding dues. | Cross-check beneficiary feedback mechanism / conduct spot citizen verification. | Request site photographs / geo-tagged images for works missing visual evidence.
DHAVAL LAXMANBHAI PATEL,VALSAD,Gujarat,Lok Sabha,147000000.0,109117733.0,35423530.0,74.23,60,233,25.75,73694203.0,66,65,1,,26.0,66.0,35423530.0,Swara Enterprises,46.15,24.41,16.67,1.52,9.0,60.0,-0.003398129408489018,0.0,13.33,100.0,15.0,1.0,10.0,1.5151515151515151,48.480000000000004,208.03743443976362,46,4.3,56.1,35.4,Low,Funds utilization (74%) is far ahead of physical completion (26%) — a gap of 48 points. | Almost none of the completed works have received citizen/beneficiary feedback ratings. | The exact same rupee amount appears on 10 separate completed works. | 208% of expenditure is still an unpaid balance to vendors.,Check for templated/cookie-cutter billing rather than work-specific costing. | Confirm vendor payment schedule and reasons for outstanding dues. | Cross-check beneficiary feedback mechanism / conduct spot citizen verification. | Verify that advance/interim payments correspond to actual physical progress on site.
Vishnu Dayal Ram,PALAMU,Jharkhand,Lok Sabha,158176083.11,115360621.0,83852477.0,72.93,117,271,43.17,31508144.0,333,332,1,,3.0,333.0,83852477.0,SITA RAM PATEL,72.44,57.16,26.43,0.3,30.0,117.0,-0.029292733355875164,1.0,0.85,100.0,11.11,1.0,56.0,0.3003003003003003,29.760000000000005,37.57568664310298,34,26.3,41.5,35.4,Low,Vendor concentration is high (HHI=57); top vendor 'SITA RAM PATEL' handles 72% of spend. | Almost none of the completed works have received citizen/beneficiary feedback ratings. | The exact same rupee amount appears on 56 separate completed works.,Check for templated/cookie-cutter billing rather than work-specific costing. | Check whether the dominant vendor was selected through fair/competitive process across multiple works. | Cross-check beneficiary feedback mechanism / conduct spot citizen verification.
AFZAL ANSARI,GHAZIPUR,Uttar Pradesh,Lok Sabha,220500000.0,200499521.0,107091112.0,90.93,35,426,8.22,93408409.0,286,285,1,,35.0,286.0,107091112.0,SHYAM SOLAR TRADING,41.77,20.64,1.05,0.35,34.0,35.0,0.4411868388135109,1.0,0.0,100.0,0.0,1.0,2.0,0.34965034965034963,82.71000000000001,87.22330663631543,38,18.9,46.3,35.3,Low,Funds utilization (91%) is far ahead of physical completion (8%) — a gap of 83 points. | Almost none of the completed works have received citizen/beneficiary feedback ratings. | 87% of expenditure is still an unpaid balance to vendors.,Confirm vendor payment schedule and reasons for outstanding dues. | Cross-check beneficiary feedback mechanism / conduct spot citizen verification. | Verify that advance/interim payments correspond to actual physical progress on site.
ROBERT BRUCE C,TIRUNELVELI,Tamil Nadu,Lok Sabha,147475440.11,130653154.0,55819028.0,88.59,60,142,42.25,74834126.0,73,73,0,,30.0,73.0,55819028.0,SAI IT SYSTEMS,15.81,6.45,6.85,0.0,9.0,60.0,0.13270536348666356,1.0,3.33,100.0,1.67,1.0,29.0,0.0,46.34,134.0656200606001,46,4.1,56.1,35.3,Low,Funds utilization (89%) is far ahead of physical completion (42%) — a gap of 46 points. | Almost none of the completed works have received citizen/beneficiary feedback ratings. | The exact same rupee amount appears on 29 separate completed works. | 134% of expenditure is still an unpaid balance to vendors.,Check for templated/cookie-cutter billing rather than work-specific costing. | Confirm vendor payment schedule and reasons for outstanding dues. | Cross-check beneficiary feedback mechanism / conduct spot citizen verification. | Verify that advance/interim payments correspond to actual physical progress on site.
C R Patil,NAVSARI,Gujarat,Lok Sabha,158532494.36,130009644.0,72577870.0,82.01,268,408,65.69,57431774.0,283,262,21,,138.0,283.0,72577870.0,SAMBHAV ENTERPRISE,9.95,2.46,50.53,7.42,31.0,268.0,-0.29689565104090637,0.0,0.0,100.0,50.37,1.0,41.0,7.420494699646643,16.320000000000007,79.13124758276868,34,26.1,41.5,35.3,Low,Almost none of the completed works have received citizen/beneficiary feedback ratings. | 50% of completed works are billed in suspiciously round figures. | The exact same rupee amount appears on 41 separate completed works. | 79% of expenditure is still an unpaid balance to vendors.,Ask for itemised cost estimates/bills rather than lump-sum round amounts. | Check for templated/cookie-cutter billing rather than work-specific costing. | Confirm vendor payment schedule and reasons for outstanding dues. | Cross-check beneficiary feedback mechanism / conduct spot citizen verification.
SHRIMANT CHH UDAYANRAJE PRATAPSINHAMAHARAJ BHONSLE,SATARA,Maharashtra,Lok Sabha,147000000.0,96998677.0,16135149.0,65.99,16,134,11.94,80863528.0,21,21,0,,21.0,21.0,16135149.0,Swapnil Raghunath Thorat,9.23,5.37,38.1,0.0,0.0,16.0,0.2000755993622189,0.0,50.0,100.0,31.25,1.0,3.0,0.0,54.05,501.16381323779535,38,18.7,46.3,35.3,Low,Funds utilization (66%) is far ahead of physical completion (12%) — a gap of 54 points. | Almost none of the completed works have received citizen/beneficiary feedback ratings. | 501% of expenditure is still an unpaid balance to vendors.,Confirm vendor payment schedule and reasons for outstanding dues. | Cross-check beneficiary feedback mechanism / conduct spot citizen verification. | Verify that advance/interim payments correspond to actual physical progress on site.
CHARANJIT SINGH CHANNI,JALANDHAR,Punjab,Lok Sabha,147000000.0,53355792.0,27091985.0,36.3,58,207,28.02,26263807.0,221,209,12,,82.0,221.0,27091985.0,The New Punjab Cooperative L C Society LTD,11.69,4.67,8.6,5.43,42.0,58.0,-0.32064020862890336,1.0,3.45,100.0,15.52,10.0,8.0,5.429864253393665,8.279999999999998,96.94308851861537,34,26.0,41.5,35.3,Low,Almost none of the completed works have received citizen/beneficiary feedback ratings. | The same work description text is reused 10 times. | The exact same rupee amount appears on 8 separate completed works. | 97% of expenditure is still an unpaid balance to vendors.,Check for templated/cookie-cutter billing rather than work-specific costing. | Confirm vendor payment schedule and reasons for outstanding dues. | Cross-check beneficiary feedback mechanism / conduct spot citizen verification. | Verify these are genuinely distinct works and not duplicate/split entries.
Shri  Dharambir Singh,BHIWANI MAHENDRAGARH,Haryana,Lok Sabha,147000000.0,92507587.0,66166803.0,62.93,103,204,50.49,26340784.0,187,185,2,,65.0,187.0,66166803.0,Bimla Automobiles,34.36,14.04,63.64,1.07,30.0,103.0,-0.13983310277977304,0.0,91.26,100.0,14.56,31.0,44.0,1.06951871657754,12.439999999999998,39.80966709242398,34,25.8,41.5,35.2,Low,91% of completed works have no geo/photo evidence uploaded. | Almost none of the completed works have received citizen/beneficiary feedback ratings. | The same work description text is reused 31 times. | The exact same rupee amount appears on 44 separate completed works.,Check for templated/cookie-cutter billing rather than work-specific costing. | Cross-check beneficiary feedback mechanism / conduct spot citizen verification. | Request site photographs / geo-tagged images for works missing visual evidence. | Verify these are genuinely distinct works and not duplicate/split entries.
ADV K FRANCIS GEORGE,KOTTAYAM,Kerala,Lok Sabha,188722256.11,181246978.0,37467974.0,96.04,53,359,14.76,143779004.0,82,80,2,,52.0,82.0,37467974.0,TATA MOTORS,11.77,4.03,6.1,2.44,7.0,53.0,-0.019014577746378797,0.0,30.19,100.0,5.66,1.0,2.0,2.4390243902439024,81.28,383.73840016009405,38,18.5,46.3,35.2,Low,Funds utilization (96%) is far ahead of physical completion (15%) — a gap of 81 points. | Almost none of the completed works have received citizen/beneficiary feedback ratings. | 384% of expenditure is still an unpaid balance to vendors.,Confirm vendor payment schedule and reasons for outstanding dues. | Cross-check beneficiary feedback mechanism / conduct spot citizen verification. | Verify that advance/interim payments correspond to actual physical progress on site.
Shri PP Chaudhary,PALI,Rajasthan,Lok Sabha,147000000.0,34153173.0,12964180.0,23.23,8,44,18.18,21188993.0,143,142,1,,118.0,143.0,12964180.0,Om Construction Rohat,8.48,5.31,0.7,0.7,5.0,8.0,0.08350565596998705,0.0,87.5,100.0,0.0,1.0,1.0,0.6993006993006993,5.050000000000001,163.4426010746534,28,36.5,34.1,35.1,Low,88% of completed works have no geo/photo evidence uploaded. | Almost none of the completed works have received citizen/beneficiary feedback ratings. | 163% of expenditure is still an unpaid balance to vendors.,Confirm vendor payment schedule and reasons for outstanding dues. | Cross-check beneficiary feedback mechanism / conduct spot citizen verification. | Request site photographs / geo-tagged images for works missing visual evidence.
Ashok Kumar Yadav,MADHUBANI,Bihar,Lok Sabha,147000000.0,107242559.0,70438959.0,72.95,81,189,42.86,36803600.0,132,132,0,,7.0,132.0,70438959.0,BIOLUNAR ENERGY SOLUTION,44.98,32.08,0.0,0.0,8.0,81.0,0.03717107334185905,0.0,96.3,100.0,0.0,1.0,63.0,0.0,30.090000000000003,52.24892662028125,36,21.7,43.9,35.0,Low,96% of completed works have no geo/photo evidence uploaded. | Almost none of the completed works have received citizen/beneficiary feedback ratings. | The exact same rupee amount appears on 63 separate completed works. | 52% of expenditure is still an unpaid balance to vendors.,Check for templated/cookie-cutter billing rather than work-specific costing. | Confirm vendor payment schedule and reasons for outstanding dues. | Cross-check beneficiary feedback mechanism / conduct spot citizen verification. | Request site photographs / geo-tagged images for works missing visual evidence.
MIAN ALTAF AHMAD,ANANTNAG,Jammu And Kashmir,Lok Sabha,147000000.0,136361166.0,24523857.0,92.76,14,133,10.53,111837309.0,35,35,0,,27.0,35.0,24523857.0,MASRAT SIDIQ GILKAR,28.11,11.05,17.14,0.0,3.0,14.0,-0.0476914599294014,0.0,7.14,100.0,7.14,1.0,1.0,0.0,82.23,456.0347460841906,38,18.1,46.3,35.0,Low,Funds utilization (93%) is far ahead of physical completion (11%) — a gap of 82 points. | Almost none of the completed works have received citizen/beneficiary feedback ratings. | 456% of expenditure is still an unpaid balance to vendors.,Confirm vendor payment schedule and reasons for outstanding dues. | Cross-check beneficiary feedback mechanism / conduct spot citizen verification. | Verify that advance/interim payments correspond to actual physical progress on site.
EATALA RAJENDER,MALKAJGIRI,Telangana,Lok Sabha,327477390.86,243219278.0,34708670.0,74.27,29,300,9.67,208510608.0,59,53,6,,25.0,59.0,34708670.0,SPR Infra,13.21,7.18,8.47,10.17,11.0,29.0,0.034195252198433626,0.0,31.03,100.0,10.34,1.0,3.0,10.16949152542373,64.6,600.7450242259355,38,18.1,46.3,35.0,Low,Funds utilization (74%) is far ahead of physical completion (10%) — a gap of 65 points. | Almost none of the completed works have received citizen/beneficiary feedback ratings. | 601% of expenditure is still an unpaid balance to vendors.,Confirm vendor payment schedule and reasons for outstanding dues. | Cross-check beneficiary feedback mechanism / conduct spot citizen verification. | Verify that advance/interim payments correspond to actual physical progress on site.
Shri I.S. Inbadurai (2025-31),Sitting Rajya Sabha,Tamil Nadu,Rajya Sabha,89248285.42,63002801.0,15065385.0,70.59,15,83,18.07,47937416.0,31,31,0,,7.0,31.0,15065385.0,K G CONSTRUCTIONS,29.6,20.94,25.81,0.0,7.0,15.0,0.02115329639055289,0.0,0.0,100.0,6.67,1.0,5.0,0.0,52.52,318.1957580241062,46,3.1,56.1,34.9,Low,Funds utilization (71%) is far ahead of physical completion (18%) — a gap of 53 points. | Almost none of the completed works have received citizen/beneficiary feedback ratings. | The exact same rupee amount appears on 5 separate completed works. | 318% of expenditure is still an unpaid balance to vendors.,Check for templated/cookie-cutter billing rather than work-specific costing. | Confirm vendor payment schedule and reasons for outstanding dues. | Cross-check beneficiary feedback mechanism / conduct spot citizen verification. | Verify that advance/interim payments correspond to actual physical progress on site.
Shri Rwngwra Narzary (2022-28),Sitting Rajya Sabha,Assam,Rajya Sabha,220563957.11,203869662.0,119812440.0,92.43,17,166,10.24,84057222.0,177,175,2,,75.0,177.0,119812440.0,MS Dwithun Basumatary Enterprise,13.85,3.43,51.41,1.13,20.0,17.0,0.6646540339613862,0.0,5.88,100.0,29.41,1.0,2.0,1.1299435028248588,82.19000000000001,70.157340923864,38,17.9,46.3,34.9,Low,Funds utilization (92%) is far ahead of physical completion (10%) — a gap of 82 points. | Almost none of the completed works have received citizen/beneficiary feedback ratings. | 70% of expenditure is still an unpaid balance to vendors.,Confirm vendor payment schedule and reasons for outstanding dues. | Cross-check beneficiary feedback mechanism / conduct spot citizen verification. | Verify that advance/interim payments correspond to actual physical progress on site.
SHOBHANABEN MAHENDRASINH BARAIYA,SABARKANTHA,Gujarat,Lok Sabha,147000000.0,100455464.0,53180570.0,68.34,122,279,43.73,47274894.0,147,140,7,,125.0,147.0,53180570.0,BANTHIWADA GRAM PANCHAYAT,2.82,0.99,91.84,4.76,4.0,122.0,-0.19690030924727295,0.0,11.48,100.0,90.16,2.0,30.0,4.761904761904762,24.610000000000007,88.89504945133156,34,25.1,41.5,34.9,Low,Almost none of the completed works have received citizen/beneficiary feedback ratings. | 90% of completed works are billed in suspiciously round figures. | The exact same rupee amount appears on 30 separate completed works. | 89% of expenditure is still an unpaid balance to vendors.,Ask for itemised cost estimates/bills rather than lump-sum round amounts. | Check for templated/cookie-cutter billing rather than work-specific costing. | Confirm vendor payment schedule and reasons for outstanding dues. | Cross-check beneficiary feedback mechanism / conduct spot citizen verification.
Prof. Ram Gopal Yadav (2020-26),Sitting Rajya Sabha,Uttar Pradesh,Rajya Sabha,221271395.11,200104837.0,178725656.0,90.43,25,81,30.86,21379181.0,125,124,1,,19.0,125.0,178725656.0,Pradeep Kumar,29.33,13.87,0.0,0.8,30.0,25.0,2.5501220346160465,14.0,0.0,100.0,0.0,1.0,1.0,0.8,59.57000000000001,11.962010087684332,40,14.1,48.8,34.9,Low,Funds utilization (90%) is far ahead of physical completion (31%) — a gap of 60 points. | Almost none of the completed works have received citizen/beneficiary feedback ratings. | 14 completed works cost far above the average for their work category (statistical outliers).,Compare quoted cost of outlier works with category benchmark / schedule of rates (SOR). | Cross-check beneficiary feedback mechanism / conduct spot citizen verification. | Verify that advance/interim payments correspond to actual physical progress on site.
Shri P. P. Suneer (2024-30),Sitting Rajya Sabha,Kerala,Rajya Sabha,122500000.0,85608775.0,18439441.0,69.88,19,90,21.11,67169334.0,31,31,0,,14.0,31.0,18439441.0,VE Commercial Vehicles Ltd,25.08,14.15,3.23,0.0,1.0,19.0,0.016674878982049886,0.0,5.26,100.0,5.26,1.0,4.0,0.0,48.769999999999996,364.2699038436144,46,3.1,56.1,34.9,Low,Funds utilization (70%) is far ahead of physical completion (21%) — a gap of 49 points. | Almost none of the completed works have received citizen/beneficiary feedback ratings. | The exact same rupee amount appears on 4 separate completed works. | 364% of expenditure is still an unpaid balance to vendors.,Check for templated/cookie-cutter billing rather than work-specific costing. | Confirm vendor payment schedule and reasons for outstanding dues. | Cross-check beneficiary feedback mechanism / conduct spot citizen verification. | Verify that advance/interim payments correspond to actual physical progress on site.
LOVELY ANAND,SHEOHAR,Bihar,Lok Sabha,147000000.0,84963896.0,43561211.0,57.8,25,90,27.78,41402685.0,39,37,2,,12.0,39.0,43561211.0,R K Construction,21.81,12.76,41.03,5.13,6.0,25.0,0.47160962817493046,0.0,84.0,100.0,40.0,1.0,10.0,5.128205128205128,30.019999999999996,95.04484390941289,36,21.1,43.9,34.8,Low,84% of completed works have no geo/photo evidence uploaded. | Almost none of the completed works have received citizen/beneficiary feedback ratings. | The exact same rupee amount appears on 10 separate completed works. | 95% of expenditure is still an unpaid balance to vendors.,Check for templated/cookie-cutter billing rather than work-specific costing. | Confirm vendor payment schedule and reasons for outstanding dues. | Cross-check beneficiary feedback mechanism / conduct spot citizen verification. | Request site photographs / geo-tagged images for works missing visual evidence.
JAGADISH CHANDRA BARMA BASUNIA,COOCHBEHAR,West Bengal,Lok Sabha,168604641.11,119356958.0,36689865.0,70.79,1,96,1.04,82667093.0,41,41,0,,4.0,41.0,36689865.0,PABAN AGARWALA,53.07,38.08,0.0,0.0,7.0,1.0,5.770320953872405,1.0,0.0,100.0,0.0,1.0,1.0,0.0,69.75,225.31315664421223,30,32.0,36.6,34.8,Low,Funds utilization (71%) is far ahead of physical completion (1%) — a gap of 70 points. | 225% of expenditure is still an unpaid balance to vendors.,Confirm vendor payment schedule and reasons for outstanding dues. | Verify that advance/interim payments correspond to actual physical progress on site.
Shri Sanjay Raut (2022-28),Sitting Rajya Sabha,Maharashtra,Rajya Sabha,196063957.11,183861364.0,67167846.0,93.78,6,75,8.0,116693518.0,29,29,0,,16.0,29.0,67167846.0,Kamal Enterprises,23.8,13.32,3.45,0.0,6.0,6.0,0.7159698294636591,0.0,33.33,100.0,0.0,1.0,1.0,0.0,85.78,173.73419716332722,38,17.5,46.3,34.8,Low,Funds utilization (94%) is far ahead of physical completion (8%) — a gap of 86 points. | Almost none of the completed works have received citizen/beneficiary feedback ratings. | 174% of expenditure is still an unpaid balance to vendors.,Confirm vendor payment schedule and reasons for outstanding dues. | Cross-check beneficiary feedback mechanism / conduct spot citizen verification. | Verify that advance/interim payments correspond to actual physical progress on site.
BASTIPATI NAGARAJU PANCHALINGALA,KURNOOL,Andhra Pradesh,Lok Sabha,159998515.11,82033277.0,44033277.0,51.27,144,208,69.23,38000000.0,145,145,0,,8.0,145.0,44033277.0,UMA MAHESWARA TUBE WELLS KURNOOL,26.79,17.7,14.48,0.0,15.0,144.0,-0.24508379645361675,3.0,0.0,100.0,14.58,1.0,36.0,0.0,0.0,86.2983692992007,38,17.4,46.3,34.7,Low,Almost none of the completed works have received citizen/beneficiary feedback ratings. | 3 completed works cost far above the average for their work category (statistical outliers). | The exact same rupee amount appears on 36 separate completed works. | 86% of expenditure is still an unpaid balance to vendors.,Check for templated/cookie-cutter billing rather than work-specific costing. | Compare quoted cost of outlier works with category benchmark / schedule of rates (SOR). | Confirm vendor payment schedule and reasons for outstanding dues. | Cross-check beneficiary feedback mechanism / conduct spot citizen verification.
GODAM NAGESH,ADILABAD,Telangana,Lok Sabha,147000000.0,107604990.0,35717086.0,73.2,80,357,22.41,71887904.0,142,142,0,,48.0,142.0,35717086.0,SK SHUTTERS AND FABRICATORS,12.31,5.33,8.45,0.0,19.0,80.0,-0.3220939471509738,0.0,0.0,100.0,7.5,1.0,8.0,0.0,50.790000000000006,201.27034999439766,46,2.7,56.1,34.7,Low,Funds utilization (73%) is far ahead of physical completion (22%) — a gap of 51 points. | Almost none of the completed works have received citizen/beneficiary feedback ratings. | The exact same rupee amount appears on 8 separate completed works. | 201% of expenditure is still an unpaid balance to vendors.,Check for templated/cookie-cutter billing rather than work-specific costing. | Confirm vendor payment schedule and reasons for outstanding dues. | Cross-check beneficiary feedback mechanism / conduct spot citizen verification. | Verify that advance/interim payments correspond to actual physical progress on site.
CHINTAMANI MAHARAJ,SARGUJA,Chhattisgarh,Lok Sabha,147000000.0,101457500.0,61420121.0,69.02,70,330,21.21,40037379.0,372,365,7,,67.0,372.0,61420121.0,SANWARIYA BOREWELLS,24.4,8.52,41.4,1.88,28.0,70.0,-0.179732086348228,0.0,0.0,100.0,4.29,1.0,9.0,1.881720430107527,47.809999999999995,65.18609593751859,46,2.3,56.1,34.6,Low,Funds utilization (69%) is far ahead of physical completion (21%) — a gap of 48 points. | Almost none of the completed works have received citizen/beneficiary feedback ratings. | The exact same rupee amount appears on 9 separate completed works. | 65% of expenditure is still an unpaid balance to vendors.,Check for templated/cookie-cutter billing rather than work-specific costing. | Confirm vendor payment schedule and reasons for outstanding dues. | Cross-check beneficiary feedback mechanism / conduct spot citizen verification. | Verify that advance/interim payments correspond to actual physical progress on site.
Shri Hibi Eden,ERNAKULAM,Kerala,Lok Sabha,162177260.11,139783460.0,24928980.0,86.19,18,112,16.07,114854480.0,34,34,0,,18.0,34.0,24928980.0,VE Commercial Vehicles Ltd,55.07,33.56,8.82,0.0,2.0,18.0,0.5628502675261589,0.0,0.0,100.0,0.0,1.0,3.0,0.0,70.12,460.72675255866864,38,17.1,46.3,34.6,Low,Funds utilization (86%) is far ahead of physical completion (16%) — a gap of 70 points. | Almost none of the completed works have received citizen/beneficiary feedback ratings. | 461% of expenditure is still an unpaid balance to vendors.,Confirm vendor payment schedule and reasons for outstanding dues. | Cross-check beneficiary feedback mechanism / conduct spot citizen verification. | Verify that advance/interim payments correspond to actual physical progress on site.
Shri Milind Murli Deora (2024-30),Sitting Rajya Sabha,Maharashtra,Rajya Sabha,147000000.0,36030000.0,999996.0,24.51,0,26,0.0,35030004.0,2,2,0,,2.0,2.0,999996.0,Saurabh Vilas Kamane,50.0,50.0,50.0,0.0,0.0,0.0,0.0,0.0,0.0,0.0,0.0,0.0,0.0,0.0,24.51,3503.014412057648,10,67.9,12.2,34.5,Low,3503% of expenditure is still an unpaid balance to vendors.,Confirm vendor payment schedule and reasons for outstanding dues.
BISHNU PADA RAY,ANDAMAN AND NICOBAR ISLANDS,Andaman And Nicobar Islands,Lok Sabha,147000000.0,79615803.0,15498347.0,54.16,0,29,0.0,64117456.0,9,9,0,,8.0,9.0,15498347.0,CSE Construction Pvt Ltd,23.58,15.26,0.0,0.0,0.0,0.0,0.0,0.0,0.0,0.0,0.0,0.0,0.0,0.0,54.16,413.70512610151263,30,31.3,36.6,34.5,Low,Funds utilization (54%) is far ahead of physical completion (0%) — a gap of 54 points. | 414% of expenditure is still an unpaid balance to vendors.,Confirm vendor payment schedule and reasons for outstanding dues. | Verify that advance/interim payments correspond to actual physical progress on site.
Shri Suresh Kodikunnil,MAVELIKKARA,Kerala,Lok Sabha,172429519.11,130007478.0,42019767.0,75.4,58,191,30.37,87987711.0,86,85,1,,29.0,86.0,42019767.0,TATA MOTORS,14.89,8.06,1.16,1.16,13.0,58.0,-0.08116952085844371,1.0,29.31,100.0,1.72,1.0,17.0,1.1627906976744187,45.03,209.39599926862994,46,2.1,56.1,34.5,Low,Funds utilization (75%) is far ahead of physical completion (30%) — a gap of 45 points. | Almost none of the completed works have received citizen/beneficiary feedback ratings. | The exact same rupee amount appears on 17 separate completed works. | 209% of expenditure is still an unpaid balance to vendors.,Check for templated/cookie-cutter billing rather than work-specific costing. | Confirm vendor payment schedule and reasons for outstanding dues. | Cross-check beneficiary feedback mechanism / conduct spot citizen verification. | Verify that advance/interim payments correspond to actual physical progress on site.
Smt. Ranjeet Ranjan (2022-28),Sitting Rajya Sabha,Chhattisgarh,Rajya Sabha,246780257.87,231242048.0,185739464.0,93.7,164,271,60.52,45502584.0,452,430,22,,71.0,452.0,185739464.0,STARCARE ENTERPRISES LLP,17.03,6.3,37.83,4.87,52.0,164.0,0.27413466002847825,3.0,17.07,100.0,27.44,15.0,23.0,4.867256637168142,33.18,24.49807004934611,36,19.8,43.9,34.3,Low,Almost none of the completed works have received citizen/beneficiary feedback ratings. | 3 completed works cost far above the average for their work category (statistical outliers). | The same work description text is reused 15 times. | The exact same rupee amount appears on 23 separate completed works.,Check for templated/cookie-cutter billing rather than work-specific costing. | Compare quoted cost of outlier works with category benchmark / schedule of rates (SOR). | Cross-check beneficiary feedback mechanism / conduct spot citizen verification. | Verify these are genuinely distinct works and not duplicate/split entries.
Kakoli Ghosh Dastidar,BARASAT,West Bengal,Lok Sabha,147000000.0,117928163.0,61929956.0,80.22,77,181,42.54,55998207.0,100,100,0,,35.0,100.0,61929956.0,SG ENTERPRISE,16.48,7.95,1.0,0.0,8.0,77.0,0.08372099698997353,5.0,1.3,100.0,1.3,15.0,40.0,0.0,37.68,90.42184205653238,46,1.7,56.1,34.3,Low,Almost none of the completed works have received citizen/beneficiary feedback ratings. | 5 completed works cost far above the average for their work category (statistical outliers). | The same work description text is reused 15 times. | The exact same rupee amount appears on 40 separate completed works. | 90% of expenditure is still an unpaid balance to vendors.,Check for templated/cookie-cutter billing rather than work-specific costing. | Compare quoted cost of outlier works with category benchmark / schedule of rates (SOR). | Confirm vendor payment schedule and reasons for outstanding dues. | Cross-check beneficiary feedback mechanism / conduct spot citizen verification. | Verify these are genuinely distinct works and not duplicate/split entries.
JOYANTA BASUMATARY,KOKRAJHAR,Assam,Lok Sabha,147000000.0,146599810.0,63280971.0,99.73,20,129,15.5,83318839.0,82,79,3,,38.0,82.0,63280971.0,Derhasad Basumatary,7.23,3.4,42.68,3.66,9.0,20.0,0.5212917030057607,0.0,0.0,100.0,0.0,1.0,1.0,3.6585365853658534,84.23,131.66491866883646,38,16.4,46.3,34.3,Low,Funds utilization (100%) is far ahead of physical completion (16%) — a gap of 84 points. | Almost none of the completed works have received citizen/beneficiary feedback ratings. | 132% of expenditure is still an unpaid balance to vendors.,Confirm vendor payment schedule and reasons for outstanding dues. | Cross-check beneficiary feedback mechanism / conduct spot citizen verification. | Verify that advance/interim payments correspond to actual physical progress on site.
Nitin Jairam Gadkari,NAGPUR,Maharashtra,Lok Sabha,168195086.11,143109407.0,46558565.0,85.09,19,67,28.36,96550842.0,35,29,6,,24.0,35.0,46558565.0,Spectrum Services,27.14,10.6,5.71,17.14,3.0,19.0,0.9446215245892676,1.0,10.53,100.0,0.0,1.0,1.0,17.142857142857142,56.730000000000004,207.3750382985386,38,16.1,46.3,34.2,Low,Funds utilization (85%) is far ahead of physical completion (28%) — a gap of 57 points. | Almost none of the completed works have received citizen/beneficiary feedback ratings. | 207% of expenditure is still an unpaid balance to vendors.,Confirm vendor payment schedule and reasons for outstanding dues. | Cross-check beneficiary feedback mechanism / conduct spot citizen verification. | Verify that advance/interim payments correspond to actual physical progress on site.
Shri Haris Beeran (2024-30),Sitting Rajya Sabha,Kerala,Rajya Sabha,122500000.0,104068864.0,17910402.0,84.95,11,216,5.09,86158462.0,24,23,1,,21.0,24.0,17910402.0,PM ABDUL KAREEM,20.41,11.48,0.0,4.17,0.0,11.0,0.34570315242782745,1.0,9.09,100.0,0.0,1.0,1.0,4.166666666666666,79.86,481.0526419228334,38,15.8,46.3,34.1,Low,Funds utilization (85%) is far ahead of physical completion (5%) — a gap of 80 points. | Almost none of the completed works have received citizen/beneficiary feedback ratings. | 481% of expenditure is still an unpaid balance to vendors.,Confirm vendor payment schedule and reasons for outstanding dues. | Cross-check beneficiary feedback mechanism / conduct spot citizen verification. | Verify that advance/interim payments correspond to actual physical progress on site.
NILESH DNYANDEV LANKE,AHMEDNAGAR,Maharashtra,Lok Sabha,147000000.0,124380392.0,23809461.0,84.61,12,99,12.12,100570931.0,17,17,0,,12.0,17.0,23809461.0,SUNIL DATTATRAY KUDALE,20.06,11.77,29.41,0.0,1.0,12.0,0.8013265136257997,1.0,0.0,100.0,33.33,1.0,3.0,0.0,72.49,422.39902448862654,38,15.7,46.3,34.1,Low,Funds utilization (85%) is far ahead of physical completion (12%) — a gap of 72 points. | Almost none of the completed works have received citizen/beneficiary feedback ratings. | 422% of expenditure is still an unpaid balance to vendors.,Confirm vendor payment schedule and reasons for outstanding dues. | Cross-check beneficiary feedback mechanism / conduct spot citizen verification. | Verify that advance/interim payments correspond to actual physical progress on site.
DR. KIRSAN NAMDEO,GADCHIROLI-CHIMUR,Maharashtra,Lok Sabha,147000000.0,135837283.0,22599453.0,92.41,18,166,10.84,113237830.0,26,26,0,,18.0,26.0,22599453.0,SAMIR RAMKRUSHNA TAJNE,25.74,10.45,0.0,0.0,3.0,18.0,0.3413564839552907,0.0,11.11,100.0,0.0,1.0,1.0,0.0,81.57,501.0644726666614,38,15.6,46.3,34.0,Low,Funds utilization (92%) is far ahead of physical completion (11%) — a gap of 82 points. | Almost none of the completed works have received citizen/beneficiary feedback ratings. | 501% of expenditure is still an unpaid balance to vendors.,Confirm vendor payment schedule and reasons for outstanding dues. | Cross-check beneficiary feedback mechanism / conduct spot citizen verification. | Verify that advance/interim payments correspond to actual physical progress on site.
Daggubati Purandeshwari,RAJAHMUNDRY,Andhra Pradesh,Lok Sabha,147000000.0,107500000.0,14394558.0,73.13,3,37,8.11,93105442.0,13,13,0,,6.0,13.0,14394558.0,KANDAVALLI BUTCHAMMA,48.89,29.47,0.0,0.0,2.0,3.0,1.0950361331693677,0.0,0.0,100.0,0.0,1.0,1.0,0.0,65.02,646.8100097272873,38,15.5,46.3,34.0,Low,Funds utilization (73%) is far ahead of physical completion (8%) — a gap of 65 points. | Almost none of the completed works have received citizen/beneficiary feedback ratings. | 647% of expenditure is still an unpaid balance to vendors.,Confirm vendor payment schedule and reasons for outstanding dues. | Cross-check beneficiary feedback mechanism / conduct spot citizen verification. | Verify that advance/interim payments correspond to actual physical progress on site.
SHAMBHAVI,SAMASTIPUR,Bihar,Lok Sabha,147000000.0,88544621.0,29478647.0,60.23,21,127,16.54,59065974.0,39,30,9,,25.0,39.0,29478647.0,ASSISTANT ENGINEER HAYAGHAT,15.05,6.49,0.0,23.08,3.0,21.0,0.28054846200850686,0.0,0.0,100.0,0.0,1.0,2.0,23.076923076923077,43.69,200.36867363688708,38,15.3,46.3,33.9,Low,Funds utilization (60%) is far ahead of physical completion (17%) — a gap of 44 points. | Almost none of the completed works have received citizen/beneficiary feedback ratings. | 200% of expenditure is still an unpaid balance to vendors.,Confirm vendor payment schedule and reasons for outstanding dues. | Cross-check beneficiary feedback mechanism / conduct spot citizen verification. | Verify that advance/interim payments correspond to actual physical progress on site.
Jagannath Sarkar,RANAGHAT,West Bengal,Lok Sabha,147000000.0,112612025.0,41712525.0,76.61,70,219,31.96,70899500.0,86,86,0,,11.0,86.0,41712525.0,ROKHI GHOSH,25.45,15.87,0.0,0.0,16.0,70.0,-0.05004622896345246,0.0,0.0,100.0,0.0,1.0,9.0,0.0,44.65,169.9717291149361,46,0.6,56.1,33.9,Low,Funds utilization (77%) is far ahead of physical completion (32%) — a gap of 45 points. | Almost none of the completed works have received citizen/beneficiary feedback ratings. | The exact same rupee amount appears on 9 separate completed works. | 170% of expenditure is still an unpaid balance to vendors.,Check for templated/cookie-cutter billing rather than work-specific costing. | Confirm vendor payment schedule and reasons for outstanding dues. | Cross-check beneficiary feedback mechanism / conduct spot citizen verification. | Verify that advance/interim payments correspond to actual physical progress on site.
Shri Devendra Pratap Singh (2024-30),Sitting Rajya Sabha,Chhattisgarh,Rajya Sabha,170837637.76,16036331.0,8275468.0,9.39,3,17,17.65,7760863.0,14,14,0,,10.0,14.0,8275468.0,Punit Kumar Agrawal,19.33,12.38,57.14,0.0,0.0,3.0,0.11703820049410844,0.0,33.33,100.0,66.67,1.0,1.0,0.0,0.0,93.78156014862242,26,36.9,31.7,33.8,Low,Almost none of the completed works have received citizen/beneficiary feedback ratings. | 67% of completed works are billed in suspiciously round figures. | 94% of expenditure is still an unpaid balance to vendors.,Ask for itemised cost estimates/bills rather than lump-sum round amounts. | Confirm vendor payment schedule and reasons for outstanding dues. | Cross-check beneficiary feedback mechanism / conduct spot citizen verification.
BHOJRAJ NAG,KANKER,Chhattisgarh,Lok Sabha,164672734.11,64980971.0,35985836.0,39.46,29,87,33.33,28995135.0,104,103,1,,45.0,104.0,35985836.0,JAISWAL WOODEN INDUSTRIES,18.06,5.98,71.15,0.96,5.0,29.0,0.14193892074987496,0.0,17.24,100.0,68.97,2.0,13.0,0.9615384615384616,6.130000000000003,80.57374295820166,34,22.3,41.5,33.8,Low,Almost none of the completed works have received citizen/beneficiary feedback ratings. | 69% of completed works are billed in suspiciously round figures. | The exact same rupee amount appears on 13 separate completed works. | 81% of expenditure is still an unpaid balance to vendors.,Ask for itemised cost estimates/bills rather than lump-sum round amounts. | Check for templated/cookie-cutter billing rather than work-specific costing. | Confirm vendor payment schedule and reasons for outstanding dues. | Cross-check beneficiary feedback mechanism / conduct spot citizen verification.
Pralhad Venkatesh Joshi,DHARWAD,Karnataka,Lok Sabha,147000000.0,96324932.0,20761060.0,65.53,28,204,13.73,75563872.0,66,55,11,,35.0,66.0,20761060.0,Manjunath Mallappa Kittur,7.62,3.75,1.52,16.67,7.0,28.0,-0.09866669397963759,0.0,17.86,100.0,0.0,1.0,1.0,16.666666666666664,51.8,363.96923856489025,38,15.1,46.3,33.8,Low,Funds utilization (66%) is far ahead of physical completion (14%) — a gap of 52 points. | Almost none of the completed works have received citizen/beneficiary feedback ratings. | 364% of expenditure is still an unpaid balance to vendors.,Confirm vendor payment schedule and reasons for outstanding dues. | Cross-check beneficiary feedback mechanism / conduct spot citizen verification. | Verify that advance/interim payments correspond to actual physical progress on site.
Krishna Prasad Tenneti,BAPATLA,Andhra Pradesh,Lok Sabha,167796849.11,106632500.0,18515817.0,63.55,6,124,4.84,88116683.0,25,21,4,,18.0,25.0,18515817.0,Seetha Remi Reddy,15.79,7.98,0.0,16.0,2.0,6.0,-0.15391007833048623,0.0,0.0,100.0,0.0,1.0,1.0,16.0,58.709999999999994,475.89951337280985,38,15.1,46.3,33.8,Low,Funds utilization (64%) is far ahead of physical completion (5%) — a gap of 59 points. | Almost none of the completed works have received citizen/beneficiary feedback ratings. | 476% of expenditure is still an unpaid balance to vendors.,Confirm vendor payment schedule and reasons for outstanding dues. | Cross-check beneficiary feedback mechanism / conduct spot citizen verification. | Verify that advance/interim payments correspond to actual physical progress on site.
Dhairyasheel Sambhajirao Mane,HATKANANGLE,Maharashtra,Lok Sabha,147000000.0,21901717.0,7519206.0,14.9,4,17,23.53,14382511.0,5,5,0,,5.0,5.0,7519206.0,Cosine Green Power,41.05,25.79,60.0,0.0,0.0,4.0,1.0511077736968344,1.0,0.0,100.0,50.0,1.0,2.0,0.0,0.0,191.2769912142319,26,36.9,31.7,33.8,Low,Almost none of the completed works have received citizen/beneficiary feedback ratings. | 50% of completed works are billed in suspiciously round figures. | 191% of expenditure is still an unpaid balance to vendors.,Ask for itemised cost estimates/bills rather than lump-sum round amounts. | Confirm vendor payment schedule and reasons for outstanding dues. | Cross-check beneficiary feedback mechanism / conduct spot citizen verification.
K E PRAKASH,ERODE,Tamil Nadu,Lok Sabha,147000000.0,127327724.0,87182728.0,86.62,141,233,60.52,40144996.0,148,147,1,,30.0,148.0,87182728.0,QUALITTY ENTERPRISES,45.53,23.88,70.95,0.68,21.0,141.0,0.01153833830891096,1.0,9.93,100.0,70.21,1.0,29.0,0.6756756756756757,26.1,46.046960127239885,34,22.1,41.5,33.7,Low,Almost none of the completed works have received citizen/beneficiary feedback ratings. | 70% of completed works are billed in suspiciously round figures. | The exact same rupee amount appears on 29 separate completed works. | 46% of expenditure is still an unpaid balance to vendors.,Ask for itemised cost estimates/bills rather than lump-sum round amounts. | Check for templated/cookie-cutter billing rather than work-specific costing. | Confirm vendor payment schedule and reasons for outstanding dues. | Cross-check beneficiary feedback mechanism / conduct spot citizen verification.
Shri Sanjay Singh (2024-30),Sitting Rajya Sabha,Delhi,Rajya Sabha,184466426.11,149352110.0,17660934.0,80.96,17,105,16.19,131691176.0,23,22,1,,16.0,23.0,17660934.0,KHANNA SALES CORPORATION,12.8,7.98,0.0,4.35,3.0,17.0,0.2436914145961639,0.0,0.0,100.0,0.0,1.0,2.0,4.3478260869565215,64.77,745.6637117833066,38,14.7,46.3,33.7,Low,Funds utilization (81%) is far ahead of physical completion (16%) — a gap of 65 points. | Almost none of the completed works have received citizen/beneficiary feedback ratings. | 746% of expenditure is still an unpaid balance to vendors.,Confirm vendor payment schedule and reasons for outstanding dues. | Cross-check beneficiary feedback mechanism / conduct spot citizen verification. | Verify that advance/interim payments correspond to actual physical progress on site.
Shri M K Raghavan,KOZHIKODE,Kerala,Lok Sabha,147000000.0,94826385.0,9365325.0,64.51,15,268,5.6,85461060.0,26,26,0,,17.0,26.0,9365325.0,Nisar T P,18.03,8.82,0.0,0.0,4.0,15.0,-0.19577446335306173,0.0,0.0,100.0,0.0,1.0,1.0,0.0,58.910000000000004,912.5263672109617,38,14.5,46.3,33.6,Low,Funds utilization (65%) is far ahead of physical completion (6%) — a gap of 59 points. | Almost none of the completed works have received citizen/beneficiary feedback ratings. | 913% of expenditure is still an unpaid balance to vendors.,Confirm vendor payment schedule and reasons for outstanding dues. | Cross-check beneficiary feedback mechanism / conduct spot citizen verification. | Verify that advance/interim payments correspond to actual physical progress on site.
Omprakash Bhupalsinh Alias Pawan Rajenimbalkar,OSMANABAD,Maharashtra,Lok Sabha,184758519.11,132159818.0,28008430.0,71.53,30,190,15.79,104151388.0,44,41,3,,34.0,44.0,28008430.0,Chairman Shramjivi Majoor Sahakari Sanstha Tuljapur,6.75,3.81,9.09,6.82,0.0,30.0,0.11933665323972288,0.0,46.67,100.0,13.33,1.0,3.0,6.8181818181818175,55.74,371.857287252445,38,14.0,46.3,33.4,Low,Funds utilization (72%) is far ahead of physical completion (16%) — a gap of 56 points. | Almost none of the completed works have received citizen/beneficiary feedback ratings. | 372% of expenditure is still an unpaid balance to vendors.,Confirm vendor payment schedule and reasons for outstanding dues. | Cross-check beneficiary feedback mechanism / conduct spot citizen verification. | Verify that advance/interim payments correspond to actual physical progress on site.
Shri Jagat Prakash Nadda (2024-30),Sitting Rajya Sabha,Gujarat,Rajya Sabha,147000000.0,49300000.0,2100000.0,33.54,0,74,0.0,47200000.0,5,4,1,,5.0,5.0,2100000.0,GRAM PANCHAYAT NANASADA MAHATMA GANDHI SWACHHATA MISSION YOJNA,23.81,21.54,100.0,20.0,0.0,0.0,0.0,0.0,0.0,0.0,0.0,0.0,0.0,20.0,33.54,2247.6190476190473,10,65.2,12.2,33.4,Low,2248% of expenditure is still an unpaid balance to vendors.,Confirm vendor payment schedule and reasons for outstanding dues.
Shri P. Chidambaram (2022-28),Sitting Rajya Sabha,Tamil Nadu,Rajya Sabha,236312242.52,184916919.0,134466470.0,78.25,75,144,52.08,50450449.0,190,189,1,,61.0,190.0,134466470.0,D GANESAN ALANGADU,13.04,5.09,18.95,0.53,29.0,75.0,0.399826885067901,4.0,61.33,100.0,17.33,1.0,20.0,0.5263157894736842,26.17,37.518980754086876,38,14.0,46.3,33.4,Low,61% of completed works have no geo/photo evidence uploaded. | Almost none of the completed works have received citizen/beneficiary feedback ratings. | 4 completed works cost far above the average for their work category (statistical outliers). | The exact same rupee amount appears on 20 separate completed works.,Check for templated/cookie-cutter billing rather than work-specific costing. | Compare quoted cost of outlier works with category benchmark / schedule of rates (SOR). | Cross-check beneficiary feedback mechanism / conduct spot citizen verification. | Request site photographs / geo-tagged images for works missing visual evidence.
KALIPADA SAREN,JHARGRAM,West Bengal,Lok Sabha,147000000.0,113497279.0,71784126.0,77.21,40,63,63.49,41713153.0,49,48,1,,15.0,49.0,71784126.0,ATANU PATRA,29.98,15.38,6.12,2.04,8.0,40.0,1.046230716343183,9.0,5.0,100.0,2.5,1.0,7.0,2.0408163265306123,13.719999999999992,58.10916051272952,38,13.7,46.3,33.3,Low,Almost none of the completed works have received citizen/beneficiary feedback ratings. | 9 completed works cost far above the average for their work category (statistical outliers). | The exact same rupee amount appears on 7 separate completed works. | 58% of expenditure is still an unpaid balance to vendors.,Check for templated/cookie-cutter billing rather than work-specific costing. | Compare quoted cost of outlier works with category benchmark / schedule of rates (SOR). | Confirm vendor payment schedule and reasons for outstanding dues. | Cross-check beneficiary feedback mechanism / conduct spot citizen verification.
SHIVRAJ SINGH CHOUHAN,VIDISHA,Madhya Pradesh,Lok Sabha,147000000.0,62443125.0,38851625.0,42.48,10,107,9.35,23591500.0,128,128,0,,68.0,128.0,38851625.0,CEO JANPAD KHATEGAON,8.03,2.47,62.5,0.0,7.0,10.0,0.09807049929578256,0.0,0.0,100.0,80.0,3.0,4.0,0.0,33.129999999999995,60.72204187083552,34,20.7,41.5,33.2,Low,Almost none of the completed works have received citizen/beneficiary feedback ratings. | 80% of completed works are billed in suspiciously round figures. | The exact same rupee amount appears on 4 separate completed works. | 61% of expenditure is still an unpaid balance to vendors.,Ask for itemised cost estimates/bills rather than lump-sum round amounts. | Check for templated/cookie-cutter billing rather than work-specific costing. | Confirm vendor payment schedule and reasons for outstanding dues. | Cross-check beneficiary feedback mechanism / conduct spot citizen verification.
BHARAT SINGH KUSHWAH,GWALIOR,Madhya Pradesh,Lok Sabha,151455276.04,83032458.0,13676652.0,54.82,4,126,3.17,69355806.0,41,40,1,,32.0,41.0,13676652.0,BAHUBALI ASSOCIATES,10.12,5.24,51.22,2.44,0.0,4.0,0.198487642662203,0.0,25.0,100.0,0.0,1.0,1.0,2.4390243902439024,51.65,507.11099470835404,38,13.4,46.3,33.1,Low,Funds utilization (55%) is far ahead of physical completion (3%) — a gap of 52 points. | Almost none of the completed works have received citizen/beneficiary feedback ratings. | 507% of expenditure is still an unpaid balance to vendors.,Confirm vendor payment schedule and reasons for outstanding dues. | Cross-check beneficiary feedback mechanism / conduct spot citizen verification. | Verify that advance/interim payments correspond to actual physical progress on site.
Shri Chandrakant Damodar Handore (2024-30),Sitting Rajya Sabha,Maharashtra,Rajya Sabha,147000000.0,127902582.0,92046911.0,87.01,10,37,27.03,35855671.0,27,26,1,,12.0,27.0,92046911.0,Kolte Patil Developer,37.82,27.62,7.41,3.7,8.0,10.0,1.3460248149310856,2.0,0.0,100.0,0.0,1.0,2.0,3.7037037037037033,59.980000000000004,38.95369286211028,40,9.3,48.8,33.0,Low,Funds utilization (87%) is far ahead of physical completion (27%) — a gap of 60 points. | Almost none of the completed works have received citizen/beneficiary feedback ratings. | 2 completed works cost far above the average for their work category (statistical outliers).,Compare quoted cost of outlier works with category benchmark / schedule of rates (SOR). | Cross-check beneficiary feedback mechanism / conduct spot citizen verification. | Verify that advance/interim payments correspond to actual physical progress on site.
Shri Javed Ali Khan (2022-28),Sitting Rajya Sabha,Uttar Pradesh,Rajya Sabha,196063957.11,193617928.0,162685314.28,98.75,125,193,64.77,30932613.72,261,251,10,,29.0,261.0,162685314.28,HIDAYA QIRAT ENTERPRISES,40.05,22.15,3.83,3.83,37.0,125.0,0.2645835647250319,4.0,5.6,100.0,1.6,60.0,108.0,3.8314176245210727,33.980000000000004,19.013771376291185,36,16.7,43.9,33.0,Low,Almost none of the completed works have received citizen/beneficiary feedback ratings. | 4 completed works cost far above the average for their work category (statistical outliers). | The same work description text is reused 60 times. | The exact same rupee amount appears on 108 separate completed works.,Check for templated/cookie-cutter billing rather than work-specific costing. | Compare quoted cost of outlier works with category benchmark / schedule of rates (SOR). | Cross-check beneficiary feedback mechanism / conduct spot citizen verification. | Verify these are genuinely distinct works and not duplicate/split entries.
BABU SINGH KUSHWAHA,JAUNPUR,Uttar Pradesh,Lok Sabha,147000000.0,98603109.0,47327917.0,67.08,522,686,76.09,51275192.0,652,529,123,,20.0,652.0,47327917.0,SURAJ CONSTRUCTION,18.42,9.7,0.31,18.87,30.0,522.0,-0.48832801972431106,0.0,0.19,100.0,0.38,3.0,265.0,18.865030674846626,0.0,108.34026775359669,26,34.7,31.7,32.9,Low,Almost none of the completed works have received citizen/beneficiary feedback ratings. | The exact same rupee amount appears on 265 separate completed works. | 108% of expenditure is still an unpaid balance to vendors.,Check for templated/cookie-cutter billing rather than work-specific costing. | Confirm vendor payment schedule and reasons for outstanding dues. | Cross-check beneficiary feedback mechanism / conduct spot citizen verification.
HARENDRA SINGH MALIK,MUZAFFARNAGAR,Uttar Pradesh,Lok Sabha,147000000.0,107954919.0,45924912.0,73.44,32,221,14.48,62030007.0,143,121,22,,17.0,143.0,45924912.0,KHURSHEED ALAM CONTRACTOR,27.15,18.45,0.0,15.38,29.0,32.0,0.0646164274980985,0.0,9.38,100.0,0.0,1.0,1.0,15.384615384615385,58.959999999999994,135.06831978251802,38,12.8,46.3,32.9,Low,Funds utilization (73%) is far ahead of physical completion (14%) — a gap of 59 points. | Almost none of the completed works have received citizen/beneficiary feedback ratings. | 135% of expenditure is still an unpaid balance to vendors.,Confirm vendor payment schedule and reasons for outstanding dues. | Cross-check beneficiary feedback mechanism / conduct spot citizen verification. | Verify that advance/interim payments correspond to actual physical progress on site.
Saumitra khan,BISHNUPUR,West Bengal,Lok Sabha,147000000.0,96703695.0,57558347.0,65.78,48,82,58.54,39145348.0,52,49,3,,18.0,52.0,57558347.0,MAA BHABANI CONSTRUCTION,24.5,11.28,0.0,5.77,8.0,48.0,0.5623813304275926,4.0,0.0,100.0,0.0,10.0,3.0,5.769230769230769,7.240000000000002,68.00985441781363,38,12.6,46.3,32.8,Low,Almost none of the completed works have received citizen/beneficiary feedback ratings. | 4 completed works cost far above the average for their work category (statistical outliers). | The same work description text is reused 10 times. | 68% of expenditure is still an unpaid balance to vendors.,Compare quoted cost of outlier works with category benchmark / schedule of rates (SOR). | Confirm vendor payment schedule and reasons for outstanding dues. | Cross-check beneficiary feedback mechanism / conduct spot citizen verification. | Verify these are genuinely distinct works and not duplicate/split entries.
Dr. Faiyaz Ahmad (2022-28),Sitting Rajya Sabha,Bihar,Rajya Sabha,235263957.11,234514150.0,183753433.0,99.68,138,206,66.99,50760717.0,174,174,0,,10.0,174.0,183753433.0,Assistant Engineer Bisfi Vidhan Sabha,34.03,23.93,1.15,0.0,32.0,138.0,0.5632762050220207,0.0,63.04,100.0,1.45,14.0,14.0,0.0,32.69000000000001,27.624363894197284,34,19.5,41.5,32.7,Low,63% of completed works have no geo/photo evidence uploaded. | Almost none of the completed works have received citizen/beneficiary feedback ratings. | The same work description text is reused 14 times. | The exact same rupee amount appears on 14 separate completed works.,Check for templated/cookie-cutter billing rather than work-specific costing. | Cross-check beneficiary feedback mechanism / conduct spot citizen verification. | Request site photographs / geo-tagged images for works missing visual evidence. | Verify these are genuinely distinct works and not duplicate/split entries.
Mansukhbhai Dhanjibhai Vasava,BHARUCH,Gujarat,Lok Sabha,147000000.0,118371884.0,70528294.0,80.53,208,396,52.53,47843590.0,247,239,8,,164.0,247.0,70528294.0,D R KUKADIA,4.44,1.1,62.75,3.24,25.0,208.0,-0.2528212110032773,0.0,33.17,100.0,62.5,1.0,40.0,3.2388663967611335,28.0,67.83602336957136,34,19.5,41.5,32.7,Low,Almost none of the completed works have received citizen/beneficiary feedback ratings. | 62% of completed works are billed in suspiciously round figures. | The exact same rupee amount appears on 40 separate completed works. | 68% of expenditure is still an unpaid balance to vendors.,Ask for itemised cost estimates/bills rather than lump-sum round amounts. | Check for templated/cookie-cutter billing rather than work-specific costing. | Confirm vendor payment schedule and reasons for outstanding dues. | Cross-check beneficiary feedback mechanism / conduct spot citizen verification.
ANOOP PRADHAN BALMIKI,HATHRAS,Uttar Pradesh,Lok Sabha,147000000.0,146944105.0,97915147.0,99.96,69,106,65.09,49028958.0,141,141,0,,7.0,141.0,97915147.0,JITENDRA KUMAR SINGH,34.23,27.47,0.0,0.0,32.0,69.0,0.8149192925295703,0.0,97.1,100.0,0.0,1.0,1.0,0.0,34.86999999999999,50.07290445062601,28,30.7,34.1,32.7,Low,97% of completed works have no geo/photo evidence uploaded. | Almost none of the completed works have received citizen/beneficiary feedback ratings. | 50% of expenditure is still an unpaid balance to vendors.,Confirm vendor payment schedule and reasons for outstanding dues. | Cross-check beneficiary feedback mechanism / conduct spot citizen verification. | Request site photographs / geo-tagged images for works missing visual evidence.
SAGAR ESHWAR KHANDRE,BIDAR,Karnataka,Lok Sabha,147000000.0,96254497.0,15422826.0,65.48,5,178,2.81,80831671.0,50,46,4,,33.0,50.0,15422826.0,PRAKASH,12.16,4.37,6.0,8.0,7.0,5.0,-0.17024528610053896,0.0,0.0,100.0,0.0,3.0,2.0,8.0,62.67,524.1041492655107,38,12.2,46.3,32.7,Low,Funds utilization (65%) is far ahead of physical completion (3%) — a gap of 63 points. | Almost none of the completed works have received citizen/beneficiary feedback ratings. | 524% of expenditure is still an unpaid balance to vendors.,Confirm vendor payment schedule and reasons for outstanding dues. | Cross-check beneficiary feedback mechanism / conduct spot citizen verification. | Verify that advance/interim payments correspond to actual physical progress on site.
BHARATBHAI MANUBHAI SUTARIYA,AMRELI,Gujarat,Lok Sabha,147000000.0,115379329.0,61536765.0,78.49,156,325,48.0,53842564.0,186,182,4,,162.0,186.0,61536765.0,DHARI NAGARPALIKA,2.11,0.76,74.73,2.15,5.0,156.0,-0.21341525032497322,0.0,18.59,100.0,76.28,1.0,73.0,2.1505376344086025,30.489999999999995,87.49657867130325,34,19.3,41.5,32.6,Low,Almost none of the completed works have received citizen/beneficiary feedback ratings. | 76% of completed works are billed in suspiciously round figures. | The exact same rupee amount appears on 73 separate completed works. | 87% of expenditure is still an unpaid balance to vendors.,Ask for itemised cost estimates/bills rather than lump-sum round amounts. | Check for templated/cookie-cutter billing rather than work-specific costing. | Confirm vendor payment schedule and reasons for outstanding dues. | Cross-check beneficiary feedback mechanism / conduct spot citizen verification.
AMARSING TISSO,Diphu,Assam,Lok Sabha,147000000.0,97483742.0,69670509.0,66.32,41,94,43.62,27813233.0,192,172,20,,52.0,192.0,69670509.0,James Phangcho,24.97,10.24,10.42,10.42,29.0,41.0,0.354851703176777,2.0,90.24,100.0,12.2,1.0,3.0,10.416666666666668,22.699999999999996,39.921099184161264,30,26.4,36.6,32.5,Low,90% of completed works have no geo/photo evidence uploaded. | Almost none of the completed works have received citizen/beneficiary feedback ratings. | 2 completed works cost far above the average for their work category (statistical outliers).,Compare quoted cost of outlier works with category benchmark / schedule of rates (SOR). | Cross-check beneficiary feedback mechanism / conduct spot citizen verification. | Request site photographs / geo-tagged images for works missing visual evidence.
Dr. Laxmikant Bajpayee (2022-28),Sitting Rajya Sabha,Uttar Pradesh,Rajya Sabha,196000000.0,91115897.0,39061207.0,46.49,4,66,6.06,52054690.0,36,34,2,,19.0,36.0,39061207.0,DHIRENDRA SINGH,33.27,15.21,5.56,5.56,2.0,4.0,0.9847140930693195,0.0,25.0,100.0,0.0,1.0,1.0,5.555555555555555,40.43,133.26441755883275,38,11.6,46.3,32.4,Low,Funds utilization (46%) is far ahead of physical completion (6%) — a gap of 40 points. | Almost none of the completed works have received citizen/beneficiary feedback ratings. | 133% of expenditure is still an unpaid balance to vendors.,Confirm vendor payment schedule and reasons for outstanding dues. | Cross-check beneficiary feedback mechanism / conduct spot citizen verification. | Verify that advance/interim payments correspond to actual physical progress on site.
NIMUBEN JAYANTIBHAI BAMBHANIYA,BHAVNAGAR,Gujarat,Lok Sabha,147000000.0,82658143.0,25662379.0,56.23,28,85,32.94,56995764.0,34,34,0,,25.0,34.0,25662379.0,SARVOTTAM APPLIANCES PRIVATE LIMITED,38.97,18.48,73.53,0.0,4.0,28.0,0.13749892754775156,0.0,3.57,100.0,82.14,1.0,9.0,0.0,23.29,222.0985201722724,34,18.8,41.5,32.4,Low,Almost none of the completed works have received citizen/beneficiary feedback ratings. | 82% of completed works are billed in suspiciously round figures. | The exact same rupee amount appears on 9 separate completed works. | 222% of expenditure is still an unpaid balance to vendors.,Ask for itemised cost estimates/bills rather than lump-sum round amounts. | Check for templated/cookie-cutter billing rather than work-specific costing. | Confirm vendor payment schedule and reasons for outstanding dues. | Cross-check beneficiary feedback mechanism / conduct spot citizen verification.
Dr. Sangeeta Balwant (2024-30),Sitting Rajya Sabha,Uttar Pradesh,Rajya Sabha,147000000.0,139378666.0,68851419.5,94.82,2,385,0.52,70527246.5,254,254,0,,6.0,254.0,68851419.5,SHRI SAI ENGINEERING WORKS,50.27,35.14,0.0,0.0,16.0,2.0,-0.019095638925425606,0.0,0.0,100.0,0.0,1.0,1.0,0.0,94.3,102.43397596181731,30,26.2,36.6,32.4,Low,Funds utilization (95%) is far ahead of physical completion (1%) — a gap of 94 points. | 102% of expenditure is still an unpaid balance to vendors.,Confirm vendor payment schedule and reasons for outstanding dues. | Verify that advance/interim payments correspond to actual physical progress on site.
Nityanand Rai,UJJARPUR,Bihar,Lok Sabha,147000000.0,52761039.0,22994739.0,35.89,40,88,45.45,29766300.0,50,50,0,,6.0,50.0,22994739.0,DARVESHWAR NATH CONSTRUCTION,59.36,38.68,42.0,0.0,12.0,40.0,-0.1289266539894664,0.0,0.0,100.0,27.5,1.0,14.0,0.0,0.0,129.44830554502053,26,32.9,31.7,32.2,Low,Almost none of the completed works have received citizen/beneficiary feedback ratings. | The exact same rupee amount appears on 14 separate completed works. | 129% of expenditure is still an unpaid balance to vendors.,Check for templated/cookie-cutter billing rather than work-specific costing. | Confirm vendor payment schedule and reasons for outstanding dues. | Cross-check beneficiary feedback mechanism / conduct spot citizen verification.
Shri Ashok Singh (2024-30),Sitting Rajya Sabha,Madhya Pradesh,Rajya Sabha,147000000.0,51750650.0,18362339.0,35.2,11,109,10.09,33388311.0,58,56,2,,37.0,58.0,18362339.0,GRAM PANCHAYAT AMODA,10.21,4.54,46.55,3.45,5.0,11.0,-0.07414781468419748,0.0,72.73,100.0,27.27,1.0,2.0,3.4482758620689653,25.110000000000003,181.83038119490115,28,29.4,34.1,32.2,Low,73% of completed works have no geo/photo evidence uploaded. | Almost none of the completed works have received citizen/beneficiary feedback ratings. | 182% of expenditure is still an unpaid balance to vendors.,Confirm vendor payment schedule and reasons for outstanding dues. | Cross-check beneficiary feedback mechanism / conduct spot citizen verification. | Request site photographs / geo-tagged images for works missing visual evidence.
Dr. Sudhanshu Trivedi (2024-30),Sitting Rajya Sabha,Uttar Pradesh,Rajya Sabha,147000000.0,74004164.0,33646948.0,50.34,14,53,26.42,40357216.0,28,28,0,,9.0,28.0,33646948.0,EXCEL CONSTRUCTION,30.85,18.33,3.57,0.0,6.0,14.0,0.6479841328991716,0.0,71.43,100.0,0.0,7.0,1.0,0.0,23.92,119.94316988274835,36,14.6,43.9,32.2,Low,71% of completed works have no geo/photo evidence uploaded. | Almost none of the completed works have received citizen/beneficiary feedback ratings. | The same work description text is reused 7 times. | 120% of expenditure is still an unpaid balance to vendors.,Confirm vendor payment schedule and reasons for outstanding dues. | Cross-check beneficiary feedback mechanism / conduct spot citizen verification. | Request site photographs / geo-tagged images for works missing visual evidence. | Verify these are genuinely distinct works and not duplicate/split entries.
Shri Babubhai Jesangbhai Desai (2023-29),Sitting Rajya Sabha,Gujarat,Rajya Sabha,171500000.0,150982823.0,85880425.0,88.04,137,282,48.58,65102398.0,172,168,4,,106.0,172.0,85880425.0,MAHARANI MEDI CARE PVT LTD,5.8,1.67,69.77,2.33,25.0,137.0,-0.060924610407566485,0.0,11.68,100.0,70.8,1.0,75.0,2.3255813953488373,39.46000000000001,75.80586379259302,34,17.9,41.5,32.1,Low,Almost none of the completed works have received citizen/beneficiary feedback ratings. | 71% of completed works are billed in suspiciously round figures. | The exact same rupee amount appears on 75 separate completed works. | 76% of expenditure is still an unpaid balance to vendors.,Ask for itemised cost estimates/bills rather than lump-sum round amounts. | Check for templated/cookie-cutter billing rather than work-specific costing. | Confirm vendor payment schedule and reasons for outstanding dues. | Cross-check beneficiary feedback mechanism / conduct spot citizen verification.
Shri Meda Raghunadha Reddy (2024-30),Sitting Rajya Sabha,Andhra Pradesh,Rajya Sabha,147000000.0,144970524.0,81390969.0,98.62,111,250,44.4,63579555.0,138,132,6,,54.0,138.0,81390969.0,SRI NELCO ENTERPRISES,8.16,3.34,0.0,4.35,23.0,111.0,0.03405772755910216,0.0,0.9,100.0,0.0,1.0,2.0,4.3478260869565215,54.220000000000006,78.11622810388214,38,10.7,46.3,32.1,Low,Funds utilization (99%) is far ahead of physical completion (44%) — a gap of 54 points. | Almost none of the completed works have received citizen/beneficiary feedback ratings. | 78% of expenditure is still an unpaid balance to vendors.,Confirm vendor payment schedule and reasons for outstanding dues. | Cross-check beneficiary feedback mechanism / conduct spot citizen verification. | Verify that advance/interim payments correspond to actual physical progress on site.
Magunta Sreenivasulu Reddy,ONGOLE,Andhra Pradesh,Lok Sabha,147000000.0,22585400.0,12375873.0,15.36,1,19,5.26,10209527.0,11,9,2,,8.0,11.0,12375873.0,V V SAMBASIVA SRI KRISHNA,21.84,16.59,9.09,18.18,1.0,1.0,1.9141801399171368,0.0,0.0,100.0,100.0,1.0,1.0,18.181818181818183,10.1,82.49540860673021,10,61.8,12.2,32.0,Low,82% of expenditure is still an unpaid balance to vendors.,Confirm vendor payment schedule and reasons for outstanding dues.
Durga Das Uikey,BETUL,Madhya Pradesh,Lok Sabha,151569502.91,143518890.0,85636977.0,94.69,288,498,57.83,57881913.0,437,435,2,,73.0,437.0,85636977.0,MP STATE AGRO INDUSTRIES DEVELOPMENT CORP LTD,48.82,33.39,3.43,0.46,41.0,288.0,-0.3035829625207055,0.0,2.78,100.0,0.0,78.0,131.0,0.4576659038901602,36.86,67.58986016052388,34,17.6,41.5,31.9,Low,Almost none of the completed works have received citizen/beneficiary feedback ratings. | The same work description text is reused 78 times. | The exact same rupee amount appears on 131 separate completed works. | 68% of expenditure is still an unpaid balance to vendors.,Check for templated/cookie-cutter billing rather than work-specific costing. | Confirm vendor payment schedule and reasons for outstanding dues. | Cross-check beneficiary feedback mechanism / conduct spot citizen verification. | Verify these are genuinely distinct works and not duplicate/split entries.
RAMASAHAYAM RAGHURAM REDDY,KHAMMAM,Telangana,Lok Sabha,147000000.0,75209146.0,21423748.0,51.16,18,211,8.53,53785398.0,46,44,2,,28.0,46.0,21423748.0,ANUDEEP REDDY YARRAPU,13.27,5.9,13.04,4.35,10.0,18.0,-0.08602941829356595,0.0,38.89,100.0,11.11,1.0,1.0,4.3478260869565215,42.629999999999995,251.05503481463654,38,10.2,46.3,31.9,Low,Funds utilization (51%) is far ahead of physical completion (9%) — a gap of 43 points. | Almost none of the completed works have received citizen/beneficiary feedback ratings. | 251% of expenditure is still an unpaid balance to vendors.,Confirm vendor payment schedule and reasons for outstanding dues. | Cross-check beneficiary feedback mechanism / conduct spot citizen verification. | Verify that advance/interim payments correspond to actual physical progress on site.
Asit Kumar Mal,BOLPUR,West Bengal,Lok Sabha,275694456.74,243441384.0,167656043.0,88.3,134,202,66.34,75785341.0,157,153,4,,78.0,157.0,167656043.0,BIDYUT BHANDARI,22.14,8.58,5.1,2.55,12.0,134.0,0.5674043089415726,16.0,11.19,100.0,5.22,2.0,12.0,2.547770700636943,21.959999999999994,45.202868709003226,38,10.2,46.3,31.9,Low,Almost none of the completed works have received citizen/beneficiary feedback ratings. | 16 completed works cost far above the average for their work category (statistical outliers). | The exact same rupee amount appears on 12 separate completed works. | 45% of expenditure is still an unpaid balance to vendors.,Check for templated/cookie-cutter billing rather than work-specific costing. | Compare quoted cost of outlier works with category benchmark / schedule of rates (SOR). | Confirm vendor payment schedule and reasons for outstanding dues. | Cross-check beneficiary feedback mechanism / conduct spot citizen verification.
G. KUMAR NAIK,RAICHUR,Karnataka,Lok Sabha,147000000.0,95495548.0,24271564.0,64.96,9,128,7.03,71223984.0,48,44,4,,17.0,48.0,24271564.0,CASHUTEC Nirmithi Kendra,32.45,18.57,33.33,8.33,8.0,9.0,0.1697980162003384,0.0,0.0,100.0,22.22,1.0,2.0,8.333333333333332,57.92999999999999,293.4462072571838,38,10.2,46.3,31.9,Low,Funds utilization (65%) is far ahead of physical completion (7%) — a gap of 58 points. | Almost none of the completed works have received citizen/beneficiary feedback ratings. | 293% of expenditure is still an unpaid balance to vendors.,Confirm vendor payment schedule and reasons for outstanding dues. | Cross-check beneficiary feedback mechanism / conduct spot citizen verification. | Verify that advance/interim payments correspond to actual physical progress on site.
Shri Shambhu Sharan Patel (2022-28),Sitting Rajya Sabha,Bihar,Rajya Sabha,237168443.49,227574912.0,175884824.0,95.95,199,308,64.61,51690088.0,222,221,1,,27.0,222.0,175884824.0,Anil Electricals,30.0,14.52,11.26,0.45,37.0,199.0,0.24229252038136695,0.0,63.32,100.0,2.01,4.0,48.0,0.45045045045045046,31.340000000000003,29.3886003490557,34,17.2,41.5,31.8,Low,63% of completed works have no geo/photo evidence uploaded. | Almost none of the completed works have received citizen/beneficiary feedback ratings. | The same work description text is reused 4 times. | The exact same rupee amount appears on 48 separate completed works.,Check for templated/cookie-cutter billing rather than work-specific costing. | Cross-check beneficiary feedback mechanism / conduct spot citizen verification. | Request site photographs / geo-tagged images for works missing visual evidence. | Verify these are genuinely distinct works and not duplicate/split entries.
Shri Satnam Singh Sandhu (2024-30),Nominated Rajya Sabha,Chandigarh,Rajya Sabha,147000000.0,21499970.0,9104144.0,14.63,4,24,16.67,12395826.0,59,58,1,,27.0,59.0,9104144.0,Sohan Lal Mehta,23.02,9.6,10.17,1.69,11.0,4.0,-0.05671545482643757,0.0,25.0,100.0,50.0,1.0,1.0,1.694915254237288,0.0,136.155864845723,26,31.9,31.7,31.8,Low,Almost none of the completed works have received citizen/beneficiary feedback ratings. | 50% of completed works are billed in suspiciously round figures. | 136% of expenditure is still an unpaid balance to vendors.,Ask for itemised cost estimates/bills rather than lump-sum round amounts. | Confirm vendor payment schedule and reasons for outstanding dues. | Cross-check beneficiary feedback mechanism / conduct spot citizen verification.
ABDUL RASHID SHEIKH,BARAMULLAH,Jammu And Kashmir,Lok Sabha,154773472.11,68534493.46,27714021.0,44.28,44,163,26.99,40820472.45999999,70,67,3,,38.0,70.0,27714021.0,MADIHA TRADERS,12.89,6.65,10.0,4.29,11.0,44.0,-0.06910771993573223,2.0,18.18,100.0,9.09,1.0,4.0,4.285714285714286,17.290000000000003,147.29177141057949,38,10.1,46.3,31.8,Low,Almost none of the completed works have received citizen/beneficiary feedback ratings. | 2 completed works cost far above the average for their work category (statistical outliers). | The exact same rupee amount appears on 4 separate completed works. | 147% of expenditure is still an unpaid balance to vendors.,Check for templated/cookie-cutter billing rather than work-specific costing. | Compare quoted cost of outlier works with category benchmark / schedule of rates (SOR). | Confirm vendor payment schedule and reasons for outstanding dues. | Cross-check beneficiary feedback mechanism / conduct spot citizen verification.
THANGA TAMILSELVAN,THENI,Tamil Nadu,Lok Sabha,147000000.0,116573891.0,49328291.0,79.3,24,96,25.0,67245600.0,56,50,6,,34.0,56.0,49328291.0,JJ LALA PROJECTS PRIVATE LIMITED,6.28,3.7,8.93,10.71,6.0,24.0,0.3873906519965271,0.0,33.33,100.0,12.5,2.0,2.0,10.714285714285714,54.3,136.32258210607785,38,10.1,46.3,31.8,Low,Funds utilization (79%) is far ahead of physical completion (25%) — a gap of 54 points. | Almost none of the completed works have received citizen/beneficiary feedback ratings. | 136% of expenditure is still an unpaid balance to vendors.,Confirm vendor payment schedule and reasons for outstanding dues. | Cross-check beneficiary feedback mechanism / conduct spot citizen verification. | Verify that advance/interim payments correspond to actual physical progress on site.
RAJ KUMAR ROAT,BANSWARA,Rajasthan,Lok Sabha,147000000.0,129087279.0,63894021.0,87.81,23,116,19.83,65193258.0,126,121,5,,63.0,126.0,63894021.0,Paramount construction PWD,4.35,2.29,12.7,3.97,9.0,23.0,0.36606035283161686,0.0,17.39,100.0,8.7,1.0,1.0,3.968253968253968,67.98,102.0334250054477,38,9.9,46.3,31.7,Low,Funds utilization (88%) is far ahead of physical completion (20%) — a gap of 68 points. | Almost none of the completed works have received citizen/beneficiary feedback ratings. | 102% of expenditure is still an unpaid balance to vendors.,Confirm vendor payment schedule and reasons for outstanding dues. | Cross-check beneficiary feedback mechanism / conduct spot citizen verification. | Verify that advance/interim payments correspond to actual physical progress on site.
SURESH GOPI,THRISSUR,Kerala,Lok Sabha,147000000.0,117029364.0,16001891.0,79.61,15,90,16.67,101027473.0,21,21,0,,14.0,21.0,16001891.0,VIBINDAS,20.62,11.67,0.0,0.0,1.0,15.0,0.32531475808222354,0.0,6.67,100.0,0.0,1.0,1.0,0.0,62.94,631.3470889159287,38,9.7,46.3,31.7,Low,Funds utilization (80%) is far ahead of physical completion (17%) — a gap of 63 points. | Almost none of the completed works have received citizen/beneficiary feedback ratings. | 631% of expenditure is still an unpaid balance to vendors.,Confirm vendor payment schedule and reasons for outstanding dues. | Cross-check beneficiary feedback mechanism / conduct spot citizen verification. | Verify that advance/interim payments correspond to actual physical progress on site.
SELVARAJ V,NAGAPATTINAM,Tamil Nadu,Lok Sabha,147000000.0,90469314.0,50673389.0,61.54,46,84,54.76,39795925.0,61,61,0,,33.0,61.0,50673389.0,DAWOOD ENTERPRISES,17.66,7.93,36.07,0.0,7.0,46.0,0.2951927890120703,3.0,6.52,100.0,10.87,1.0,17.0,0.0,6.780000000000001,78.53416908823682,38,9.8,46.3,31.7,Low,Almost none of the completed works have received citizen/beneficiary feedback ratings. | 3 completed works cost far above the average for their work category (statistical outliers). | The exact same rupee amount appears on 17 separate completed works. | 79% of expenditure is still an unpaid balance to vendors.,Check for templated/cookie-cutter billing rather than work-specific costing. | Compare quoted cost of outlier works with category benchmark / schedule of rates (SOR). | Confirm vendor payment schedule and reasons for outstanding dues. | Cross-check beneficiary feedback mechanism / conduct spot citizen verification.
Gyaneshwar Patil,KHANDWA,Madhya Pradesh,Lok Sabha,155690684.77,122106817.0,86443874.0,78.43,164,370,44.32,35662943.0,471,458,13,,87.0,471.0,86443874.0,KPL EQUIPMENTS PRIVATE LIMITED,40.17,21.34,16.35,2.76,59.0,164.0,-0.21321749398290302,0.0,9.15,100.0,21.95,34.0,49.0,2.7600849256900215,34.11000000000001,41.255604763849426,34,17.1,41.5,31.7,Low,Almost none of the completed works have received citizen/beneficiary feedback ratings. | The same work description text is reused 34 times. | The exact same rupee amount appears on 49 separate completed works. | 41% of expenditure is still an unpaid balance to vendors.,Check for templated/cookie-cutter billing rather than work-specific costing. | Confirm vendor payment schedule and reasons for outstanding dues. | Cross-check beneficiary feedback mechanism / conduct spot citizen verification. | Verify these are genuinely distinct works and not duplicate/split entries.
Shri Sant Balbir Singh (2022-28),Sitting Rajya Sabha,Punjab,Rajya Sabha,196359074.44000003,179870023.0,131641205.41,91.6,206,380,54.21,48228817.59,763,756,7,,252.0,763.0,131641205.41,Satnam Process Engineering,20.7,8.17,5.64,0.92,133.0,206.0,-0.06320723584087273,1.0,19.9,100.0,18.93,81.0,82.0,0.9174311926605505,37.38999999999999,36.63656636977007,24,35.3,29.3,31.7,Low,Almost none of the completed works have received citizen/beneficiary feedback ratings. | The same work description text is reused 81 times. | The exact same rupee amount appears on 82 separate completed works.,Check for templated/cookie-cutter billing rather than work-specific costing. | Cross-check beneficiary feedback mechanism / conduct spot citizen verification. | Verify these are genuinely distinct works and not duplicate/split entries.
ANITA NAGARSINGH CHOUHAN,RATLAM,Madhya Pradesh,Lok Sabha,147000000.0,88997643.0,55091448.0,60.54,76,203,37.44,33906195.0,228,226,2,,73.0,228.0,55091448.0,PRACHI CONSTRUCTION,11.43,4.57,26.32,0.88,16.0,76.0,-0.1672618987670209,0.0,63.16,100.0,19.74,2.0,37.0,0.8771929824561403,23.1,61.545296467792966,36,12.8,43.9,31.5,Low,63% of completed works have no geo/photo evidence uploaded. | Almost none of the completed works have received citizen/beneficiary feedback ratings. | The exact same rupee amount appears on 37 separate completed works. | 62% of expenditure is still an unpaid balance to vendors.,Check for templated/cookie-cutter billing rather than work-specific costing. | Confirm vendor payment schedule and reasons for outstanding dues. | Cross-check beneficiary feedback mechanism / conduct spot citizen verification. | Request site photographs / geo-tagged images for works missing visual evidence.
Shri Benny Behanan,CHALAKUDY,Kerala,Lok Sabha,164674770.11,129377767.0,29054612.0,78.57,13,171,7.6,100323155.0,35,33,2,,18.0,35.0,29054612.0,TATA MOTORS,17.43,10.46,5.71,5.71,4.0,13.0,0.43057853407656493,0.0,7.69,100.0,0.0,1.0,2.0,5.714285714285714,70.97,345.29167004536146,38,9.0,46.3,31.4,Low,Funds utilization (79%) is far ahead of physical completion (8%) — a gap of 71 points. | Almost none of the completed works have received citizen/beneficiary feedback ratings. | 345% of expenditure is still an unpaid balance to vendors.,Confirm vendor payment schedule and reasons for outstanding dues. | Cross-check beneficiary feedback mechanism / conduct spot citizen verification. | Verify that advance/interim payments correspond to actual physical progress on site.
Smt Supriya Sadanand Sule,BARAMATI,Maharashtra,Lok Sabha,147000000.0,90455903.0,25041557.0,61.53,10,126,7.94,65414346.0,34,32,2,,26.0,34.0,25041557.0,SAMARTHA ENTERPRISES,7.97,4.56,14.71,5.88,4.0,10.0,0.2076762619871857,0.0,10.0,100.0,20.0,1.0,1.0,5.88235294117647,53.59,261.22315796897135,38,9.0,46.3,31.4,Low,Funds utilization (62%) is far ahead of physical completion (8%) — a gap of 54 points. | Almost none of the completed works have received citizen/beneficiary feedback ratings. | 261% of expenditure is still an unpaid balance to vendors.,Confirm vendor payment schedule and reasons for outstanding dues. | Cross-check beneficiary feedback mechanism / conduct spot citizen verification. | Verify that advance/interim payments correspond to actual physical progress on site.
Krishan Pal Gurjar,FARIDABAD,Haryana,Lok Sabha,147000000.0,67877306.0,24858831.0,46.18,6,81,7.41,43018475.0,47,46,1,,16.0,47.0,24858831.0,Mentiz Infratech India,38.63,19.6,2.13,2.13,7.0,6.0,0.08093780192707524,0.0,100.0,100.0,0.0,1.0,1.0,2.127659574468085,38.769999999999996,173.05107790466897,28,27.1,34.1,31.3,Low,100% of completed works have no geo/photo evidence uploaded. | Almost none of the completed works have received citizen/beneficiary feedback ratings. | 173% of expenditure is still an unpaid balance to vendors.,Confirm vendor payment schedule and reasons for outstanding dues. | Cross-check beneficiary feedback mechanism / conduct spot citizen verification. | Request site photographs / geo-tagged images for works missing visual evidence.
ASHISH DUBEY,JABALPUR,Madhya Pradesh,Lok Sabha,147000000.0,90627308.0,23263814.0,61.65,15,346,4.34,67363494.0,138,138,0,,26.0,138.0,23263814.0,MP AGRO JABALPUR,37.23,18.39,3.62,0.0,24.0,15.0,-0.21721535014532078,0.0,0.0,100.0,0.0,1.0,1.0,0.0,57.31,289.5634138065237,38,8.3,46.3,31.1,Low,Funds utilization (62%) is far ahead of physical completion (4%) — a gap of 57 points. | Almost none of the completed works have received citizen/beneficiary feedback ratings. | 290% of expenditure is still an unpaid balance to vendors.,Confirm vendor payment schedule and reasons for outstanding dues. | Cross-check beneficiary feedback mechanism / conduct spot citizen verification. | Verify that advance/interim payments correspond to actual physical progress on site.
ALFRED KANNGAM S ARTHUR,OUTER MANIPUR,Manipur,Lok Sabha,147000000.0,109651963.0,84951963.0,74.59,15,36,41.67,24700000.0,72,72,0,,8.0,72.0,84951963.0,Raman Chihansung,49.44,33.56,62.5,0.0,11.0,15.0,1.4561590189616966,1.0,93.33,100.0,20.0,1.0,9.0,0.0,32.92,29.075255153315293,26,30.1,31.7,31.1,Low,93% of completed works have no geo/photo evidence uploaded. | Almost none of the completed works have received citizen/beneficiary feedback ratings. | The exact same rupee amount appears on 9 separate completed works.,Check for templated/cookie-cutter billing rather than work-specific costing. | Cross-check beneficiary feedback mechanism / conduct spot citizen verification. | Request site photographs / geo-tagged images for works missing visual evidence.
Mahesh Sharma,GAUTAM BUDDHA NAGAR,Uttar Pradesh,Lok Sabha,148816284.11,148811083.28,83408358.0,100.0,68,173,39.31,65402725.28,130,126,4,,18.0,130.0,83408358.0,DEV CONSTRUCTION,22.66,12.91,0.0,3.08,23.0,68.0,0.30092738469476776,0.0,0.0,100.0,0.0,1.0,2.0,3.076923076923077,60.69,78.41267571770206,38,8.3,46.3,31.1,Low,Funds utilization (100%) is far ahead of physical completion (39%) — a gap of 61 points. | Almost none of the completed works have received citizen/beneficiary feedback ratings. | 78% of expenditure is still an unpaid balance to vendors.,Confirm vendor payment schedule and reasons for outstanding dues. | Cross-check beneficiary feedback mechanism / conduct spot citizen verification. | Verify that advance/interim payments correspond to actual physical progress on site.
Smt. Seema Dwivedi (2020-26),Sitting Rajya Sabha,Uttar Pradesh,Rajya Sabha,173830159.11,173445859.4,135441468.4,99.78,210,408,51.47,38004391.0,314,302,12,,34.0,314.0,135441468.4,JAYA SRI INDUSTRIES,33.8,14.96,16.24,3.82,39.0,210.0,-0.04772408046964013,1.0,4.76,100.0,1.43,1.0,45.0,3.821656050955414,48.31,28.05964188734386,36,11.9,43.9,31.1,Low,Funds utilization (100%) is far ahead of physical completion (51%) — a gap of 48 points. | Almost none of the completed works have received citizen/beneficiary feedback ratings. | The exact same rupee amount appears on 45 separate completed works.,Check for templated/cookie-cutter billing rather than work-specific costing. | Cross-check beneficiary feedback mechanism / conduct spot citizen verification. | Verify that advance/interim payments correspond to actual physical progress on site.
Shri Mahendra Bhatt (2024-30),Sitting Rajya Sabha,Uttarakhand,Rajya Sabha,147000000.0,95273231.0,23254909.0,64.81,11,126,8.73,72018322.0,159,158,1,,50.0,159.0,23254909.0,ARUN KUMAR,12.86,6.84,3.14,0.63,15.0,11.0,0.4642341379063044,0.0,18.18,100.0,18.18,1.0,2.0,0.628930817610063,56.08,309.6908355994857,38,8.1,46.3,31.0,Low,Funds utilization (65%) is far ahead of physical completion (9%) — a gap of 56 points. | Almost none of the completed works have received citizen/beneficiary feedback ratings. | 310% of expenditure is still an unpaid balance to vendors.,Confirm vendor payment schedule and reasons for outstanding dues. | Cross-check beneficiary feedback mechanism / conduct spot citizen verification. | Verify that advance/interim payments correspond to actual physical progress on site.
Shri S.R. Sivalingam (2025-31),Sitting Rajya Sabha,Tamil Nadu,Rajya Sabha,89248285.42,53266677.0,27371677.0,59.68,24,54,44.44,25895000.0,25,25,0,,6.0,25.0,27371677.0,APU Constructions,42.01,26.83,52.0,0.0,5.0,24.0,0.11471514323457215,0.0,16.67,100.0,50.0,1.0,9.0,0.0,15.240000000000002,94.60509124084724,34,14.9,41.5,30.9,Low,Almost none of the completed works have received citizen/beneficiary feedback ratings. | 50% of completed works are billed in suspiciously round figures. | The exact same rupee amount appears on 9 separate completed works. | 95% of expenditure is still an unpaid balance to vendors.,Ask for itemised cost estimates/bills rather than lump-sum round amounts. | Check for templated/cookie-cutter billing rather than work-specific costing. | Confirm vendor payment schedule and reasons for outstanding dues. | Cross-check beneficiary feedback mechanism / conduct spot citizen verification.
DURAI VAIKO,TIRUCHIRAPPALLI,Tamil Nadu,Lok Sabha,147000000.0,102033829.0,66737879.0,69.41,45,80,56.25,35295950.0,59,53,6,,42.0,59.0,66737879.0,C S R CONSTRUCTION,10.53,3.9,18.64,10.17,4.0,45.0,0.4279711858973878,0.0,64.44,100.0,22.22,1.0,3.0,10.16949152542373,13.159999999999997,52.887431439048285,28,25.9,34.1,30.8,Low,64% of completed works have no geo/photo evidence uploaded. | Almost none of the completed works have received citizen/beneficiary feedback ratings. | 53% of expenditure is still an unpaid balance to vendors.,Confirm vendor payment schedule and reasons for outstanding dues. | Cross-check beneficiary feedback mechanism / conduct spot citizen verification. | Request site photographs / geo-tagged images for works missing visual evidence.
Smt. Rekha Sharma (2024-28),Sitting Rajya Sabha,Haryana,Rajya Sabha,98000000.0,78438885.0,14183077.0,80.04,1,145,0.69,64255808.0,187,182,5,,51.0,187.0,14183077.0,XEN City DHBVN Bhiwani,14.65,5.85,2.67,2.67,39.0,1.0,-0.05499333270090842,0.0,0.0,100.0,0.0,1.0,1.0,2.6737967914438503,79.35000000000001,453.04561203468046,30,22.1,36.6,30.8,Low,Funds utilization (80%) is far ahead of physical completion (1%) — a gap of 79 points. | 453% of expenditure is still an unpaid balance to vendors.,Confirm vendor payment schedule and reasons for outstanding dues. | Verify that advance/interim payments correspond to actual physical progress on site.
Shri Jose K. Mani (2024-30),Sitting Rajya Sabha,Kerala,Rajya Sabha,122500000.0,93058963.0,19384930.0,75.97,28,182,15.38,73674033.0,44,44,0,,37.0,44.0,19384930.0,VE Commercial Vehicles Ltd,10.83,4.02,6.82,0.0,0.0,28.0,-0.14521640995418794,0.0,14.29,100.0,0.0,1.0,1.0,0.0,60.589999999999996,380.0582875460474,38,7.6,46.3,30.8,Low,Funds utilization (76%) is far ahead of physical completion (15%) — a gap of 61 points. | Almost none of the completed works have received citizen/beneficiary feedback ratings. | 380% of expenditure is still an unpaid balance to vendors.,Confirm vendor payment schedule and reasons for outstanding dues. | Cross-check beneficiary feedback mechanism / conduct spot citizen verification. | Verify that advance/interim payments correspond to actual physical progress on site.
BRIJENDRA SINGH OLA,JHUNJHUNU,Rajasthan,Lok Sabha,147000000.0,84117714.0,57494662.0,57.22,94,167,56.29,26623052.0,450,448,2,,346.0,450.0,57494662.0,Sangeet Contractor,9.07,2.54,0.89,0.44,25.0,94.0,-0.10697150722948853,0.0,71.28,100.0,1.06,1.0,2.0,0.4444444444444444,0.9299999999999997,46.30525873862864,28,25.5,34.1,30.7,Low,71% of completed works have no geo/photo evidence uploaded. | Almost none of the completed works have received citizen/beneficiary feedback ratings. | 46% of expenditure is still an unpaid balance to vendors.,Confirm vendor payment schedule and reasons for outstanding dues. | Cross-check beneficiary feedback mechanism / conduct spot citizen verification. | Request site photographs / geo-tagged images for works missing visual evidence.
Shri Ashwini Vaishnaw (2024-30),Sitting Rajya Sabha,Odisha,Rajya Sabha,265563957.11,134619600.0,20469117.0,50.69,4,17,23.53,114150483.0,23,21,2,,16.0,23.0,20469117.0,VALUABLE WHEELS INDIA PRIVATE LIMITED,27.21,14.25,13.04,8.7,3.0,4.0,0.489787445194507,0.0,0.0,100.0,75.0,1.0,3.0,8.695652173913043,27.159999999999997,557.6717500808658,26,29.1,31.7,30.7,Low,Almost none of the completed works have received citizen/beneficiary feedback ratings. | 75% of completed works are billed in suspiciously round figures. | 558% of expenditure is still an unpaid balance to vendors.,Ask for itemised cost estimates/bills rather than lump-sum round amounts. | Confirm vendor payment schedule and reasons for outstanding dues. | Cross-check beneficiary feedback mechanism / conduct spot citizen verification.
Shri Naresh Bansal (2020-26),Sitting Rajya Sabha,Uttarakhand,Rajya Sabha,222043184.71,215921653.0,124316327.0,97.24,106,238,44.54,91605326.0,215,212,3,,86.0,215.0,124316327.0,Manju Choudhary,19.74,5.54,8.37,1.4,26.0,106.0,0.35276238455052245,1.0,4.72,100.0,6.6,1.0,3.0,1.3953488372093024,52.699999999999996,73.68728485679922,38,7.1,46.3,30.6,Low,Funds utilization (97%) is far ahead of physical completion (45%) — a gap of 53 points. | Almost none of the completed works have received citizen/beneficiary feedback ratings. | 74% of expenditure is still an unpaid balance to vendors.,Confirm vendor payment schedule and reasons for outstanding dues. | Cross-check beneficiary feedback mechanism / conduct spot citizen verification. | Verify that advance/interim payments correspond to actual physical progress on site.
CHHATRA PAL SINGH GANGWAR,BAREILLY,Uttar Pradesh,Lok Sabha,147000000.0,112521541.0,95894511.0,76.55,142,184,77.17,16627030.0,292,290,2,,17.0,292.0,95894511.0,ANUJ SINGHAL CONTRACTOR,55.36,33.33,0.0,0.68,47.0,142.0,0.11401377130423335,0.0,53.52,100.0,0.0,15.0,20.0,0.684931506849315,0.0,17.33887563178668,24,32.5,29.3,30.6,Low,Almost none of the completed works have received citizen/beneficiary feedback ratings. | The same work description text is reused 15 times. | The exact same rupee amount appears on 20 separate completed works.,Check for templated/cookie-cutter billing rather than work-specific costing. | Cross-check beneficiary feedback mechanism / conduct spot citizen verification. | Verify these are genuinely distinct works and not duplicate/split entries.
Shri Samik Bhattacharya (2024-30),Sitting Rajya Sabha,West Bengal,Rajya Sabha,147000000.0,68212785.0,28774223.0,46.4,10,51,19.61,39438562.0,28,24,4,,18.0,28.0,28774223.0,Ananda Mohan Sui,10.43,7.02,14.29,14.29,1.0,10.0,0.893994560585662,2.0,10.0,100.0,40.0,1.0,2.0,14.285714285714285,26.79,137.06212675143306,30,21.5,36.6,30.6,Low,Almost none of the completed works have received citizen/beneficiary feedback ratings. | 2 completed works cost far above the average for their work category (statistical outliers). | 137% of expenditure is still an unpaid balance to vendors.,Compare quoted cost of outlier works with category benchmark / schedule of rates (SOR). | Confirm vendor payment schedule and reasons for outstanding dues. | Cross-check beneficiary feedback mechanism / conduct spot citizen verification.
ANAND KUMAR,BAHRAICH,Uttar Pradesh,Lok Sabha,147000000.0,140780618.0,66987751.0,95.77,32,110,29.09,73792867.0,102,102,0,,10.0,102.0,66987751.0,Shri Krishna Construction,22.26,14.84,0.0,0.0,20.0,32.0,0.6389787021512128,0.0,0.0,100.0,0.0,1.0,1.0,0.0,66.67999999999999,110.15874678342314,38,6.9,46.3,30.5,Low,Funds utilization (96%) is far ahead of physical completion (29%) — a gap of 67 points. | Almost none of the completed works have received citizen/beneficiary feedback ratings. | 110% of expenditure is still an unpaid balance to vendors.,Confirm vendor payment schedule and reasons for outstanding dues. | Cross-check beneficiary feedback mechanism / conduct spot citizen verification. | Verify that advance/interim payments correspond to actual physical progress on site.
Dr. Abhishek Manu Singhvi (2026-32),Sitting Rajya Sabha,Telangana,Rajya Sabha,73421449.0,58300000.0,0.0,79.4,0,16,0.0,58300000.0,0,0,0,,0.0,0.0,,,0.0,0.0,0.0,0.0,0.0,0.0,0.0,0.0,0.0,0.0,0.0,0.0,0.0,0.0,79.4,0.0,20,39.6,24.4,30.5,Low,Funds utilization (79%) is far ahead of physical completion (0%) — a gap of 79 points.,Verify that advance/interim payments correspond to actual physical progress on site.
Shri Arjun Ram Meghwal,BIKANER,Rajasthan,Lok Sabha,147000000.0,94811888.0,34147300.0,64.5,17,76,22.37,60664588.0,46,43,3,,32.0,46.0,34147300.0,AKHIL BHARTIYA BISHNOI MAHASABHA,7.32,4.13,13.04,6.52,0.0,17.0,0.5861865223274538,0.0,23.53,100.0,11.76,1.0,2.0,6.521739130434782,42.129999999999995,177.6555920965933,38,6.7,46.3,30.5,Low,Funds utilization (64%) is far ahead of physical completion (22%) — a gap of 42 points. | Almost none of the completed works have received citizen/beneficiary feedback ratings. | 178% of expenditure is still an unpaid balance to vendors.,Confirm vendor payment schedule and reasons for outstanding dues. | Cross-check beneficiary feedback mechanism / conduct spot citizen verification. | Verify that advance/interim payments correspond to actual physical progress on site.
RAJABHAU,NASHIK,Maharashtra,Lok Sabha,152878682.11,107720864.0,47487714.0,70.46,21,110,19.09,60233150.0,50,45,5,,38.0,50.0,47487714.0,PEDKAI ELECTRICALS,8.4,3.39,4.0,10.0,5.0,21.0,0.4606938062997516,1.0,4.76,100.0,4.76,1.0,2.0,10.0,51.36999999999999,126.83943893361555,38,6.5,46.3,30.4,Low,Funds utilization (70%) is far ahead of physical completion (19%) — a gap of 51 points. | Almost none of the completed works have received citizen/beneficiary feedback ratings. | 127% of expenditure is still an unpaid balance to vendors.,Confirm vendor payment schedule and reasons for outstanding dues. | Cross-check beneficiary feedback mechanism / conduct spot citizen verification. | Verify that advance/interim payments correspond to actual physical progress on site.
MURARI LAL MEENA,DAUSA,Rajasthan,Lok Sabha,147000000.0,77844548.0,19094674.0,52.96,16,111,14.41,58749874.0,71,70,1,,46.0,71.0,19094674.0,MENKA YADAV,13.37,6.05,0.0,1.41,12.0,16.0,0.09443399832396548,0.0,100.0,100.0,0.0,1.0,1.0,1.4084507042253522,38.55,307.67675845107385,28,24.8,34.1,30.4,Low,100% of completed works have no geo/photo evidence uploaded. | Almost none of the completed works have received citizen/beneficiary feedback ratings. | 308% of expenditure is still an unpaid balance to vendors.,Confirm vendor payment schedule and reasons for outstanding dues. | Cross-check beneficiary feedback mechanism / conduct spot citizen verification. | Request site photographs / geo-tagged images for works missing visual evidence.
Smt. Mamata Thakur (2024-30),Sitting Rajya Sabha,West Bengal,Rajya Sabha,147000000.0,54745853.0,44446422.0,37.24,51,60,85.0,10299431.0,55,55,0,,5.0,55.0,44446422.0,Maa Laxmi Enterprise,48.78,33.28,0.0,0.0,16.0,51.0,0.017854530373829388,0.0,1.96,100.0,0.0,18.0,9.0,0.0,0.0,23.172688681217128,24,32.1,29.3,30.4,Low,Almost none of the completed works have received citizen/beneficiary feedback ratings. | The same work description text is reused 18 times. | The exact same rupee amount appears on 9 separate completed works.,Check for templated/cookie-cutter billing rather than work-specific costing. | Cross-check beneficiary feedback mechanism / conduct spot citizen verification. | Verify these are genuinely distinct works and not duplicate/split entries.
Shri Sarbananda Sonowal (18LS),DIBRUGARH,Assam,Lok Sabha,147000000.0,94042773.0,23919705.0,63.97,3,87,3.45,70123068.0,63,63,0,,25.0,63.0,23919705.0,BIRAJ DIHINGIA,11.92,6.01,12.7,0.0,9.0,3.0,0.3948807152632789,0.0,0.0,100.0,0.0,1.0,2.0,0.0,60.519999999999996,293.16025427571117,38,6.6,46.3,30.4,Low,Funds utilization (64%) is far ahead of physical completion (3%) — a gap of 61 points. | Almost none of the completed works have received citizen/beneficiary feedback ratings. | 293% of expenditure is still an unpaid balance to vendors.,Confirm vendor payment schedule and reasons for outstanding dues. | Cross-check beneficiary feedback mechanism / conduct spot citizen verification. | Verify that advance/interim payments correspond to actual physical progress on site.
Shri Tapir Gao,ARUNACHAL EAST,Arunachal Pradesh,Lok Sabha,147000000.0,134193352.0,98534470.0,91.29,106,167,63.47,35658882.0,199,199,0,,112.0,199.0,98534470.0,BKM Enterprises,10.85,2.98,43.22,0.0,39.0,106.0,0.3331344753208094,0.0,48.11,100.0,82.08,1.0,33.0,0.0,27.820000000000007,36.1892462607248,24,31.7,29.3,30.3,Low,Almost none of the completed works have received citizen/beneficiary feedback ratings. | 82% of completed works are billed in suspiciously round figures. | The exact same rupee amount appears on 33 separate completed works.,Ask for itemised cost estimates/bills rather than lump-sum round amounts. | Check for templated/cookie-cutter billing rather than work-specific costing. | Cross-check beneficiary feedback mechanism / conduct spot citizen verification.
ADITYA YADAV,BADAUN,Uttar Pradesh,Lok Sabha,147000000.0,113867272.0,90991162.0,77.46,41,134,30.6,22876110.0,207,186,21,,9.0,207.0,90991162.0,Jagdish Narayan,31.36,19.31,0.0,10.14,40.0,41.0,0.21613718296813553,1.0,0.0,100.0,0.0,1.0,12.0,10.144927536231885,46.85999999999999,25.1410241359485,36,9.7,43.9,30.2,Low,Funds utilization (77%) is far ahead of physical completion (31%) — a gap of 47 points. | Almost none of the completed works have received citizen/beneficiary feedback ratings. | The exact same rupee amount appears on 12 separate completed works.,Check for templated/cookie-cutter billing rather than work-specific costing. | Cross-check beneficiary feedback mechanism / conduct spot citizen verification. | Verify that advance/interim payments correspond to actual physical progress on site.
LUMBARAM,JALORE,Rajasthan,Lok Sabha,147000000.0,93201156.0,61556876.0,63.4,79,179,44.13,31644280.0,610,609,1,,352.0,610.0,61556876.0,ms galaxy agency,11.7,3.08,5.9,0.16,100.0,79.0,-0.05542067412571356,0.0,29.11,100.0,37.97,1.0,30.0,0.16393442622950818,19.269999999999996,51.406572354321554,26,27.9,31.7,30.2,Low,Almost none of the completed works have received citizen/beneficiary feedback ratings. | The exact same rupee amount appears on 30 separate completed works. | 51% of expenditure is still an unpaid balance to vendors.,Check for templated/cookie-cutter billing rather than work-specific costing. | Confirm vendor payment schedule and reasons for outstanding dues. | Cross-check beneficiary feedback mechanism / conduct spot citizen verification.
D M Kathir Anand,VELLORE,Tamil Nadu,Lok Sabha,160196941.11,97061477.0,37215042.0,60.59,15,83,18.07,59846435.0,41,39,2,,20.0,41.0,37215042.0,VINAYAGAM ENTERPRISES,11.82,6.91,9.76,4.88,4.0,15.0,0.5760548490196159,0.0,13.33,100.0,20.0,1.0,3.0,4.878048780487805,42.52,160.81248813315864,38,6.0,46.3,30.2,Low,Funds utilization (61%) is far ahead of physical completion (18%) — a gap of 43 points. | Almost none of the completed works have received citizen/beneficiary feedback ratings. | 161% of expenditure is still an unpaid balance to vendors.,Confirm vendor payment schedule and reasons for outstanding dues. | Cross-check beneficiary feedback mechanism / conduct spot citizen verification. | Verify that advance/interim payments correspond to actual physical progress on site.
Harsh Malhotra,EAST DELHI,Delhi,Lok Sabha,147134131.0,77657623.0,24390277.0,52.78,53,113,46.9,53267346.0,57,57,0,,8.0,57.0,24390277.0,Greenz,44.38,26.35,0.0,0.0,10.0,53.0,-0.1217516425162526,0.0,0.0,100.0,0.0,12.0,7.0,0.0,5.880000000000003,218.39582223686924,34,13.2,41.5,30.2,Low,Almost none of the completed works have received citizen/beneficiary feedback ratings. | The same work description text is reused 12 times. | The exact same rupee amount appears on 7 separate completed works. | 218% of expenditure is still an unpaid balance to vendors.,Check for templated/cookie-cutter billing rather than work-specific costing. | Confirm vendor payment schedule and reasons for outstanding dues. | Cross-check beneficiary feedback mechanism / conduct spot citizen verification. | Verify these are genuinely distinct works and not duplicate/split entries.
BHAUSAHEB RAJARAM WAKCHAURE,SHIRDI,Maharashtra,Lok Sabha,147000000.0,99116663.0,19420448.0,67.43,11,137,8.03,79696215.0,32,32,0,,21.0,32.0,19420448.0,Kailas Majur STY Ghoyagaon,12.67,6.39,0.0,0.0,2.0,11.0,0.1908554235612909,0.0,9.09,100.0,0.0,1.0,1.0,0.0,59.400000000000006,410.37269068149203,38,6.0,46.3,30.2,Low,Funds utilization (67%) is far ahead of physical completion (8%) — a gap of 59 points. | Almost none of the completed works have received citizen/beneficiary feedback ratings. | 410% of expenditure is still an unpaid balance to vendors.,Confirm vendor payment schedule and reasons for outstanding dues. | Cross-check beneficiary feedback mechanism / conduct spot citizen verification. | Verify that advance/interim payments correspond to actual physical progress on site.
JAGADISH SHETTAR,BELGAUM,Karnataka,Lok Sabha,147000000.0,94000000.0,10222651.0,63.95,1,172,0.58,83777349.0,30,28,2,,20.0,30.0,10222651.0,PRIYESH GOUNDADKAR,9.78,5.67,6.67,6.67,0.0,1.0,-0.043452830928812095,0.0,0.0,100.0,0.0,1.0,1.0,6.666666666666667,63.370000000000005,819.5266472463944,30,20.3,36.6,30.1,Low,Funds utilization (64%) is far ahead of physical completion (1%) — a gap of 63 points. | 820% of expenditure is still an unpaid balance to vendors.,Confirm vendor payment schedule and reasons for outstanding dues. | Verify that advance/interim payments correspond to actual physical progress on site.
Y S Avinash Reddy,KADAPA,Andhra Pradesh,Lok Sabha,156430260.11,127002758.0,41232850.0,81.19,57,315,18.1,85769908.0,89,89,0,,54.0,89.0,41232850.0,KCR CONSTRUCTIONS KADAPA,7.99,3.23,3.37,0.0,14.0,57.0,-0.026998553743032866,1.0,1.75,100.0,3.51,1.0,2.0,0.0,63.089999999999996,208.0135328991326,38,5.8,46.3,30.1,Low,Funds utilization (81%) is far ahead of physical completion (18%) — a gap of 63 points. | Almost none of the completed works have received citizen/beneficiary feedback ratings. | 208% of expenditure is still an unpaid balance to vendors.,Confirm vendor payment schedule and reasons for outstanding dues. | Cross-check beneficiary feedback mechanism / conduct spot citizen verification. | Verify that advance/interim payments correspond to actual physical progress on site.
Dr. Ashok Kumar Mittal (2022-28),Sitting Rajya Sabha,Punjab,Rajya Sabha,222487632.14,89539695.0,41939879.0,40.24,15,47,31.91,47599816.0,240,234,6,,105.0,240.0,41939879.0,Living Thoughts Private Limited,21.43,6.95,3.33,2.5,37.0,15.0,1.0746747777885708,3.0,20.0,100.0,13.33,1.0,1.0,2.5,8.330000000000002,113.49535843916001,30,20.1,36.6,30.0,Low,Almost none of the completed works have received citizen/beneficiary feedback ratings. | 3 completed works cost far above the average for their work category (statistical outliers). | 113% of expenditure is still an unpaid balance to vendors.,Compare quoted cost of outlier works with category benchmark / schedule of rates (SOR). | Confirm vendor payment schedule and reasons for outstanding dues. | Cross-check beneficiary feedback mechanism / conduct spot citizen verification.
Ravindra Vasantrao Chavan,NANDED,Maharashtra,Lok Sabha,147000000.0,112097527.0,42525242.0,76.26,26,140,18.57,69572285.0,52,47,5,,44.0,52.0,42525242.0,City Light Electrical And Multi Services,12.84,3.82,0.0,9.62,4.0,26.0,0.21977997232153157,0.0,0.0,100.0,0.0,1.0,2.0,9.615384615384617,57.690000000000005,163.60232588447116,38,5.6,46.3,30.0,Low,Funds utilization (76%) is far ahead of physical completion (19%) — a gap of 58 points. | Almost none of the completed works have received citizen/beneficiary feedback ratings. | 164% of expenditure is still an unpaid balance to vendors.,Confirm vendor payment schedule and reasons for outstanding dues. | Cross-check beneficiary feedback mechanism / conduct spot citizen verification. | Verify that advance/interim payments correspond to actual physical progress on site.
DR.MALLU RAVI,NAGARKURNOOL,Telangana,Lok Sabha,147000000.0,101693728.0,47000729.0,69.18,143,227,63.0,54692999.0,156,156,0,,21.0,156.0,47000729.0,Mohammed Hassan Ahemed,18.21,12.35,4.49,0.0,17.0,143.0,-0.2914949351583002,1.0,9.79,100.0,4.9,9.0,13.0,0.0,6.180000000000007,116.36627806347428,34,12.4,41.5,29.9,Low,Almost none of the completed works have received citizen/beneficiary feedback ratings. | The same work description text is reused 9 times. | The exact same rupee amount appears on 13 separate completed works. | 116% of expenditure is still an unpaid balance to vendors.,Check for templated/cookie-cutter billing rather than work-specific costing. | Confirm vendor payment schedule and reasons for outstanding dues. | Cross-check beneficiary feedback mechanism / conduct spot citizen verification. | Verify these are genuinely distinct works and not duplicate/split entries.
MANJU SHARMA,JAIPUR,Rajasthan,Lok Sabha,167082901.11,108787769.0,21994861.0,65.11,13,69,18.84,86792908.0,29,28,1,,19.0,29.0,21994861.0,SHRI LAXMI CONSTRUCTION,15.86,7.73,13.79,3.45,1.0,13.0,0.36131358624750376,0.0,30.77,100.0,0.0,1.0,1.0,3.4482758620689653,46.269999999999996,394.6053944146317,38,5.3,46.3,29.9,Low,Funds utilization (65%) is far ahead of physical completion (19%) — a gap of 46 points. | Almost none of the completed works have received citizen/beneficiary feedback ratings. | 395% of expenditure is still an unpaid balance to vendors.,Confirm vendor payment schedule and reasons for outstanding dues. | Cross-check beneficiary feedback mechanism / conduct spot citizen verification. | Verify that advance/interim payments correspond to actual physical progress on site.
JOBA MAJHI,SINGHBHUM,Jharkhand,Lok Sabha,147000000.0,78210610.0,59054467.0,53.2,0,118,0.0,19156143.0,127,127,0,,3.0,127.0,59054467.0,ARJUN KUMAR BAURI,52.05,39.12,0.0,0.0,8.0,0.0,0.0,0.0,0.0,0.0,0.0,0.0,0.0,0.0,53.2,32.438093125114484,20,38.2,24.4,29.9,Low,Funds utilization (53%) is far ahead of physical completion (0%) — a gap of 53 points.,Verify that advance/interim payments correspond to actual physical progress on site.
SHASHANK MANI,DEORIA,Uttar Pradesh,Lok Sabha,147000000.0,127833563.0,80936917.0,86.96,45,126,35.71,46896646.0,142,135,7,,22.0,142.0,80936917.0,MS AMAR MANI TRIPATHI,36.52,19.59,2.11,4.93,26.0,45.0,0.5623495027448506,0.0,4.44,100.0,2.22,1.0,1.0,4.929577464788732,51.24999999999999,57.942219370673584,38,5.1,46.3,29.8,Low,Funds utilization (87%) is far ahead of physical completion (36%) — a gap of 51 points. | Almost none of the completed works have received citizen/beneficiary feedback ratings. | 58% of expenditure is still an unpaid balance to vendors.,Confirm vendor payment schedule and reasons for outstanding dues. | Cross-check beneficiary feedback mechanism / conduct spot citizen verification. | Verify that advance/interim payments correspond to actual physical progress on site.
Bhola Singh,BULANDSHAHR,Uttar Pradesh,Lok Sabha,147000000.0,134442116.0,101017522.0,91.46,142,290,48.97,33424594.0,250,250,0,,5.0,250.0,101017522.0,M S Y  R ENTERPRISES,39.39,30.2,0.4,0.0,24.0,142.0,-0.04922060756630299,0.0,0.0,100.0,0.0,3.0,69.0,0.0,42.489999999999995,33.087917163519414,36,8.3,43.9,29.7,Low,Funds utilization (91%) is far ahead of physical completion (49%) — a gap of 42 points. | Almost none of the completed works have received citizen/beneficiary feedback ratings. | The exact same rupee amount appears on 69 separate completed works.,Check for templated/cookie-cutter billing rather than work-specific costing. | Cross-check beneficiary feedback mechanism / conduct spot citizen verification. | Verify that advance/interim payments correspond to actual physical progress on site.
Ramvir Singh Bidhuri,SOUTH DELHI,Delhi,Lok Sabha,147559100.0,129282379.0,28849836.0,87.61,41,134,30.6,100432543.0,48,48,0,,16.0,48.0,28849836.0,Greenz,25.14,11.58,0.0,0.0,10.0,41.0,-0.027698644360448187,0.0,0.0,100.0,0.0,1.0,3.0,0.0,57.01,348.12171202636995,38,4.8,46.3,29.7,Low,Funds utilization (88%) is far ahead of physical completion (31%) — a gap of 57 points. | Almost none of the completed works have received citizen/beneficiary feedback ratings. | 348% of expenditure is still an unpaid balance to vendors.,Confirm vendor payment schedule and reasons for outstanding dues. | Cross-check beneficiary feedback mechanism / conduct spot citizen verification. | Verify that advance/interim payments correspond to actual physical progress on site.
Janardan Mishra,REWA,Madhya Pradesh,Lok Sabha,147000000.0,137206693.0,86935425.0,93.34,1,107,0.93,50271268.0,78,78,0,,35.0,78.0,86935425.0,MP STATE AGRO INDUSTRIES DEVELOPMENT CORP REWA,26.47,17.86,41.03,0.0,9.0,1.0,0.5688259851891027,0.0,0.0,100.0,0.0,1.0,1.0,0.0,92.41,57.82598750739414,30,19.0,36.6,29.6,Low,Funds utilization (93%) is far ahead of physical completion (1%) — a gap of 92 points. | 58% of expenditure is still an unpaid balance to vendors.,Confirm vendor payment schedule and reasons for outstanding dues. | Verify that advance/interim payments correspond to actual physical progress on site.
ROOP KUMARI CHOUDHARY,MAHASAMUND,Chhattisgarh,Lok Sabha,153035414.0,116384962.0,76671139.0,76.05,73,179,40.78,39713823.0,252,248,4,,126.0,252.0,76671139.0,Exicutive Engineer PWD EM Division Nava Raipur,2.78,1.11,70.24,1.59,20.0,73.0,0.03570888441873513,0.0,24.66,100.0,42.47,12.0,12.0,1.5873015873015872,35.269999999999996,51.79761709291941,34,11.7,41.5,29.6,Low,Almost none of the completed works have received citizen/beneficiary feedback ratings. | The same work description text is reused 12 times. | The exact same rupee amount appears on 12 separate completed works. | 52% of expenditure is still an unpaid balance to vendors.,Check for templated/cookie-cutter billing rather than work-specific costing. | Confirm vendor payment schedule and reasons for outstanding dues. | Cross-check beneficiary feedback mechanism / conduct spot citizen verification. | Verify these are genuinely distinct works and not duplicate/split entries.
CHANDAN CHAUHAN,BIJNOR,Uttar Pradesh,Lok Sabha,147000000.0,97231575.0,81941111.0,66.14,14,116,12.07,15290464.0,214,189,25,,24.0,214.0,81941111.0,SATYAVER SIGH CONTRACTOR AND SUPPLIER,26.29,12.72,1.87,11.68,51.0,14.0,0.2619028704684438,0.0,57.14,100.0,0.0,1.0,1.0,11.682242990654206,54.07,18.660308376829306,28,22.9,34.1,29.6,Low,Funds utilization (66%) is far ahead of physical completion (12%) — a gap of 54 points. | Almost none of the completed works have received citizen/beneficiary feedback ratings.,Cross-check beneficiary feedback mechanism / conduct spot citizen verification. | Verify that advance/interim payments correspond to actual physical progress on site.
Rajiv Pratap Rudy,SARAN,Bihar,Lok Sabha,147000000.0,112715000.0,0.0,76.68,0,12,0.0,112715000.0,0,0,0,,0.0,0.0,,,0.0,0.0,0.0,0.0,0.0,0.0,0.0,0.0,0.0,0.0,0.0,0.0,0.0,0.0,76.68,0.0,20,37.4,24.4,29.6,Low,Funds utilization (77%) is far ahead of physical completion (0%) — a gap of 77 points.,Verify that advance/interim payments correspond to actual physical progress on site.
BHASKAR MURLIDHAR BHAGARE,DINDORI,Maharashtra,Lok Sabha,147000000.0,100771173.0,34081627.0,68.55,19,121,15.7,66689546.0,37,35,2,,23.0,37.0,34081627.0,NIKITA RATAN TAMBE,16.94,8.15,16.22,5.41,3.0,19.0,0.44996964156819774,1.0,0.0,100.0,21.05,1.0,2.0,5.405405405405405,52.849999999999994,195.675945869603,38,4.3,46.3,29.5,Low,Funds utilization (69%) is far ahead of physical completion (16%) — a gap of 53 points. | Almost none of the completed works have received citizen/beneficiary feedback ratings. | 196% of expenditure is still an unpaid balance to vendors.,Confirm vendor payment schedule and reasons for outstanding dues. | Cross-check beneficiary feedback mechanism / conduct spot citizen verification. | Verify that advance/interim payments correspond to actual physical progress on site.
Shri S. Kalyanasundaram (2022-28),Sitting Rajya Sabha,Tamil Nadu,Rajya Sabha,239763792.52,237177871.0,183132534.0,98.92,141,185,76.22,54045337.0,188,181,7,,40.0,188.0,183132534.0,LUCKY ASSOCIATES,22.43,11.63,6.38,3.72,26.0,141.0,0.6122283867410038,3.0,38.3,100.0,7.8,1.0,21.0,3.723404255319149,22.700000000000003,29.51159786824115,28,22.5,34.1,29.5,Low,Almost none of the completed works have received citizen/beneficiary feedback ratings. | 3 completed works cost far above the average for their work category (statistical outliers). | The exact same rupee amount appears on 21 separate completed works.,Check for templated/cookie-cutter billing rather than work-specific costing. | Compare quoted cost of outlier works with category benchmark / schedule of rates (SOR). | Cross-check beneficiary feedback mechanism / conduct spot citizen verification.
SHREYAS. M. PATEL,HASSAN,Karnataka,Lok Sabha,147000000.0,104821153.0,58673951.0,71.31,35,204,17.16,46147202.0,181,177,4,,53.0,181.0,58673951.0,KRIDL BHUSIRI ACCOUNT WORKS,36.98,15.96,23.2,2.21,27.0,35.0,-0.13514528889654945,0.0,2.86,100.0,14.29,1.0,2.0,2.209944751381215,54.150000000000006,78.65023782018702,38,4.2,46.3,29.5,Low,Funds utilization (71%) is far ahead of physical completion (17%) — a gap of 54 points. | Almost none of the completed works have received citizen/beneficiary feedback ratings. | 79% of expenditure is still an unpaid balance to vendors.,Confirm vendor payment schedule and reasons for outstanding dues. | Cross-check beneficiary feedback mechanism / conduct spot citizen verification. | Verify that advance/interim payments correspond to actual physical progress on site.
Dr. Kalpana Saini (2022-28),Sitting Rajya Sabha,Uttarakhand,Rajya Sabha,200830405.8,168240049.0,66206094.0,83.77,58,194,29.9,102033955.0,162,152,10,,91.0,162.0,66206094.0,L D CONSTRUCTION,24.86,8.81,6.17,6.17,26.0,58.0,0.15346681211371746,0.0,8.62,100.0,6.9,1.0,3.0,6.172839506172839,53.87,154.11565436861449,38,4.4,46.3,29.5,Low,Funds utilization (84%) is far ahead of physical completion (30%) — a gap of 54 points. | Almost none of the completed works have received citizen/beneficiary feedback ratings. | 154% of expenditure is still an unpaid balance to vendors.,Confirm vendor payment schedule and reasons for outstanding dues. | Cross-check beneficiary feedback mechanism / conduct spot citizen verification. | Verify that advance/interim payments correspond to actual physical progress on site.
Shri Jayant Chaudhary (2022-28),Sitting Rajya Sabha,Uttar Pradesh,Rajya Sabha,214074707.67,153464505.0,43141697.0,71.69,8,24,33.33,110322808.0,25,22,3,,14.0,25.0,43141697.0,Vaid Associates,24.17,12.67,8.0,12.0,0.0,8.0,1.5220308656044177,2.0,50.0,100.0,0.0,1.0,1.0,12.0,38.36,255.7219944315125,30,18.9,36.6,29.5,Low,Almost none of the completed works have received citizen/beneficiary feedback ratings. | 2 completed works cost far above the average for their work category (statistical outliers). | 256% of expenditure is still an unpaid balance to vendors.,Compare quoted cost of outlier works with category benchmark / schedule of rates (SOR). | Confirm vendor payment schedule and reasons for outstanding dues. | Cross-check beneficiary feedback mechanism / conduct spot citizen verification.
AASHTIKAR PATIL NAGESH BAPURAO,HINGOLI,Maharashtra,Lok Sabha,190289442.0,125834805.0,67522042.0,66.13,38,103,36.89,58312763.0,68,68,0,,25.0,68.0,67522042.0,SAIBABA STONE CRUSHER AND CONSTRUCTION,30.6,12.96,0.0,0.0,11.0,38.0,0.760597690722668,6.0,36.84,100.0,0.0,2.0,13.0,0.0,29.239999999999995,86.36107746859906,38,4.1,46.3,29.4,Low,Almost none of the completed works have received citizen/beneficiary feedback ratings. | 6 completed works cost far above the average for their work category (statistical outliers). | The exact same rupee amount appears on 13 separate completed works. | 86% of expenditure is still an unpaid balance to vendors.,Check for templated/cookie-cutter billing rather than work-specific costing. | Compare quoted cost of outlier works with category benchmark / schedule of rates (SOR). | Confirm vendor payment schedule and reasons for outstanding dues. | Cross-check beneficiary feedback mechanism / conduct spot citizen verification.
Shri Ilaiyaraaja (2022-28),Nominated Rajya Sabha,Tamil Nadu,Rajya Sabha,220563957.11,51956357.0,44381022.0,23.56,17,27,62.96,7575335.0,28,28,0,,6.0,28.0,44381022.0,K VANARAJ,30.65,27.16,21.43,0.0,5.0,17.0,1.3067521985713526,4.0,5.88,100.0,23.53,1.0,3.0,0.0,0.0,17.068861100134196,20,36.8,24.4,29.4,Low,Almost none of the completed works have received citizen/beneficiary feedback ratings. | 4 completed works cost far above the average for their work category (statistical outliers).,Compare quoted cost of outlier works with category benchmark / schedule of rates (SOR). | Cross-check beneficiary feedback mechanism / conduct spot citizen verification.
Shri NK Premachandran,KOLLAM,Kerala,Lok Sabha,171477994.11,134638644.34,65801960.0,78.52,53,196,27.04,68836684.34,106,105,1,,54.0,106.0,65801960.0,SML ISUZU LTD,10.39,4.23,1.89,0.94,10.0,53.0,0.11754621319966571,1.0,39.62,100.0,1.89,1.0,3.0,0.9433962264150944,51.48,104.61190569399452,38,4.0,46.3,29.4,Low,Funds utilization (79%) is far ahead of physical completion (27%) — a gap of 51 points. | Almost none of the completed works have received citizen/beneficiary feedback ratings. | 105% of expenditure is still an unpaid balance to vendors.,Confirm vendor payment schedule and reasons for outstanding dues. | Cross-check beneficiary feedback mechanism / conduct spot citizen verification. | Verify that advance/interim payments correspond to actual physical progress on site.
Shri Yerram Venkata Subba Reddy (2024-30),Sitting Rajya Sabha,Andhra Pradesh,Rajya Sabha,147000000.0,106057085.0,33232213.0,72.15,38,142,26.76,72824872.0,72,69,3,,22.0,72.0,33232213.0,GOTTIPATI MADHUSUDHANA RAO,11.33,5.62,0.0,4.17,18.0,38.0,-0.052515515146206726,1.0,34.21,100.0,0.0,1.0,2.0,4.166666666666666,45.39,219.1393994736372,38,3.9,46.3,29.3,Low,Funds utilization (72%) is far ahead of physical completion (27%) — a gap of 45 points. | Almost none of the completed works have received citizen/beneficiary feedback ratings. | 219% of expenditure is still an unpaid balance to vendors.,Confirm vendor payment schedule and reasons for outstanding dues. | Cross-check beneficiary feedback mechanism / conduct spot citizen verification. | Verify that advance/interim payments correspond to actual physical progress on site.
AMBICA G LAKSHMINARAYANA VALMIKI,ANANTAPUR,Andhra Pradesh,Lok Sabha,201899064.11,128194365.0,62202871.0,63.49,42,155,27.1,65991494.0,81,81,0,,24.0,81.0,62202871.0,Pasuparthi Hareesh,37.05,17.54,23.46,0.0,18.0,42.0,0.1668113204820928,2.0,0.0,100.0,21.43,1.0,7.0,0.0,36.39,106.09075262780073,38,3.9,46.3,29.3,Low,Almost none of the completed works have received citizen/beneficiary feedback ratings. | 2 completed works cost far above the average for their work category (statistical outliers). | The exact same rupee amount appears on 7 separate completed works. | 106% of expenditure is still an unpaid balance to vendors.,Check for templated/cookie-cutter billing rather than work-specific costing. | Compare quoted cost of outlier works with category benchmark / schedule of rates (SOR). | Confirm vendor payment schedule and reasons for outstanding dues. | Cross-check beneficiary feedback mechanism / conduct spot citizen verification.
Shri Jugal Kishore Sharma,JAMMU,Jammu And Kashmir,Lok Sabha,147000000.0,110993405.0,30668749.0,75.51,45,211,21.33,80324656.0,97,95,2,,64.0,97.0,30668749.0,Rajinder singh Randhawa,7.96,3.14,6.19,2.06,10.0,45.0,-0.21311747765331784,0.0,6.67,100.0,0.0,1.0,1.0,2.0618556701030926,54.18000000000001,261.9104417985879,38,3.6,46.3,29.2,Low,Funds utilization (76%) is far ahead of physical completion (21%) — a gap of 54 points. | Almost none of the completed works have received citizen/beneficiary feedback ratings. | 262% of expenditure is still an unpaid balance to vendors.,Confirm vendor payment schedule and reasons for outstanding dues. | Cross-check beneficiary feedback mechanism / conduct spot citizen verification. | Verify that advance/interim payments correspond to actual physical progress on site.
Dr Jayanta Kumar Roy,JALPAIGURI,West Bengal,Lok Sabha,147000000.0,32603018.0,12082736.0,22.18,2,19,10.53,20520282.0,5,5,0,,3.0,5.0,12082736.0,CONSTRUCON POWER ENGINEERING,51.47,38.35,0.0,0.0,0.0,2.0,2.3367507034267083,2.0,0.0,100.0,0.0,1.0,1.0,0.0,11.65,169.83141897662915,22,32.8,26.8,29.2,Low,2 completed works cost far above the average for their work category (statistical outliers). | 170% of expenditure is still an unpaid balance to vendors.,Compare quoted cost of outlier works with category benchmark / schedule of rates (SOR). | Confirm vendor payment schedule and reasons for outstanding dues.
Shri Hanuman Beniwal,NAGAUR,Rajasthan,Lok Sabha,147000000.0,97848293.0,68636220.0,66.56,177,250,70.8,29212073.0,318,315,3,,105.0,318.0,68636220.0,AEN O N M AVVNL,6.12,2.1,17.61,0.94,34.0,177.0,-0.24795389558413186,0.0,54.8,100.0,7.34,1.0,19.0,0.9433962264150944,0.0,42.560725226418356,26,25.4,31.7,29.2,Low,Almost none of the completed works have received citizen/beneficiary feedback ratings. | The exact same rupee amount appears on 19 separate completed works. | 43% of expenditure is still an unpaid balance to vendors.,Check for templated/cookie-cutter billing rather than work-specific costing. | Confirm vendor payment schedule and reasons for outstanding dues. | Cross-check beneficiary feedback mechanism / conduct spot citizen verification.
Shri Imran Pratapgarhi (2022-28),Sitting Rajya Sabha,Maharashtra,Rajya Sabha,196000000.0,142959046.0,102738277.0,72.94,53,108,49.07,40220769.0,75,75,0,,23.0,75.0,102738277.0,UNITY ENTERPRISES,27.25,12.02,9.33,0.0,11.0,53.0,0.38392309832765303,3.0,33.96,100.0,9.43,22.0,22.0,0.0,23.869999999999997,39.148767308994294,36,7.0,43.9,29.1,Low,Almost none of the completed works have received citizen/beneficiary feedback ratings. | 3 completed works cost far above the average for their work category (statistical outliers). | The same work description text is reused 22 times. | The exact same rupee amount appears on 22 separate completed works.,Check for templated/cookie-cutter billing rather than work-specific costing. | Compare quoted cost of outlier works with category benchmark / schedule of rates (SOR). | Cross-check beneficiary feedback mechanism / conduct spot citizen verification. | Verify these are genuinely distinct works and not duplicate/split entries.
Bansuri Swaraj,NEW DELHI,Delhi,Lok Sabha,154306950.0,65464173.0,21775293.0,42.42,41,110,37.27,43688880.0,46,46,0,,23.0,46.0,21775293.0,Swing Craft,22.07,10.17,0.0,0.0,4.0,41.0,-0.09432510319468698,1.0,0.0,100.0,0.0,7.0,5.0,0.0,5.149999999999999,200.6350959318894,34,10.6,41.5,29.1,Low,Almost none of the completed works have received citizen/beneficiary feedback ratings. | The same work description text is reused 7 times. | The exact same rupee amount appears on 5 separate completed works. | 201% of expenditure is still an unpaid balance to vendors.,Check for templated/cookie-cutter billing rather than work-specific costing. | Confirm vendor payment schedule and reasons for outstanding dues. | Cross-check beneficiary feedback mechanism / conduct spot citizen verification. | Verify these are genuinely distinct works and not duplicate/split entries.
MAHIMA KUMARI MEWAR,RAJSAMAND,Rajasthan,Lok Sabha,183892143.0,111207166.0,48238044.0,60.47,26,134,19.4,62969122.0,272,267,5,,166.0,272.0,48238044.0,ASHOK KUMAR YADAV,8.62,3.7,3.31,1.84,14.0,26.0,0.277606715634375,0.0,15.38,100.0,15.38,1.0,2.0,1.8382352941176472,41.07,130.53829877513277,38,3.4,46.3,29.1,Low,Funds utilization (60%) is far ahead of physical completion (19%) — a gap of 41 points. | Almost none of the completed works have received citizen/beneficiary feedback ratings. | 131% of expenditure is still an unpaid balance to vendors.,Confirm vendor payment schedule and reasons for outstanding dues. | Cross-check beneficiary feedback mechanism / conduct spot citizen verification. | Verify that advance/interim payments correspond to actual physical progress on site.
DAROGA PRASAD SAROJ,LALGANJ,Uttar Pradesh,Lok Sabha,147000000.0,95667378.0,82499872.0,65.08,58,294,19.73,13167506.0,282,253,29,,14.0,282.0,82499872.0,VARDHAN ASSOCIATES,31.44,16.94,0.35,10.28,13.0,58.0,-0.17344050212099452,0.0,0.0,100.0,0.0,2.0,27.0,10.28368794326241,45.349999999999994,15.960638096505168,36,6.7,43.9,29.0,Low,Funds utilization (65%) is far ahead of physical completion (20%) — a gap of 45 points. | Almost none of the completed works have received citizen/beneficiary feedback ratings. | The exact same rupee amount appears on 27 separate completed works.,Check for templated/cookie-cutter billing rather than work-specific costing. | Cross-check beneficiary feedback mechanism / conduct spot citizen verification. | Verify that advance/interim payments correspond to actual physical progress on site.
DEEPENDER SINGH HOODA,ROHTAK,Haryana,Lok Sabha,147000000.0,120944825.0,59066490.0,82.28,70,177,39.55,61878335.0,148,148,0,,82.0,148.0,59066490.0,JOGINDER GOVT CONTRACTOR,13.46,3.44,3.38,0.0,15.0,70.0,0.04703041946012236,0.0,2.86,100.0,5.71,2.0,2.0,0.0,42.730000000000004,104.76047417071845,38,3.1,46.3,29.0,Low,Funds utilization (82%) is far ahead of physical completion (40%) — a gap of 43 points. | Almost none of the completed works have received citizen/beneficiary feedback ratings. | 105% of expenditure is still an unpaid balance to vendors.,Confirm vendor payment schedule and reasons for outstanding dues. | Cross-check beneficiary feedback mechanism / conduct spot citizen verification. | Verify that advance/interim payments correspond to actual physical progress on site.
Kirti Vardhan Singh,GONDA,Uttar Pradesh,Lok Sabha,147000000.0,101059677.0,71075338.0,68.75,35,152,23.03,29984339.0,180,180,0,,24.0,180.0,71075338.0,AMARNATH PANDEY AMARNATH PANDEY CONTRACTOR,26.88,12.81,1.67,0.0,32.0,35.0,0.3446264326010225,0.0,5.71,100.0,2.86,1.0,2.0,0.0,45.72,42.186699133249284,38,3.0,46.3,29.0,Low,Funds utilization (69%) is far ahead of physical completion (23%) — a gap of 46 points. | Almost none of the completed works have received citizen/beneficiary feedback ratings. | 42% of expenditure is still an unpaid balance to vendors.,Confirm vendor payment schedule and reasons for outstanding dues. | Cross-check beneficiary feedback mechanism / conduct spot citizen verification. | Verify that advance/interim payments correspond to actual physical progress on site.
Shri Ram Nath Thakur (2026-32),Sitting Rajya Sabha,Bihar,Rajya Sabha,65673638.73,49489900.0,0.0,75.36,0,33,0.0,49489900.0,0,0,0,,0.0,0.0,,,0.0,0.0,0.0,0.0,0.0,0.0,0.0,0.0,0.0,0.0,0.0,0.0,0.0,0.0,75.36,0.0,20,35.7,24.4,28.9,Low,Funds utilization (75%) is far ahead of physical completion (0%) — a gap of 75 points.,Verify that advance/interim payments correspond to actual physical progress on site.
DHARMENDRA YADAV,AZAMGARH,Uttar Pradesh,Lok Sabha,147000000.0,95526844.0,61248647.0,64.98,16,67,23.88,34278197.0,53,50,3,,28.0,53.0,61248647.0,JAI SHREE BALAJI CONSTRUCTION,12.46,5.97,1.89,5.66,5.0,16.0,0.9946736934972855,1.0,0.0,100.0,0.0,1.0,1.0,5.660377358490567,41.10000000000001,55.965639534861886,38,2.9,46.3,28.9,Low,Funds utilization (65%) is far ahead of physical completion (24%) — a gap of 41 points. | Almost none of the completed works have received citizen/beneficiary feedback ratings. | 56% of expenditure is still an unpaid balance to vendors.,Confirm vendor payment schedule and reasons for outstanding dues. | Cross-check beneficiary feedback mechanism / conduct spot citizen verification. | Verify that advance/interim payments correspond to actual physical progress on site.
SAVITRI THAKUR,DHAR,Madhya Pradesh,Lok Sabha,147000000.0,121039723.0,80699431.0,82.34,179,339,52.8,40340292.0,484,479,5,,67.0,484.0,80699431.0,M P  AGRO DHAR,37.35,14.88,61.78,1.03,34.0,179.0,-0.21094684725359236,0.0,0.0,100.0,16.76,22.0,62.0,1.0330578512396695,29.540000000000006,49.98832271816142,34,9.9,41.5,28.9,Low,Almost none of the completed works have received citizen/beneficiary feedback ratings. | The same work description text is reused 22 times. | The exact same rupee amount appears on 62 separate completed works. | 50% of expenditure is still an unpaid balance to vendors.,Check for templated/cookie-cutter billing rather than work-specific costing. | Confirm vendor payment schedule and reasons for outstanding dues. | Cross-check beneficiary feedback mechanism / conduct spot citizen verification. | Verify these are genuinely distinct works and not duplicate/split entries.
Arvind Ganpat Sawant,MUMBAI SOUTH,Maharashtra,Lok Sabha,147000000.0,110174739.0,28859509.0,74.95,14,60,23.33,81315230.0,18,18,0,,7.0,18.0,28859509.0,Priti Infratech,27.13,18.0,0.0,0.0,5.0,14.0,0.9266190791908387,0.0,0.0,100.0,0.0,1.0,2.0,0.0,51.620000000000005,281.76234737742766,38,2.5,46.3,28.8,Low,Funds utilization (75%) is far ahead of physical completion (23%) — a gap of 52 points. | Almost none of the completed works have received citizen/beneficiary feedback ratings. | 282% of expenditure is still an unpaid balance to vendors.,Confirm vendor payment schedule and reasons for outstanding dues. | Cross-check beneficiary feedback mechanism / conduct spot citizen verification. | Verify that advance/interim payments correspond to actual physical progress on site.
Kinjarapu Ram Mohan Naidu,SRIKAKULAM,Andhra Pradesh,Lok Sabha,171200630.11,138619075.0,55172810.0,80.97,60,214,28.04,83446265.0,106,101,5,,32.0,106.0,55172810.0,sudiksa infra projects,22.32,8.82,1.89,4.72,20.0,60.0,-0.007214706052462277,1.0,25.0,100.0,1.67,1.0,1.0,4.716981132075472,52.93,151.24526918241068,38,2.4,46.3,28.7,Low,Funds utilization (81%) is far ahead of physical completion (28%) — a gap of 53 points. | Almost none of the completed works have received citizen/beneficiary feedback ratings. | 151% of expenditure is still an unpaid balance to vendors.,Confirm vendor payment schedule and reasons for outstanding dues. | Cross-check beneficiary feedback mechanism / conduct spot citizen verification. | Verify that advance/interim payments correspond to actual physical progress on site.
DR KALGE SHIVAJI BANDAPPA,LATUR,Maharashtra,Lok Sabha,147000000.0,92583651.0,28846420.0,62.98,26,117,22.22,63737231.0,34,33,1,,30.0,34.0,28846420.0,VISHWASAMRAT MAGASUARGIYA MAJOOR SAHAKARI SANSTHA MARYADIT,6.9,4.06,2.94,2.94,3.0,26.0,0.2681990984745435,0.0,0.0,100.0,0.0,1.0,1.0,2.941176470588235,40.76,220.9536954672365,38,2.4,46.3,28.7,Low,Funds utilization (63%) is far ahead of physical completion (22%) — a gap of 41 points. | Almost none of the completed works have received citizen/beneficiary feedback ratings. | 221% of expenditure is still an unpaid balance to vendors.,Confirm vendor payment schedule and reasons for outstanding dues. | Cross-check beneficiary feedback mechanism / conduct spot citizen verification. | Verify that advance/interim payments correspond to actual physical progress on site.
GAIKWAD VARSHA EKNATH,MUMBAI NORTH-CENTRAL,Maharashtra,Lok Sabha,147000000.0,98000000.0,92563767.0,66.67,0,57,0.0,5436233.0,54,51,3,,34.0,54.0,92563767.0,MAHENDRA ENTERPRISES,12.52,5.56,0.0,5.56,6.0,0.0,0.0,0.0,0.0,0.0,0.0,0.0,0.0,5.555555555555555,66.67,5.872959988761045,20,35.2,24.4,28.7,Low,Funds utilization (67%) is far ahead of physical completion (0%) — a gap of 67 points.,Verify that advance/interim payments correspond to actual physical progress on site.
Smt Raksha Nikhil Khadse,RAVER,Maharashtra,Lok Sabha,153112586.11,19044664.0,5871973.0,12.44,3,10,30.0,13172691.0,3,3,0,,3.0,3.0,5871973.0,GopiKrishana Majoor Sahakari Sanstha Ruikheda,50.66,39.49,0.0,0.0,0.0,3.0,1.383078588624716,1.0,0.0,100.0,0.0,1.0,1.0,0.0,0.0,224.33160029857086,18,38.3,22.0,28.5,Low,Almost none of the completed works have received citizen/beneficiary feedback ratings. | 224% of expenditure is still an unpaid balance to vendors.,Confirm vendor payment schedule and reasons for outstanding dues. | Cross-check beneficiary feedback mechanism / conduct spot citizen verification.
Smt. Renuka Chowdhury (2024-30),Sitting Rajya Sabha,Telangana,Rajya Sabha,147000000.0,46720000.0,3061296.0,31.78,0,105,0.0,43658704.0,7,7,0,,3.0,7.0,3061296.0,Banoth Ramdas,45.06,35.51,0.0,0.0,3.0,0.0,0.0,0.0,0.0,0.0,0.0,0.0,0.0,0.0,31.78,1426.151015778938,10,52.8,12.2,28.4,Low,1426% of expenditure is still an unpaid balance to vendors.,Confirm vendor payment schedule and reasons for outstanding dues.
Kaushalendra Kumar,NALANDA,Bihar,Lok Sabha,147000000.0,78719429.0,45509064.0,53.55,92,170,54.12,33210365.0,97,92,5,,9.0,97.0,45509064.0,Sheel Sons,27.68,16.73,2.06,5.15,9.0,92.0,-0.06321483814360533,3.0,4.35,100.0,2.17,1.0,3.0,5.154639175257731,0.0,72.97527587031894,30,16.0,36.6,28.4,Low,Almost none of the completed works have received citizen/beneficiary feedback ratings. | 3 completed works cost far above the average for their work category (statistical outliers). | 73% of expenditure is still an unpaid balance to vendors.,Compare quoted cost of outlier works with category benchmark / schedule of rates (SOR). | Confirm vendor payment schedule and reasons for outstanding dues. | Cross-check beneficiary feedback mechanism / conduct spot citizen verification.
UMMEDA RAM BENIWAL,BARMER,Rajasthan,Lok Sabha,147000000.0,109334535.0,66028772.0,74.38,96,184,52.17,43305763.0,188,186,2,,71.0,188.0,66028772.0,Jasnath Computer sale and service,19.15,7.3,44.15,1.06,16.0,96.0,-0.15140075440044626,0.0,15.62,100.0,36.46,16.0,19.0,1.0638297872340425,22.209999999999994,65.58620081560808,34,8.6,41.5,28.3,Low,Almost none of the completed works have received citizen/beneficiary feedback ratings. | The same work description text is reused 16 times. | The exact same rupee amount appears on 19 separate completed works. | 66% of expenditure is still an unpaid balance to vendors.,Check for templated/cookie-cutter billing rather than work-specific costing. | Confirm vendor payment schedule and reasons for outstanding dues. | Cross-check beneficiary feedback mechanism / conduct spot citizen verification. | Verify these are genuinely distinct works and not duplicate/split entries.
Smt Satabdi Roy (Banerjee),BIRBHUM,West Bengal,Lok Sabha,147000000.0,72013235.6,48307379.6,48.99,62,95,65.26,23705855.999999996,67,67,0,,51.0,67.0,48307379.6,GOODWILL COMMERCIAL,19.22,8.3,7.46,0.0,5.0,62.0,0.20289671214996566,4.0,14.52,100.0,6.45,2.0,2.0,0.0,0.0,49.072949508526015,30,15.6,36.6,28.2,Low,Almost none of the completed works have received citizen/beneficiary feedback ratings. | 4 completed works cost far above the average for their work category (statistical outliers). | 49% of expenditure is still an unpaid balance to vendors.,Compare quoted cost of outlier works with category benchmark / schedule of rates (SOR). | Confirm vendor payment schedule and reasons for outstanding dues. | Cross-check beneficiary feedback mechanism / conduct spot citizen verification.
Smt. Laxmi Verma (2026-32),Sitting Rajya Sabha,Chhattisgarh,Rajya Sabha,49000000.0,2500000.0,1250000.0,5.1,0,2,0.0,1250000.0,2,2,0,,2.0,2.0,1250000.0,MUKHYA KARYAPALAN ADHIKARI JANPAD PANCHAYAT PONDI UPRODA,60.0,52.0,100.0,0.0,0.0,0.0,0.0,0.0,0.0,0.0,0.0,0.0,0.0,0.0,5.1,100.0,10,52.2,12.2,28.2,Low,100% of expenditure is still an unpaid balance to vendors.,Confirm vendor payment schedule and reasons for outstanding dues.
Shri Banshilal Gurjar (2024-30),Sitting Rajya Sabha,Madhya Pradesh,Rajya Sabha,147000000.0,60975222.0,41674435.0,41.48,10,81,12.35,19300787.0,95,93,2,,20.0,95.0,41674435.0,Chief MANAGER OFFICE MEGA PLANning LOcal Area MAndsaur,29.98,16.31,92.63,2.11,20.0,10.0,0.5019562544748875,0.0,0.0,100.0,80.0,2.0,2.0,2.1052631578947367,29.129999999999995,46.31325415689499,26,22.9,31.7,28.2,Low,Almost none of the completed works have received citizen/beneficiary feedback ratings. | 80% of completed works are billed in suspiciously round figures. | 46% of expenditure is still an unpaid balance to vendors.,Ask for itemised cost estimates/bills rather than lump-sum round amounts. | Confirm vendor payment schedule and reasons for outstanding dues. | Cross-check beneficiary feedback mechanism / conduct spot citizen verification.
ESWARASAMY K,POLLACHI,Tamil Nadu,Lok Sabha,162315106.11,97904192.0,59028493.0,60.32,47,81,58.02,38875699.0,59,58,1,,35.0,59.0,59028493.0,KRISHNAKUMAR G,9.31,4.15,49.15,1.69,6.0,47.0,0.4245229033580873,0.0,34.04,100.0,48.94,1.0,8.0,1.694915254237288,2.299999999999997,65.85920972097323,26,22.7,31.7,28.1,Low,Almost none of the completed works have received citizen/beneficiary feedback ratings. | The exact same rupee amount appears on 8 separate completed works. | 66% of expenditure is still an unpaid balance to vendors.,Check for templated/cookie-cutter billing rather than work-specific costing. | Confirm vendor payment schedule and reasons for outstanding dues. | Cross-check beneficiary feedback mechanism / conduct spot citizen verification.
ANIL BALUNI,GARHWAL,Uttarakhand,Lok Sabha,147000000.0,13195000.0,2739441.0,8.98,1,12,8.33,10455559.0,8,8,0,,6.0,8.0,2739441.0,DALBEER SINGH,36.42,23.67,25.0,0.0,0.0,1.0,-0.23889854890680545,0.0,0.0,100.0,100.0,1.0,1.0,0.0,0.6500000000000004,381.6676102898365,10,52.0,12.2,28.1,Low,382% of expenditure is still an unpaid balance to vendors.,Confirm vendor payment schedule and reasons for outstanding dues.
SHIVMANGAL SINGH TOMAR,MORENA,Madhya Pradesh,Lok Sabha,147000000.0,38772294.0,20290158.0,26.38,28,66,42.42,18482136.0,90,90,0,,26.0,90.0,20290158.0,THE MP STATE AGRO IND DEV CORP LTD SHEOPUR,20.43,6.99,40.0,0.0,4.0,28.0,-0.2592224582942916,0.0,0.0,100.0,14.29,1.0,23.0,0.0,0.0,91.08916746730115,26,22.4,31.7,28.0,Low,Almost none of the completed works have received citizen/beneficiary feedback ratings. | The exact same rupee amount appears on 23 separate completed works. | 91% of expenditure is still an unpaid balance to vendors.,Check for templated/cookie-cutter billing rather than work-specific costing. | Confirm vendor payment schedule and reasons for outstanding dues. | Cross-check beneficiary feedback mechanism / conduct spot citizen verification.
RAJESH VERMA,KHAGARIA,Bihar,Lok Sabha,147000000.0,81855498.0,74186362.0,55.68,67,76,88.16,7669136.0,69,69,0,,19.0,69.0,74186362.0,ASSISTANT ENGINEER KHAGARIA,15.87,7.71,0.0,0.0,7.0,67.0,0.5347149334380998,0.0,31.34,100.0,0.0,9.0,5.0,0.0,0.0,10.3376628712431,24,26.0,29.3,28.0,Low,Almost none of the completed works have received citizen/beneficiary feedback ratings. | The same work description text is reused 9 times. | The exact same rupee amount appears on 5 separate completed works.,Check for templated/cookie-cutter billing rather than work-specific costing. | Cross-check beneficiary feedback mechanism / conduct spot citizen verification. | Verify these are genuinely distinct works and not duplicate/split entries.
Smt Dimple Yadav,MAINPURI,Uttar Pradesh,Lok Sabha,192042469.11,132519146.0,71873231.0,69.01,53,164,32.32,60645915.0,149,125,24,,22.0,149.0,71873231.0,MANI CONSTRUCTION,17.37,8.38,0.0,16.11,21.0,53.0,0.5692708193710388,1.0,60.38,100.0,0.0,1.0,1.0,16.10738255033557,36.690000000000005,84.37900196806235,28,18.2,34.1,27.7,Low,60% of completed works have no geo/photo evidence uploaded. | Almost none of the completed works have received citizen/beneficiary feedback ratings. | 84% of expenditure is still an unpaid balance to vendors.,Confirm vendor payment schedule and reasons for outstanding dues. | Cross-check beneficiary feedback mechanism / conduct spot citizen verification. | Request site photographs / geo-tagged images for works missing visual evidence.
SURENDRA PRASAD YADAV,JAHANABAD,Bihar,Lok Sabha,155325714.0,122571460.0,71115717.0,78.91,142,303,46.86,51455743.0,203,200,3,,9.0,203.0,71115717.0,SIMRAN INDUSTRIES GROUP,21.77,14.77,1.48,1.48,41.0,142.0,-0.263733008983567,1.0,1.41,100.0,1.41,27.0,29.0,1.477832512315271,32.05,72.35495214088891,34,6.4,41.5,27.5,Low,Almost none of the completed works have received citizen/beneficiary feedback ratings. | The same work description text is reused 27 times. | The exact same rupee amount appears on 29 separate completed works. | 72% of expenditure is still an unpaid balance to vendors.,Check for templated/cookie-cutter billing rather than work-specific costing. | Confirm vendor payment schedule and reasons for outstanding dues. | Cross-check beneficiary feedback mechanism / conduct spot citizen verification. | Verify these are genuinely distinct works and not duplicate/split entries.
Dr. Bhim Singh (2024-30),Sitting Rajya Sabha,Bihar,Rajya Sabha,186200000.0,176484095.0,143120329.0,94.78,233,319,73.04,33363766.0,284,281,3,,37.0,284.0,143120329.0,VEDIKA SINGH,52.95,31.05,0.7,1.06,43.0,233.0,-0.1383039529615592,0.0,21.03,100.0,0.0,93.0,27.0,1.056338028169014,21.739999999999995,23.311689005410265,24,24.7,29.3,27.5,Low,Almost none of the completed works have received citizen/beneficiary feedback ratings. | The same work description text is reused 93 times. | The exact same rupee amount appears on 27 separate completed works.,Check for templated/cookie-cutter billing rather than work-specific costing. | Cross-check beneficiary feedback mechanism / conduct spot citizen verification. | Verify these are genuinely distinct works and not duplicate/split entries.
Shankar Lalwani,INDORE,Madhya Pradesh,Lok Sabha,147000000.0,122331388.0,76896131.0,83.22,145,302,48.01,45435257.0,272,272,0,,24.0,272.0,76896131.0,SHRI GANESH ASSOCIATES PROPRIETOR NARAYAN SHARMA,56.63,35.98,8.09,0.0,58.0,145.0,-0.15991256698039125,0.0,1.38,100.0,1.38,1.0,21.0,0.0,35.21,59.08653193487719,26,21.3,31.7,27.5,Low,Almost none of the completed works have received citizen/beneficiary feedback ratings. | The exact same rupee amount appears on 21 separate completed works. | 59% of expenditure is still an unpaid balance to vendors.,Check for templated/cookie-cutter billing rather than work-specific costing. | Confirm vendor payment schedule and reasons for outstanding dues. | Cross-check beneficiary feedback mechanism / conduct spot citizen verification.
SELVAGANAPATHI T M,SALEM,Tamil Nadu,Lok Sabha,147000000.0,35380025.5,4244214.0,24.07,0,17,0.0,31135811.5,2,2,0,,2.0,2.0,4244214.0,Sre MCM and Co,53.63,50.26,0.0,0.0,0.0,0.0,0.0,0.0,0.0,0.0,0.0,0.0,0.0,0.0,24.07,733.6060693452309,10,50.2,12.2,27.4,Low,734% of expenditure is still an unpaid balance to vendors.,Confirm vendor payment schedule and reasons for outstanding dues.
Shri Birendra Prasad Baishya (2025-31),Sitting Rajya Sabha,Assam,Rajya Sabha,98000000.0,77500000.0,27790330.0,79.08,1,45,2.22,49709670.0,26,25,1,,18.0,26.0,27790330.0,CONSTRUCTION OF ZUBEEN GARG KHETRA,12.95,7.33,73.08,3.85,0.0,1.0,0.4416436270402723,0.0,0.0,100.0,0.0,1.0,1.0,3.8461538461538463,76.86,178.87398242482186,30,13.6,36.6,27.4,Low,Funds utilization (79%) is far ahead of physical completion (2%) — a gap of 77 points. | 179% of expenditure is still an unpaid balance to vendors.,Confirm vendor payment schedule and reasons for outstanding dues. | Verify that advance/interim payments correspond to actual physical progress on site.
Rao Inderjit Singh,GURGAON,Haryana,Lok Sabha,147000000.0,47921028.0,22604866.0,32.6,15,46,32.61,25316162.0,26,22,4,,23.0,26.0,22604866.0,The Shirdi Sai Cooperative multipurpose society,9.27,5.55,19.23,15.38,1.0,15.0,0.46508882985861405,0.0,6.67,100.0,26.67,1.0,3.0,15.384615384615385,0.0,111.99430246567266,18,35.4,22.0,27.4,Low,Almost none of the completed works have received citizen/beneficiary feedback ratings. | 112% of expenditure is still an unpaid balance to vendors.,Confirm vendor payment schedule and reasons for outstanding dues. | Cross-check beneficiary feedback mechanism / conduct spot citizen verification.
Dr. Dinesh Sharma (2023-26),Sitting Rajya Sabha,Uttar Pradesh,Rajya Sabha,147000000.0,122978044.0,57084177.0,83.66,2,91,2.2,65893867.0,63,61,2,,22.0,63.0,57084177.0,Ramesh Kumar Thekedar,16.42,8.0,0.0,3.17,14.0,2.0,0.44725875839351203,0.0,0.0,100.0,0.0,1.0,1.0,3.1746031746031744,81.46,115.43280548653614,30,13.2,36.6,27.2,Low,Funds utilization (84%) is far ahead of physical completion (2%) — a gap of 81 points. | 115% of expenditure is still an unpaid balance to vendors.,Confirm vendor payment schedule and reasons for outstanding dues. | Verify that advance/interim payments correspond to actual physical progress on site.
CHIRAG PASWAN,HAJIPUR,Bihar,Lok Sabha,147000000.0,109916007.0,53484547.0,74.77,47,113,41.59,56431460.0,56,55,1,,29.0,56.0,53484547.0,DHARMVIR KUMAR,18.38,6.99,0.0,1.79,2.0,47.0,0.40102937357357027,0.0,89.36,100.0,0.0,1.0,1.0,1.7857142857142856,33.17999999999999,105.50984006651491,28,16.8,34.1,27.2,Low,89% of completed works have no geo/photo evidence uploaded. | Almost none of the completed works have received citizen/beneficiary feedback ratings. | 106% of expenditure is still an unpaid balance to vendors.,Confirm vendor payment schedule and reasons for outstanding dues. | Cross-check beneficiary feedback mechanism / conduct spot citizen verification. | Request site photographs / geo-tagged images for works missing visual evidence.
VINOD KUMAR BIND,BHADOHI,Uttar Pradesh,Lok Sabha,147000000.0,96578170.0,75517267.0,65.7,407,544,74.82,21060903.0,525,418,107,,9.0,525.0,75517267.0,Gandhi Construction And Supplier,46.15,30.96,0.19,20.38,15.0,407.0,-0.40608275258615,1.0,28.01,100.0,0.0,2.0,119.0,20.38095238095238,0.0,27.888857524465234,16,38.4,19.5,27.1,Low,Almost none of the completed works have received citizen/beneficiary feedback ratings. | The exact same rupee amount appears on 119 separate completed works.,Check for templated/cookie-cutter billing rather than work-specific costing. | Cross-check beneficiary feedback mechanism / conduct spot citizen verification.
Shri C. Sadanandan Master (2025-31),Nominated Rajya Sabha,Kerala,Rajya Sabha,73500000.0,45660000.0,0.0,62.12,0,55,0.0,45660000.0,0,0,0,,0.0,0.0,,,0.0,0.0,0.0,0.0,0.0,0.0,0.0,0.0,0.0,0.0,0.0,0.0,0.0,0.0,62.12,0.0,20,31.1,24.4,27.1,Low,Funds utilization (62%) is far ahead of physical completion (0%) — a gap of 62 points.,Verify that advance/interim payments correspond to actual physical progress on site.
Giridhari Yadav,BANKA,Bihar,Lok Sabha,147000000.0,137231145.0,114805889.0,93.35,92,120,76.67,22425256.0,96,96,0,,9.0,96.0,114805889.0,SHIV DURGA INDUSTRIES,46.31,30.58,4.17,0.0,15.0,92.0,0.6571569638815333,0.0,39.13,100.0,4.35,11.0,22.0,0.0,16.679999999999993,19.53319310998062,24,23.9,29.3,27.1,Low,Almost none of the completed works have received citizen/beneficiary feedback ratings. | The same work description text is reused 11 times. | The exact same rupee amount appears on 22 separate completed works.,Check for templated/cookie-cutter billing rather than work-specific costing. | Cross-check beneficiary feedback mechanism / conduct spot citizen verification. | Verify these are genuinely distinct works and not duplicate/split entries.
CHANDRA SHEKHAR,NAGINA,Uttar Pradesh,Lok Sabha,147000000.0,91755170.0,87033825.0,62.42,286,507,56.41,4721345.0,893,784,109,,8.0,893.0,87033825.0,MAKSUD AHMAD CONTRACTOR,28.57,18.46,1.12,12.21,36.0,286.0,-0.3218307701950182,0.0,4.2,100.0,0.0,118.0,118.0,12.206047032474803,6.010000000000005,5.424724237961505,24,23.6,29.3,27.0,Low,Almost none of the completed works have received citizen/beneficiary feedback ratings. | The same work description text is reused 118 times. | The exact same rupee amount appears on 118 separate completed works.,Check for templated/cookie-cutter billing rather than work-specific costing. | Cross-check beneficiary feedback mechanism / conduct spot citizen verification. | Verify these are genuinely distinct works and not duplicate/split entries.
Ganesh Singh,SATNA,Madhya Pradesh,Lok Sabha,147000000.0,71551054.0,48076283.0,48.67,77,318,24.21,23474771.0,227,226,1,,34.0,227.0,48076283.0,RM MP AGRO SATNA,24.77,11.36,15.42,0.44,15.0,77.0,-0.25992174812965596,1.0,0.0,100.0,10.39,48.0,54.0,0.4405286343612335,24.46,48.828173758774156,34,5.1,41.5,26.9,Low,Almost none of the completed works have received citizen/beneficiary feedback ratings. | The same work description text is reused 48 times. | The exact same rupee amount appears on 54 separate completed works. | 49% of expenditure is still an unpaid balance to vendors.,Check for templated/cookie-cutter billing rather than work-specific costing. | Confirm vendor payment schedule and reasons for outstanding dues. | Cross-check beneficiary feedback mechanism / conduct spot citizen verification. | Verify these are genuinely distinct works and not duplicate/split entries.
Shri Amit Shah,GANDHINAGAR,Gujarat,Lok Sabha,147000000.0,53162769.0,11529274.0,36.17,22,118,18.64,41633495.0,27,27,0,,9.0,27.0,11529274.0,AEON MEDICAL PVT LTD,43.21,29.85,11.11,0.0,2.0,22.0,-0.34800830262838384,0.0,4.55,100.0,13.64,1.0,16.0,0.0,17.53,361.1111592976279,26,19.6,31.7,26.9,Low,Almost none of the completed works have received citizen/beneficiary feedback ratings. | The exact same rupee amount appears on 16 separate completed works. | 361% of expenditure is still an unpaid balance to vendors.,Check for templated/cookie-cutter billing rather than work-specific costing. | Confirm vendor payment schedule and reasons for outstanding dues. | Cross-check beneficiary feedback mechanism / conduct spot citizen verification.
Ms. Dola Sen (2023-29),Sitting Rajya Sabha,West Bengal,Rajya Sabha,171500000.0,122263190.0,69414332.0,71.29,1,27,3.7,52848858.0,20,20,0,,9.0,20.0,69414332.0,KHIVRAJ MOTORS,47.54,38.59,0.0,0.0,1.0,1.0,0.396413315820869,0.0,0.0,100.0,0.0,1.0,1.0,0.0,67.59,76.135369277918,30,12.0,36.6,26.8,Low,Funds utilization (71%) is far ahead of physical completion (4%) — a gap of 68 points. | 76% of expenditure is still an unpaid balance to vendors.,Confirm vendor payment schedule and reasons for outstanding dues. | Verify that advance/interim payments correspond to actual physical progress on site.
MURASOLI S,THANJAVUR,Tamil Nadu,Lok Sabha,147000000.0,132218766.0,77333643.0,89.94,46,88,52.27,54885123.0,72,69,3,,47.0,72.0,77333643.0,GM Constructions and Infra P,19.01,6.12,8.33,4.17,1.0,46.0,0.9090039716572827,3.0,30.43,100.0,8.7,1.0,2.0,4.166666666666666,37.669999999999995,70.97185761700118,30,12.1,36.6,26.8,Low,Almost none of the completed works have received citizen/beneficiary feedback ratings. | 3 completed works cost far above the average for their work category (statistical outliers). | 71% of expenditure is still an unpaid balance to vendors.,Compare quoted cost of outlier works with category benchmark / schedule of rates (SOR). | Confirm vendor payment schedule and reasons for outstanding dues. | Cross-check beneficiary feedback mechanism / conduct spot citizen verification.
RUDRA NARAYAN PANY,DHENKANAL,Odisha,Lok Sabha,155013957.11,60557000.0,4033241.0,39.07,0,81,0.0,56523759.0,23,22,1,,15.0,23.0,4033241.0,Jyotsnarani Pradhan,24.65,14.45,0.0,4.35,1.0,0.0,0.0,0.0,0.0,0.0,0.0,0.0,0.0,4.3478260869565215,39.07,1401.4475951226323,10,48.4,12.2,26.7,Low,1401% of expenditure is still an unpaid balance to vendors.,Confirm vendor payment schedule and reasons for outstanding dues.
Sasikanth Senthil,TIRUVALLUR,Tamil Nadu,Lok Sabha,171500000.0,119314874.0,89733784.0,69.57,87,182,47.8,29581090.0,134,133,1,,50.0,134.0,89733784.0,L G Arasu,20.8,6.66,8.21,0.75,21.0,87.0,0.05640368516929978,0.0,88.51,100.0,6.9,2.0,13.0,0.7462686567164178,21.769999999999996,32.9653879301468,26,19.2,31.7,26.7,Low,89% of completed works have no geo/photo evidence uploaded. | Almost none of the completed works have received citizen/beneficiary feedback ratings. | The exact same rupee amount appears on 13 separate completed works.,Check for templated/cookie-cutter billing rather than work-specific costing. | Cross-check beneficiary feedback mechanism / conduct spot citizen verification. | Request site photographs / geo-tagged images for works missing visual evidence.
Shri K.R.N. Rajeshkumar (2022-28),Sitting Rajya Sabha,Tamil Nadu,Rajya Sabha,238513975.53,186409814.0,152999036.0,78.15,84,102,82.35,33410778.0,97,96,1,,55.0,97.0,152999036.0,MOOKAMBIKA CONSTRUCTION,14.24,5.02,22.68,1.03,7.0,84.0,0.9994411986652493,6.0,17.86,100.0,25.0,1.0,3.0,1.0309278350515463,0.0,21.837247392852856,20,30.0,24.4,26.6,Low,Almost none of the completed works have received citizen/beneficiary feedback ratings. | 6 completed works cost far above the average for their work category (statistical outliers).,Compare quoted cost of outlier works with category benchmark / schedule of rates (SOR). | Cross-check beneficiary feedback mechanism / conduct spot citizen verification.
Dr. Kavita Patidar (2022-28),Sitting Rajya Sabha,Madhya Pradesh,Rajya Sabha,197118521.35,148906747.0,127377000.12,75.54,142,217,65.44,21529746.879999995,427,426,1,,68.0,427.0,127377000.12,NATIONAL ENGINEERING WORKS,15.44,6.14,25.76,0.23,64.0,142.0,0.04917529163030401,0.0,9.15,100.0,14.79,7.0,34.0,0.234192037470726,10.100000000000009,16.90238179554954,24,22.4,29.3,26.5,Low,Almost none of the completed works have received citizen/beneficiary feedback ratings. | The same work description text is reused 7 times. | The exact same rupee amount appears on 34 separate completed works.,Check for templated/cookie-cutter billing rather than work-specific costing. | Cross-check beneficiary feedback mechanism / conduct spot citizen verification. | Verify these are genuinely distinct works and not duplicate/split entries.
Shri Sujeet Kumar (2026-32),Sitting Rajya Sabha,Odisha,Rajya Sabha,49000000.0,26350000.0,0.0,53.78,0,35,0.0,26350000.0,0,0,0,,0.0,0.0,,,0.0,0.0,0.0,0.0,0.0,0.0,0.0,0.0,0.0,0.0,0.0,0.0,0.0,0.0,53.78,0.0,20,29.3,24.4,26.4,Low,Funds utilization (54%) is far ahead of physical completion (0%) — a gap of 54 points.,Verify that advance/interim payments correspond to actual physical progress on site.
Vellalath Kochukrishnan Nair Sreekandan,PALAKKAD,Kerala,Lok Sabha,167807990.11,89737781.0,50584788.0,53.48,100,205,48.78,39152993.0,127,125,2,1.0,32.0,127.0,50584788.0,VISION ELECTRICALS AND ELECTRONICS,31.2,15.85,0.0,1.57,18.0,100.0,-0.21387922013477692,0.0,17.0,99.0,0.0,1.0,15.0,1.574803149606299,4.699999999999996,77.40072568852122,26,18.2,31.7,26.3,Low,Almost none of the completed works have received citizen/beneficiary feedback ratings. | The exact same rupee amount appears on 15 separate completed works. | 77% of expenditure is still an unpaid balance to vendors.,Check for templated/cookie-cutter billing rather than work-specific costing. | Confirm vendor payment schedule and reasons for outstanding dues. | Cross-check beneficiary feedback mechanism / conduct spot citizen verification.
MANISH JAISWAL,HAZARIBAGH,Jharkhand,Lok Sabha,147000000.0,81513050.0,0.0,55.45,0,164,0.0,81513050.0,0,0,0,,0.0,0.0,,,0.0,0.0,0.0,0.0,0.0,0.0,0.0,0.0,0.0,0.0,0.0,0.0,0.0,0.0,55.45,0.0,20,29.2,24.4,26.3,Low,Funds utilization (55%) is far ahead of physical completion (0%) — a gap of 55 points.,Verify that advance/interim payments correspond to actual physical progress on site.
Mitesh Rameshbhai Bakabhai Patel,ANAND,Gujarat,Lok Sabha,147000000.0,117585497.0,58453147.0,79.99,247,533,46.34,59132350.0,295,283,12,5.0,154.0,295.0,58453147.0,aastha construction,16.86,3.5,38.98,4.07,37.0,247.0,-0.3471768603188201,0.0,40.49,99.6,33.2,1.0,38.0,4.067796610169491,33.64999999999999,101.16196139106077,26,18.2,31.7,26.3,Low,Almost none of the completed works have received citizen/beneficiary feedback ratings. | The exact same rupee amount appears on 38 separate completed works. | 101% of expenditure is still an unpaid balance to vendors.,Check for templated/cookie-cutter billing rather than work-specific costing. | Confirm vendor payment schedule and reasons for outstanding dues. | Cross-check beneficiary feedback mechanism / conduct spot citizen verification.
Shri Mukul Wasnik (2022-28),Sitting Rajya Sabha,Rajasthan,Rajya Sabha,196063957.11,161404422.0,114656779.01,82.32,94,170,55.29,46747642.99,455,451,4,,283.0,455.0,114656779.00999999,Famous Fountains,3.69,1.57,8.13,0.88,51.0,94.0,0.23672218264727235,0.0,38.3,100.0,9.57,2.0,16.0,0.8791208791208791,27.029999999999994,40.771809040547716,26,17.3,31.7,25.9,Low,Almost none of the completed works have received citizen/beneficiary feedback ratings. | The exact same rupee amount appears on 16 separate completed works. | 41% of expenditure is still an unpaid balance to vendors.,Check for templated/cookie-cutter billing rather than work-specific costing. | Confirm vendor payment schedule and reasons for outstanding dues. | Cross-check beneficiary feedback mechanism / conduct spot citizen verification.
Shri Dilip Kumar Ray (2026-32),Sitting Rajya Sabha,Odisha,Rajya Sabha,49000000.0,23400000.0,0.0,47.76,0,31,0.0,23400000.0,0,0,0,,0.0,0.0,,,0.0,0.0,0.0,0.0,0.0,0.0,0.0,0.0,0.0,0.0,0.0,0.0,0.0,0.0,47.76,0.0,20,28.2,24.4,25.9,Low,Funds utilization (48%) is far ahead of physical completion (0%) — a gap of 48 points.,Verify that advance/interim payments correspond to actual physical progress on site.
Kamaljeet Sehrawat,WEST DELHI,Delhi,Lok Sabha,147000000.0,88481527.0,13075365.0,60.19,31,65,47.69,75406162.0,34,33,1,,10.0,34.0,13075365.0,ASN Services Pvt Limited,26.45,14.03,0.0,2.94,7.0,31.0,-0.14999316276488345,0.0,0.0,100.0,0.0,6.0,3.0,2.941176470588235,12.5,576.7040690642287,26,17.2,31.7,25.9,Low,Almost none of the completed works have received citizen/beneficiary feedback ratings. | The same work description text is reused 6 times. | 577% of expenditure is still an unpaid balance to vendors.,Confirm vendor payment schedule and reasons for outstanding dues. | Cross-check beneficiary feedback mechanism / conduct spot citizen verification. | Verify these are genuinely distinct works and not duplicate/split entries.
C.M.RAMESH,ANAKAPALLE,Andhra Pradesh,Lok Sabha,202531656.11,91302449.0,36002667.0,45.08,20,125,16.0,55299782.0,42,40,2,,11.0,42.0,36002667.0,GRAMONNATI,28.61,17.42,2.38,4.76,8.0,20.0,0.4291256414734124,2.0,5.0,100.0,5.0,1.0,2.0,4.761904761904762,29.08,153.59912642027325,30,9.5,36.6,25.8,Low,Almost none of the completed works have received citizen/beneficiary feedback ratings. | 2 completed works cost far above the average for their work category (statistical outliers). | 154% of expenditure is still an unpaid balance to vendors.,Compare quoted cost of outlier works with category benchmark / schedule of rates (SOR). | Confirm vendor payment schedule and reasons for outstanding dues. | Cross-check beneficiary feedback mechanism / conduct spot citizen verification.
Shri Sanjay Yadav (2024-30),Sitting Rajya Sabha,Bihar,Rajya Sabha,186200000.0,80448000.0,0.0,43.21,0,54,0.0,80448000.0,0,0,0,,0.0,0.0,,,0.0,0.0,0.0,0.0,0.0,0.0,0.0,0.0,0.0,0.0,0.0,0.0,0.0,0.0,43.21,0.0,20,27.9,24.4,25.8,Low,Funds utilization (43%) is far ahead of physical completion (0%) — a gap of 43 points.,Verify that advance/interim payments correspond to actual physical progress on site.
Shri Tejveer Singh (2024-30),Sitting Rajya Sabha,Uttar Pradesh,Rajya Sabha,147000000.0,97931969.0,89900058.0,66.62,53,86,61.63,8031911.0,152,152,0,,21.0,152.0,89900058.0,MAA LAXMI CONTRACTOR AND SUPPLIERS,18.08,9.83,0.66,0.0,39.0,53.0,0.6025009114338093,0.0,94.34,100.0,0.0,1.0,1.0,0.0,4.990000000000002,8.934266760984737,18,31.2,22.0,25.7,Low,94% of completed works have no geo/photo evidence uploaded. | Almost none of the completed works have received citizen/beneficiary feedback ratings.,Cross-check beneficiary feedback mechanism / conduct spot citizen verification. | Request site photographs / geo-tagged images for works missing visual evidence.
THARANIVENTHAN M S,ARANI,Tamil Nadu,Lok Sabha,168337124.35,164629272.0,111465790.0,97.8,192,316,60.76,53163482.0,215,214,1,,77.0,215.0,111465790.0,RAK INDUSTRIES,9.19,3.07,38.6,0.47,31.0,192.0,-0.02848192022454483,0.0,25.0,100.0,38.02,1.0,41.0,0.46511627906976744,37.04,47.69488647593131,26,16.5,31.7,25.6,Low,Almost none of the completed works have received citizen/beneficiary feedback ratings. | The exact same rupee amount appears on 41 separate completed works. | 48% of expenditure is still an unpaid balance to vendors.,Check for templated/cookie-cutter billing rather than work-specific costing. | Confirm vendor payment schedule and reasons for outstanding dues. | Cross-check beneficiary feedback mechanism / conduct spot citizen verification.
Rajkumar Chahar,FATEHPUR SIKRI,Uttar Pradesh,Lok Sabha,147000000.0,106977092.0,96369831.0,72.77,45,50,90.0,10607261.0,92,92,0,,7.0,92.0,96369831.0,SHOURYA ENTERPRISES,27.39,18.61,0.0,0.0,25.0,45.0,1.5392202248588114,8.0,15.56,100.0,0.0,1.0,2.0,0.0,0.0,11.006827437520359,20,27.1,24.4,25.5,Low,Almost none of the completed works have received citizen/beneficiary feedback ratings. | 8 completed works cost far above the average for their work category (statistical outliers).,Compare quoted cost of outlier works with category benchmark / schedule of rates (SOR). | Cross-check beneficiary feedback mechanism / conduct spot citizen verification.
ARUNA. D. K,MAHABUBNAGAR,Telangana,Lok Sabha,147000000.0,111450311.0,44232038.0,75.82,127,321,39.56,67218273.0,153,153,0,,21.0,153.0,44232038.0,VIOLET ENTERPRISES,58.57,35.62,7.84,0.0,19.0,127.0,-0.2631104581882148,0.0,33.86,100.0,9.45,3.0,12.0,0.0,36.25999999999999,151.96738843460028,26,16.3,31.7,25.5,Low,Almost none of the completed works have received citizen/beneficiary feedback ratings. | The exact same rupee amount appears on 12 separate completed works. | 152% of expenditure is still an unpaid balance to vendors.,Check for templated/cookie-cutter billing rather than work-specific costing. | Confirm vendor payment schedule and reasons for outstanding dues. | Cross-check beneficiary feedback mechanism / conduct spot citizen verification.
Shri Baburam Nishad (2022-28),Sitting Rajya Sabha,Uttar Pradesh,Rajya Sabha,196063957.11,187451605.3,136082109.32,95.61,436,649,67.18,51369495.98000002,595,592,3,,17.0,595.0,136082109.32,shyam swaroop manufacturere,45.89,27.02,3.36,0.5,36.0,436.0,-0.2803696168354132,1.0,34.17,100.0,0.92,96.0,83.0,0.5042016806722689,28.429999999999993,37.74889751245959,24,19.2,29.3,25.3,Low,Almost none of the completed works have received citizen/beneficiary feedback ratings. | The same work description text is reused 96 times. | The exact same rupee amount appears on 83 separate completed works.,Check for templated/cookie-cutter billing rather than work-specific costing. | Cross-check beneficiary feedback mechanism / conduct spot citizen verification. | Verify these are genuinely distinct works and not duplicate/split entries.
Prasun Banerjee,HOWRAH,West Bengal,Lok Sabha,147000000.0,103186031.0,70699743.0,70.19,136,227,59.91,32486288.0,158,146,12,,22.0,158.0,70699743.0,PRAYAS,20.56,8.64,13.29,7.59,30.0,136.0,-0.13152798322432663,1.0,0.74,100.0,16.91,1.0,22.0,7.59493670886076,10.280000000000001,45.949655007939704,26,15.7,31.7,25.3,Low,Almost none of the completed works have received citizen/beneficiary feedback ratings. | The exact same rupee amount appears on 22 separate completed works. | 46% of expenditure is still an unpaid balance to vendors.,Check for templated/cookie-cutter billing rather than work-specific costing. | Confirm vendor payment schedule and reasons for outstanding dues. | Cross-check beneficiary feedback mechanism / conduct spot citizen verification.
Dr. Dharmasthala Veerendra Heggade (2022-28),Nominated Rajya Sabha,Karnataka,Rajya Sabha,196063957.11,133450991.0,57878764.0,68.07,301,474,63.5,75572227.0,644,632,12,,27.0,644.0,57878764.0,BLUESKART ECOMMERCE PRIVATE LIMITED,19.79,11.32,1.55,1.86,33.0,301.0,-0.4382113711353773,0.0,0.0,100.0,1.33,2.0,89.0,1.8633540372670807,4.569999999999993,130.5698701513391,26,15.5,31.7,25.2,Low,Almost none of the completed works have received citizen/beneficiary feedback ratings. | The exact same rupee amount appears on 89 separate completed works. | 131% of expenditure is still an unpaid balance to vendors.,Check for templated/cookie-cutter billing rather than work-specific costing. | Confirm vendor payment schedule and reasons for outstanding dues. | Cross-check beneficiary feedback mechanism / conduct spot citizen verification.
RAHUL GANDHI,RAE BARELI,Uttar Pradesh,Lok Sabha,147000000.0,77809777.0,27068171.0,52.93,74,192,38.54,50741606.0,151,132,19,,29.0,151.0,27068171.0,AADI AND RUDRANSH CONSTRUCTION COMPANY,23.69,9.31,0.0,12.58,11.0,74.0,-0.4818474383267157,0.0,4.05,100.0,4.05,1.0,69.0,12.582781456953644,14.39,187.45856895909222,26,15.4,31.7,25.2,Low,Almost none of the completed works have received citizen/beneficiary feedback ratings. | The exact same rupee amount appears on 69 separate completed works. | 187% of expenditure is still an unpaid balance to vendors.,Check for templated/cookie-cutter billing rather than work-specific costing. | Confirm vendor payment schedule and reasons for outstanding dues. | Cross-check beneficiary feedback mechanism / conduct spot citizen verification.
Abu Taher Khan,MURSHIDABAD,West Bengal,Lok Sabha,147000000.0,98412625.0,37157978.0,66.95,172,328,52.44,61254647.0,183,176,7,,20.0,183.0,37157978.0,SUPTI ENTERPRISE,52.19,29.6,0.55,3.83,8.0,172.0,-0.36441454922241223,0.0,0.58,100.0,0.58,1.0,138.0,3.825136612021858,14.510000000000005,164.84924717916567,26,14.9,31.7,25.0,Low,Almost none of the completed works have received citizen/beneficiary feedback ratings. | The exact same rupee amount appears on 138 separate completed works. | 165% of expenditure is still an unpaid balance to vendors.,Check for templated/cookie-cutter billing rather than work-specific costing. | Confirm vendor payment schedule and reasons for outstanding dues. | Cross-check beneficiary feedback mechanism / conduct spot citizen verification.
RACHNA BANERJEE,HOOGHLY,West Bengal,Lok Sabha,147000000.0,97541824.44,34234471.0,66.35,36,101,35.64,63307353.44,54,54,0,,21.0,54.0,34234471.0,MAA KALI BUILDERS,21.84,11.06,1.85,0.0,10.0,36.0,-0.12476123781989817,0.0,0.0,100.0,0.0,10.0,12.0,0.0,30.709999999999994,184.92283242816868,34,0.0,41.5,24.9,Low,Almost none of the completed works have received citizen/beneficiary feedback ratings. | The same work description text is reused 10 times. | The exact same rupee amount appears on 12 separate completed works. | 185% of expenditure is still an unpaid balance to vendors.,Check for templated/cookie-cutter billing rather than work-specific costing. | Confirm vendor payment schedule and reasons for outstanding dues. | Cross-check beneficiary feedback mechanism / conduct spot citizen verification. | Verify these are genuinely distinct works and not duplicate/split entries.
Shri Jual Oram,SUNDARGARH,Odisha,Lok Sabha,173096756.91,118328256.0,66763914.0,68.36,89,200,44.5,51564342.0,278,251,27,,65.0,278.0,66763914.0,Geetanjali Traders,31.85,12.08,20.86,9.71,27.0,89.0,-0.007117131891157496,0.0,0.0,100.0,30.34,1.0,54.0,9.712230215827338,23.86,77.23385120890306,26,14.7,31.7,24.9,Low,Almost none of the completed works have received citizen/beneficiary feedback ratings. | The exact same rupee amount appears on 54 separate completed works. | 77% of expenditure is still an unpaid balance to vendors.,Check for templated/cookie-cutter billing rather than work-specific costing. | Confirm vendor payment schedule and reasons for outstanding dues. | Cross-check beneficiary feedback mechanism / conduct spot citizen verification.
M.K. VISHNUPRASAD,CUDDALORE,Tamil Nadu,Lok Sabha,147000000.0,102530543.0,71744686.0,69.75,74,117,63.25,30785857.0,91,90,1,,48.0,91.0,71744686.0,SRI SAI ENTERPRISES,8.7,3.33,16.48,1.1,7.0,74.0,0.24267418682829325,1.0,1.35,100.0,18.92,1.0,8.0,1.098901098901099,6.5,42.91029582316382,26,14.7,31.7,24.9,Low,Almost none of the completed works have received citizen/beneficiary feedback ratings. | The exact same rupee amount appears on 8 separate completed works. | 43% of expenditure is still an unpaid balance to vendors.,Check for templated/cookie-cutter billing rather than work-specific costing. | Confirm vendor payment schedule and reasons for outstanding dues. | Cross-check beneficiary feedback mechanism / conduct spot citizen verification.
CHHOTELAL,ROBERTSGANJ,Uttar Pradesh,Lok Sabha,147000000.0,134476735.0,90952339.0,91.48,261,435,60.0,43524396.0,728,728,0,,25.0,728.0,90952339.0,UP STATE AGRO INDUSTRIAL CORPORATION LTD BICHPAI URMAURA,26.03,11.02,5.22,0.0,51.0,261.0,-0.3482392941357504,0.0,36.78,100.0,4.98,2.0,45.0,0.0,31.480000000000004,47.85407003111817,26,14.5,31.7,24.8,Low,Almost none of the completed works have received citizen/beneficiary feedback ratings. | The exact same rupee amount appears on 45 separate completed works. | 48% of expenditure is still an unpaid balance to vendors.,Check for templated/cookie-cutter billing rather than work-specific costing. | Confirm vendor payment schedule and reasons for outstanding dues. | Cross-check beneficiary feedback mechanism / conduct spot citizen verification.
Shri Narain Dass Gupta (2024-30),Sitting Rajya Sabha,Delhi,Rajya Sabha,160837070.0,75478716.0,24703922.0,46.93,11,51,21.57,50774794.0,16,16,0,,11.0,16.0,24703922.0,BANSAL ELECTRIC STORE,38.95,21.48,0.0,0.0,1.0,11.0,1.1189985624969692,3.0,0.0,100.0,0.0,1.0,3.0,0.0,25.36,205.53333191385562,30,7.0,36.6,24.8,Low,Almost none of the completed works have received citizen/beneficiary feedback ratings. | 3 completed works cost far above the average for their work category (statistical outliers). | 206% of expenditure is still an unpaid balance to vendors.,Compare quoted cost of outlier works with category benchmark / schedule of rates (SOR). | Confirm vendor payment schedule and reasons for outstanding dues. | Cross-check beneficiary feedback mechanism / conduct spot citizen verification.
Shri Rajmohan Unnithan,KASARAGOD,Kerala,Lok Sabha,156754633.11,72864151.0,29132579.0,46.48,56,207,27.05,43731572.0,121,111,10,,21.0,121.0,29132579.0,Keltron Component complex Ltd Kannur,30.39,19.76,39.67,8.26,12.0,56.0,-0.295883341569295,0.0,32.14,100.0,16.07,1.0,13.0,8.264462809917356,19.429999999999996,150.11225748328013,26,14.3,31.7,24.7,Low,Almost none of the completed works have received citizen/beneficiary feedback ratings. | The exact same rupee amount appears on 13 separate completed works. | 150% of expenditure is still an unpaid balance to vendors.,Check for templated/cookie-cutter billing rather than work-specific costing. | Confirm vendor payment schedule and reasons for outstanding dues. | Cross-check beneficiary feedback mechanism / conduct spot citizen verification.
AWADHESH PRASAD,FAIZABAD,Uttar Pradesh,Lok Sabha,147000000.0,132516313.0,92097873.0,90.15,108,201,53.73,40418440.0,288,253,35,,28.0,288.0,92097873.0,Manoj kumar Srivastava,15.68,6.41,0.0,12.15,27.0,108.0,0.20897309962965965,1.0,8.33,100.0,0.0,1.0,48.0,12.152777777777777,36.42000000000001,43.88639898339455,26,14.2,31.7,24.7,Low,Almost none of the completed works have received citizen/beneficiary feedback ratings. | The exact same rupee amount appears on 48 separate completed works. | 44% of expenditure is still an unpaid balance to vendors.,Check for templated/cookie-cutter billing rather than work-specific costing. | Confirm vendor payment schedule and reasons for outstanding dues. | Cross-check beneficiary feedback mechanism / conduct spot citizen verification.
MALAIYARASAN D,KALLAKURICHI,Tamil Nadu,Lok Sabha,201599593.0,175403247.0,121901141.0,87.01,198,384,51.56,53502106.0,204,204,0,,10.0,204.0,121901141.0,DHANASEKARAN K,40.88,27.89,0.49,0.0,38.0,198.0,0.05944721504177579,1.0,55.05,100.0,0.0,1.0,41.0,0.0,35.45,43.88974997371026,26,13.9,31.7,24.6,Low,Almost none of the completed works have received citizen/beneficiary feedback ratings. | The exact same rupee amount appears on 41 separate completed works. | 44% of expenditure is still an unpaid balance to vendors.,Check for templated/cookie-cutter billing rather than work-specific costing. | Confirm vendor payment schedule and reasons for outstanding dues. | Cross-check beneficiary feedback mechanism / conduct spot citizen verification.
Ganesan Selvam,KANCHEEPURAM,Tamil Nadu,Lok Sabha,186508749.11,175689345.0,111117216.0,94.2,273,456,59.87,64572129.0,291,291,0,,45.0,291.0,111117216.0,T S SOLAR POWER SYSTEM,24.2,8.85,59.79,0.0,27.0,273.0,-0.18603618316505355,1.0,1.1,100.0,40.66,1.0,60.0,0.0,34.330000000000005,58.11172320947998,26,14.0,31.7,24.6,Low,Almost none of the completed works have received citizen/beneficiary feedback ratings. | The exact same rupee amount appears on 60 separate completed works. | 58% of expenditure is still an unpaid balance to vendors.,Check for templated/cookie-cutter billing rather than work-specific costing. | Confirm vendor payment schedule and reasons for outstanding dues. | Cross-check beneficiary feedback mechanism / conduct spot citizen verification.
V S Matheswaran,NAMAKKAL,Tamil Nadu,Lok Sabha,162539930.11,136032955.0,90580955.0,83.69,140,205,68.29,45452000.0,141,141,0,,31.0,141.0,90580955.0,Hindusthan Power Technology,37.13,16.18,23.4,0.0,21.0,140.0,0.10070735659064567,0.0,8.57,100.0,15.71,1.0,11.0,0.0,15.399999999999991,50.178318389334706,26,13.6,31.7,24.5,Low,Almost none of the completed works have received citizen/beneficiary feedback ratings. | The exact same rupee amount appears on 11 separate completed works. | 50% of expenditure is still an unpaid balance to vendors.,Check for templated/cookie-cutter billing rather than work-specific costing. | Confirm vendor payment schedule and reasons for outstanding dues. | Cross-check beneficiary feedback mechanism / conduct spot citizen verification.
DAMODAR AGARWAL,BHILWARA,Rajasthan,Lok Sabha,147000000.0,105136339.0,59365927.0,71.52,105,250,42.0,45770412.0,854,796,58,,697.0,854.0,59365927.0,C S TECHNOLOGIES,11.17,2.07,1.52,6.79,43.0,105.0,-0.164376496911901,0.0,46.67,100.0,2.86,1.0,6.0,6.791569086651054,29.519999999999996,77.09879102873269,26,13.5,31.7,24.4,Low,Almost none of the completed works have received citizen/beneficiary feedback ratings. | The exact same rupee amount appears on 6 separate completed works. | 77% of expenditure is still an unpaid balance to vendors.,Check for templated/cookie-cutter billing rather than work-specific costing. | Confirm vendor payment schedule and reasons for outstanding dues. | Cross-check beneficiary feedback mechanism / conduct spot citizen verification.
AMRINDER SINGH RAJA WARRING,LUDHIANA,Punjab,Lok Sabha,147000000.0,93219872.0,34113487.0,63.41,59,242,24.38,59106385.0,329,326,3,,121.0,329.0,34113487.0,Garden Gym,13.46,3.82,9.42,0.91,51.0,59.0,-0.23192158410997238,0.0,40.68,100.0,44.07,1.0,10.0,0.911854103343465,39.03,173.26397914115316,26,13.4,31.7,24.4,Low,Almost none of the completed works have received citizen/beneficiary feedback ratings. | The exact same rupee amount appears on 10 separate completed works. | 173% of expenditure is still an unpaid balance to vendors.,Check for templated/cookie-cutter billing rather than work-specific costing. | Confirm vendor payment schedule and reasons for outstanding dues. | Cross-check beneficiary feedback mechanism / conduct spot citizen verification.
ATUL GARG,GHAZIABAD,Uttar Pradesh,Lok Sabha,155336470.0,72011362.0,42043789.0,46.36,36,77,46.75,29967573.0,49,43,6,,18.0,49.0,42043789.0,Mittal Generator,29.18,14.73,0.0,12.24,8.0,36.0,0.3863454165676477,1.0,44.44,100.0,0.0,1.0,1.0,12.244897959183673,0.0,71.27705117157733,18,28.1,22.0,24.4,Low,Almost none of the completed works have received citizen/beneficiary feedback ratings. | 71% of expenditure is still an unpaid balance to vendors.,Confirm vendor payment schedule and reasons for outstanding dues. | Cross-check beneficiary feedback mechanism / conduct spot citizen verification.
Shri Golla Baburao (2024-30),Sitting Rajya Sabha,Andhra Pradesh,Rajya Sabha,147000000.0,38518433.0,20341881.0,26.2,2,44,4.55,18176552.0,22,19,3,,11.0,22.0,20341881.0,C RAJA REDDY,23.13,15.11,13.64,13.64,5.0,2.0,0.44540515337686093,0.0,50.0,100.0,50.0,1.0,1.0,13.636363636363635,21.65,89.35531576455492,10,42.5,12.2,24.3,Low,89% of expenditure is still an unpaid balance to vendors.,Confirm vendor payment schedule and reasons for outstanding dues.
Smt. Darshana Singh (2022-28),Sitting Rajya Sabha,Uttar Pradesh,Rajya Sabha,196994373.87,176945852.0,174994106.0,89.82,31,47,65.96,1951746.0,133,132,1,,20.0,133.0,174994106.0,RAMJI CONSTRUCTION,28.65,15.0,5.26,0.75,24.0,31.0,3.8826126945916624,10.0,3.23,100.0,0.0,3.0,2.0,0.7518796992481203,23.86,1.1153209925824588,20,24.1,24.4,24.3,Low,Almost none of the completed works have received citizen/beneficiary feedback ratings. | 10 completed works cost far above the average for their work category (statistical outliers).,Compare quoted cost of outlier works with category benchmark / schedule of rates (SOR). | Cross-check beneficiary feedback mechanism / conduct spot citizen verification.
Manickam Tagore B,VIRUDHUNAGAR,Tamil Nadu,Lok Sabha,147000000.0,96301542.0,90165437.0,65.51,69,86,80.23,6136105.0,93,93,0,,51.0,93.0,90165437.0,Sathess kumar,7.54,3.26,11.83,0.0,9.0,69.0,0.5153022928599693,2.0,8.7,100.0,17.39,1.0,2.0,0.0,0.0,6.805384861607225,20,24.0,24.4,24.2,Low,Almost none of the completed works have received citizen/beneficiary feedback ratings. | 2 completed works cost far above the average for their work category (statistical outliers).,Compare quoted cost of outlier works with category benchmark / schedule of rates (SOR). | Cross-check beneficiary feedback mechanism / conduct spot citizen verification.
Mohamed Haneefa,LADAKH,Ladakh,Lok Sabha,161114542.0,54518000.0,6009392.0,33.84,0,55,0.0,48508608.0,8,8,0,,6.0,8.0,6009392.0,SML ISUZU LTD,34.51,20.79,37.5,0.0,1.0,0.0,0.0,0.0,0.0,0.0,0.0,0.0,0.0,0.0,33.84,807.2132422048686,10,41.6,12.2,24.0,Low,807% of expenditure is still an unpaid balance to vendors.,Confirm vendor payment schedule and reasons for outstanding dues.
Shri Raghav Chadha (2022-28),Sitting Rajya Sabha,Punjab,Rajya Sabha,237229207.25,44586378.0,35563356.0,18.79,4,6,66.67,9023022.0,35,34,1,,19.0,35.0,35563356.0,Brightway Contractor and Developers,59.27,39.32,0.0,2.86,5.0,4.0,1.201309976793433,1.0,25.0,100.0,0.0,2.0,1.0,2.857142857142857,0.0,25.371683144864054,8,45.0,9.8,23.9,Low,Almost none of the completed works have received citizen/beneficiary feedback ratings.,Cross-check beneficiary feedback mechanism / conduct spot citizen verification.
Shri R. Girirajan (2022-28),Sitting Rajya Sabha,Tamil Nadu,Rajya Sabha,236312242.52,180956439.0,165928789.0,76.58,151,221,68.33,15027650.0,191,190,1,,16.0,191.0,165928789.0,JF JAVID HUSSAIN,57.2,38.62,13.09,0.52,34.0,151.0,0.27641572033268375,1.0,55.63,100.0,9.27,1.0,13.0,0.5235602094240838,8.25,9.056686359592488,16,30.3,19.5,23.8,Low,Almost none of the completed works have received citizen/beneficiary feedback ratings. | The exact same rupee amount appears on 13 separate completed works.,Check for templated/cookie-cutter billing rather than work-specific costing. | Cross-check beneficiary feedback mechanism / conduct spot citizen verification.
Shri A. A. Rahim (2022-28),Sitting Rajya Sabha,Kerala,Rajya Sabha,220563957.11,118419424.0,56944903.0,53.69,17,75,22.67,61474521.0,37,36,1,,25.0,37.0,56944903.0,TATA MOTORS,16.97,7.37,0.0,2.7,1.0,17.0,0.9845458707877734,2.0,23.53,100.0,0.0,1.0,1.0,2.7027027027027026,31.019999999999996,107.95438706779427,30,4.7,36.6,23.8,Low,Almost none of the completed works have received citizen/beneficiary feedback ratings. | 2 completed works cost far above the average for their work category (statistical outliers). | 108% of expenditure is still an unpaid balance to vendors.,Compare quoted cost of outlier works with category benchmark / schedule of rates (SOR). | Confirm vendor payment schedule and reasons for outstanding dues. | Cross-check beneficiary feedback mechanism / conduct spot citizen verification.
Santosh Pandey,RAJNANDGAON,Chhattisgarh,Lok Sabha,147000000.0,86253260.0,62035049.0,58.68,72,177,40.68,24218211.0,251,244,7,,125.0,251.0,62035049.0,gagan book supplier,6.04,1.49,67.33,2.79,16.0,72.0,-0.04924816023066959,0.0,6.94,100.0,55.56,3.0,17.0,2.788844621513944,18.0,39.03956132927372,24,15.2,29.3,23.7,Low,Almost none of the completed works have received citizen/beneficiary feedback ratings. | 56% of completed works are billed in suspiciously round figures. | The exact same rupee amount appears on 17 separate completed works.,Ask for itemised cost estimates/bills rather than lump-sum round amounts. | Check for templated/cookie-cutter billing rather than work-specific costing. | Cross-check beneficiary feedback mechanism / conduct spot citizen verification.
RADHE SHYAM RATHIYA,RAIGARH,Chhattisgarh,Lok Sabha,159706972.09,97841529.0,80849803.0,61.26,72,138,52.17,16991726.0,213,209,4,,102.0,213.0,80849803.0,TRILOCHAN RAM YADAV,4.57,1.82,51.17,1.88,17.0,72.0,0.24052029221199053,0.0,23.61,100.0,25.0,9.0,10.0,1.8779342723004695,9.089999999999996,21.016409897745824,24,15.2,29.3,23.7,Low,Almost none of the completed works have received citizen/beneficiary feedback ratings. | The same work description text is reused 9 times. | The exact same rupee amount appears on 10 separate completed works.,Check for templated/cookie-cutter billing rather than work-specific costing. | Cross-check beneficiary feedback mechanism / conduct spot citizen verification. | Verify these are genuinely distinct works and not duplicate/split entries.
Shri Randeep Singh Surjewala (2022-28),Sitting Rajya Sabha,Rajasthan,Rajya Sabha,196063957.11,134181665.0,61282096.0,68.44,55,148,37.16,72899569.0,279,254,25,,193.0,279.0,61282096.0,SHARMA CONTRACTOR,4.88,2.08,8.6,8.96,38.0,55.0,0.18432018915531523,0.0,16.36,100.0,7.27,1.0,11.0,8.960573476702509,31.28,118.95736888633834,26,11.7,31.7,23.7,Low,Almost none of the completed works have received citizen/beneficiary feedback ratings. | The exact same rupee amount appears on 11 separate completed works. | 119% of expenditure is still an unpaid balance to vendors.,Check for templated/cookie-cutter billing rather than work-specific costing. | Confirm vendor payment schedule and reasons for outstanding dues. | Cross-check beneficiary feedback mechanism / conduct spot citizen verification.
Shri S Niranjan Reddy (2022-28),Sitting Rajya Sabha,Andhra Pradesh,Rajya Sabha,224621383.11,62802410.0,29522116.0,27.96,3,19,15.79,33280294.0,30,27,3,,11.0,30.0,29522116.0,IMMALRAJU VENKATASATYA NARAYANARAJU,20.02,11.87,6.67,10.0,3.0,3.0,1.471392553260449,1.0,33.33,100.0,0.0,1.0,1.0,10.0,12.170000000000002,112.73004279232559,18,26.3,22.0,23.7,Low,Almost none of the completed works have received citizen/beneficiary feedback ratings. | 113% of expenditure is still an unpaid balance to vendors.,Confirm vendor payment schedule and reasons for outstanding dues. | Cross-check beneficiary feedback mechanism / conduct spot citizen verification.
Dr. M. Dhanapal (2025-31),Sitting Rajya Sabha,Tamil Nadu,Rajya Sabha,89248285.42,47230393.0,23989964.0,52.92,27,51,52.94,23240429.0,34,34,0,,9.0,34.0,23989964.0,RAK INDUSTRIES,33.0,18.74,5.88,0.0,7.0,27.0,0.2034392524339904,0.0,0.0,100.0,0.0,1.0,9.0,0.0,0.0,96.87563099302692,26,11.5,31.7,23.6,Low,Almost none of the completed works have received citizen/beneficiary feedback ratings. | The exact same rupee amount appears on 9 separate completed works. | 97% of expenditure is still an unpaid balance to vendors.,Check for templated/cookie-cutter billing rather than work-specific costing. | Confirm vendor payment schedule and reasons for outstanding dues. | Cross-check beneficiary feedback mechanism / conduct spot citizen verification.
BHAJAN LAL JATAV,KARAULI-DHOLPUR,Rajasthan,Lok Sabha,147000000.0,40283911.0,7253086.0,27.4,11,54,20.37,33030825.0,139,139,0,,108.0,139.0,7253086.0,hariom interprizez,25.63,15.31,0.72,0.0,3.0,11.0,0.06311228628123512,0.0,45.45,100.0,9.09,1.0,1.0,0.0,7.029999999999998,455.4037412488974,18,25.8,22.0,23.5,Low,Almost none of the completed works have received citizen/beneficiary feedback ratings. | 455% of expenditure is still an unpaid balance to vendors.,Confirm vendor payment schedule and reasons for outstanding dues. | Cross-check beneficiary feedback mechanism / conduct spot citizen verification.
Rajeshbhai Naranbhai Chudasama,JUNAGADH,Gujarat,Lok Sabha,147000000.0,116252052.0,56040284.0,79.08,152,354,42.94,60211768.0,176,171,5,,161.0,176.0,56040284.0,PRUTHVI BUILDERS,2.59,0.76,17.61,2.84,6.0,152.0,-0.2262560623148838,0.0,1.32,100.0,19.74,1.0,14.0,2.840909090909091,36.14,107.44372387548928,26,10.9,31.7,23.4,Low,Almost none of the completed works have received citizen/beneficiary feedback ratings. | The exact same rupee amount appears on 14 separate completed works. | 107% of expenditure is still an unpaid balance to vendors.,Check for templated/cookie-cutter billing rather than work-specific costing. | Confirm vendor payment schedule and reasons for outstanding dues. | Cross-check beneficiary feedback mechanism / conduct spot citizen verification.
VIRENDRA SINGH,CHANDAULI,Uttar Pradesh,Lok Sabha,147000000.0,103143714.0,86345853.0,70.17,13,32,40.63,16797861.0,49,45,4,,13.0,49.0,86345853.0,Aaradhya Enterprises,22.85,15.77,6.12,8.16,9.0,13.0,4.033506911254671,5.0,0.0,100.0,7.69,1.0,1.0,8.16326530612245,29.54,19.454160699530064,20,22.0,24.4,23.4,Low,Almost none of the completed works have received citizen/beneficiary feedback ratings. | 5 completed works cost far above the average for their work category (statistical outliers).,Compare quoted cost of outlier works with category benchmark / schedule of rates (SOR). | Cross-check beneficiary feedback mechanism / conduct spot citizen verification.
SAYANI GHOSH,JADAVPUR,West Bengal,Lok Sabha,147000000.0,85269420.0,49785004.0,58.01,115,214,53.74,35484416.0,129,129,0,,44.0,129.0,49785004.0,JAYANTA ELECTRIC AND CO,14.22,5.65,8.53,0.0,22.0,115.0,-0.19232089473985364,0.0,11.3,100.0,7.83,1.0,28.0,0.0,4.269999999999996,71.27531013154082,26,10.8,31.7,23.3,Low,Almost none of the completed works have received citizen/beneficiary feedback ratings. | The exact same rupee amount appears on 28 separate completed works. | 71% of expenditure is still an unpaid balance to vendors.,Check for templated/cookie-cutter billing rather than work-specific costing. | Confirm vendor payment schedule and reasons for outstanding dues. | Cross-check beneficiary feedback mechanism / conduct spot citizen verification.
DARSHAN SINGH CHOUDHARY,HOSHANGABAD,Madhya Pradesh,Lok Sabha,147000000.0,69617611.0,30102552.0,47.36,49,459,10.68,39515059.0,315,303,12,,156.0,315.0,30102552.0,Punyashila Automobiles,16.42,3.5,45.71,3.81,27.0,49.0,-0.4269135888770745,0.0,2.04,100.0,6.12,1.0,40.0,3.8095238095238098,36.68,131.26813633608208,26,10.4,31.7,23.2,Low,Almost none of the completed works have received citizen/beneficiary feedback ratings. | The exact same rupee amount appears on 40 separate completed works. | 131% of expenditure is still an unpaid balance to vendors.,Check for templated/cookie-cutter billing rather than work-specific costing. | Confirm vendor payment schedule and reasons for outstanding dues. | Cross-check beneficiary feedback mechanism / conduct spot citizen verification.
Shri Anil Firojiya,UJJAIN,Madhya Pradesh,Lok Sabha,147000000.0,100035496.0,77471399.0,68.05,152,248,61.29,22564097.0,290,286,4,,90.0,290.0,77471399.0,NATIONAL ENGINEERING WORKS,13.38,3.58,52.07,1.38,21.0,152.0,-0.261453760848466,0.0,0.0,100.0,15.79,18.0,55.0,1.3793103448275863,6.759999999999998,29.12571257426241,24,13.8,29.3,23.1,Low,Almost none of the completed works have received citizen/beneficiary feedback ratings. | The same work description text is reused 18 times. | The exact same rupee amount appears on 55 separate completed works.,Check for templated/cookie-cutter billing rather than work-specific costing. | Cross-check beneficiary feedback mechanism / conduct spot citizen verification. | Verify these are genuinely distinct works and not duplicate/split entries.
JITAN RAM MANJHI,GAYA,Bihar,Lok Sabha,147000000.0,96708097.0,61586729.0,65.79,152,260,58.46,35121368.0,191,190,1,,7.0,191.0,61586729.0,ASSISTANT ENGINEER LAEO BODHGAYA VIDHAN SABHA,21.3,16.31,7.33,0.52,30.0,152.0,-0.2585143255407881,0.0,14.47,100.0,0.0,1.0,22.0,0.5235602094240838,7.330000000000005,57.027493699170165,26,10.3,31.7,23.1,Low,Almost none of the completed works have received citizen/beneficiary feedback ratings. | The exact same rupee amount appears on 22 separate completed works. | 57% of expenditure is still an unpaid balance to vendors.,Check for templated/cookie-cutter billing rather than work-specific costing. | Confirm vendor payment schedule and reasons for outstanding dues. | Cross-check beneficiary feedback mechanism / conduct spot citizen verification.
BHARTI PARDHI,BALAGHAT,Madhya Pradesh,Lok Sabha,154398389.01,103486443.0,92426127.0,67.03,80,169,47.34,11060316.0,491,485,6,,41.0,491.0,92426127.0,DEVESH KUMAR PATLE,43.28,24.97,4.28,1.22,45.0,80.0,0.010345044759181011,0.0,1.25,100.0,7.5,12.0,27.0,1.2219959266802443,19.689999999999998,11.966655272702274,24,13.6,29.3,23.0,Low,Almost none of the completed works have received citizen/beneficiary feedback ratings. | The same work description text is reused 12 times. | The exact same rupee amount appears on 27 separate completed works.,Check for templated/cookie-cutter billing rather than work-specific costing. | Cross-check beneficiary feedback mechanism / conduct spot citizen verification. | Verify these are genuinely distinct works and not duplicate/split entries.
KONDA VISHWESHWAR REDDY,CHELVELLA,Telangana,Lok Sabha,233721420.96,145225175.0,57338256.0,62.14,180,519,34.68,87886919.0,215,214,1,,74.0,215.0,57338256.0,Munavath Raju,10.13,3.56,6.98,0.47,43.0,180.0,-0.27406348367225924,0.0,37.22,100.0,8.33,1.0,31.0,0.46511627906976744,27.46,153.27797727227698,26,9.7,31.7,22.9,Low,Almost none of the completed works have received citizen/beneficiary feedback ratings. | The exact same rupee amount appears on 31 separate completed works. | 153% of expenditure is still an unpaid balance to vendors.,Check for templated/cookie-cutter billing rather than work-specific costing. | Confirm vendor payment schedule and reasons for outstanding dues. | Cross-check beneficiary feedback mechanism / conduct spot citizen verification.
Ms Mahua Moitra,KRISHNANAGAR,West Bengal,Lok Sabha,159865046.0,111302619.0,57382120.0,69.62,23,55,41.82,53920499.0,49,49,0,,32.0,49.0,57382120.0,PANKAJ SARKAR,21.55,8.87,0.0,0.0,2.0,23.0,0.5508709536186265,3.0,0.0,100.0,4.35,1.0,1.0,0.0,27.800000000000004,93.96742225627077,30,2.4,36.6,22.9,Low,Almost none of the completed works have received citizen/beneficiary feedback ratings. | 3 completed works cost far above the average for their work category (statistical outliers). | 94% of expenditure is still an unpaid balance to vendors.,Compare quoted cost of outlier works with category benchmark / schedule of rates (SOR). | Confirm vendor payment schedule and reasons for outstanding dues. | Cross-check beneficiary feedback mechanism / conduct spot citizen verification.
Shri Narendra Modi,VARANASI,Uttar Pradesh,Lok Sabha,162070276.11,102171252.0,89119541.0,63.04,192,216,88.89,13051711.0,192,155,37,,91.0,192.0,89119541.0,NEETU CONSTRUCTION,7.86,2.07,0.0,19.27,20.0,192.0,-0.07823554699247663,0.0,0.0,100.0,0.0,1.0,1.0,19.270833333333336,0.0,14.645173049084711,8,42.2,9.8,22.8,Low,Almost none of the completed works have received citizen/beneficiary feedback ratings.,Cross-check beneficiary feedback mechanism / conduct spot citizen verification.
GM Harish Balayogi,AMALAPURAM,Andhra Pradesh,Lok Sabha,147000000.0,94713343.0,54891857.0,64.43,41,108,37.96,39821486.0,68,66,2,,28.0,68.0,54891857.0,SRI SAI SAMHITA CONSTRUCTIONS,21.11,8.21,2.94,2.94,19.0,41.0,0.4722576854259961,2.0,0.0,100.0,2.44,1.0,1.0,2.941176470588235,26.470000000000006,72.54534310981681,30,2.1,36.6,22.8,Low,Almost none of the completed works have received citizen/beneficiary feedback ratings. | 2 completed works cost far above the average for their work category (statistical outliers). | 73% of expenditure is still an unpaid balance to vendors.,Compare quoted cost of outlier works with category benchmark / schedule of rates (SOR). | Confirm vendor payment schedule and reasons for outstanding dues. | Cross-check beneficiary feedback mechanism / conduct spot citizen verification.
Khagen Murmu,MALDAHA UTTAR,West Bengal,Lok Sabha,147000000.0,41221118.0,6003169.0,28.04,7,38,18.42,35217949.0,7,7,0,,4.0,7.0,6003169.0,VENTURE SPECTACULAR,37.29,27.91,0.0,0.0,1.0,7.0,0.306804697377497,0.0,0.0,100.0,0.0,1.0,2.0,0.0,9.619999999999997,586.6559645413947,18,23.9,22.0,22.8,Low,Almost none of the completed works have received citizen/beneficiary feedback ratings. | 587% of expenditure is still an unpaid balance to vendors.,Confirm vendor payment schedule and reasons for outstanding dues. | Cross-check beneficiary feedback mechanism / conduct spot citizen verification.
Jitendra Singh,UDHAMPUR,Jammu And Kashmir,Lok Sabha,147000000.0,102965673.0,48296699.0,70.04,187,326,57.36,54668974.0,221,221,0,,127.0,221.0,48296699.0,Vikram Enterprises,16.25,4.42,10.86,0.0,23.0,187.0,-0.30660492915537035,1.0,3.74,100.0,2.14,1.0,5.0,0.0,12.680000000000007,113.19401766982047,26,9.0,31.7,22.6,Low,Almost none of the completed works have received citizen/beneficiary feedback ratings. | The exact same rupee amount appears on 5 separate completed works. | 113% of expenditure is still an unpaid balance to vendors.,Check for templated/cookie-cutter billing rather than work-specific costing. | Confirm vendor payment schedule and reasons for outstanding dues. | Cross-check beneficiary feedback mechanism / conduct spot citizen verification.
CAPTAIN BRIJESH CHOWTA,DAKSHINA KANNADA,Karnataka,Lok Sabha,147000000.0,95117059.0,52228767.0,64.71,75,206,36.41,42888292.0,108,95,13,,61.0,108.0,52228767.0,D K NIRMITHI KENDRA,9.76,3.3,7.41,12.04,13.0,75.0,-0.12628248428884759,0.0,5.33,100.0,4.0,1.0,4.0,12.037037037037036,28.299999999999997,82.1162253361256,26,8.9,31.7,22.6,Low,Almost none of the completed works have received citizen/beneficiary feedback ratings. | The exact same rupee amount appears on 4 separate completed works. | 82% of expenditure is still an unpaid balance to vendors.,Check for templated/cookie-cutter billing rather than work-specific costing. | Confirm vendor payment schedule and reasons for outstanding dues. | Cross-check beneficiary feedback mechanism / conduct spot citizen verification.
TOKHAN SAHU,BILASPUR,Chhattisgarh,Lok Sabha,147000000.0,101855274.0,55824852.0,69.29,41,131,31.3,46030422.0,158,152,6,,94.0,158.0,55824852.0,RAJKUMAR TIWARI,5.68,1.81,71.52,3.8,5.0,41.0,0.05203098137914557,0.0,31.71,100.0,39.02,1.0,12.0,3.79746835443038,37.99000000000001,82.45507216033461,26,8.8,31.7,22.5,Low,Almost none of the completed works have received citizen/beneficiary feedback ratings. | The exact same rupee amount appears on 12 separate completed works. | 82% of expenditure is still an unpaid balance to vendors.,Check for templated/cookie-cutter billing rather than work-specific costing. | Confirm vendor payment schedule and reasons for outstanding dues. | Cross-check beneficiary feedback mechanism / conduct spot citizen verification.
SMITA UDAY WAGH,JALGAON,Maharashtra,Lok Sabha,148107373.11,16031266.0,14030677.0,10.82,9,10,90.0,2000589.0,9,9,0,,8.0,9.0,14030677.0,GURUDATTA GAWANDI KAMGAR MAJOOR SAHAKARI SOCIETY LIMITED,28.5,18.07,0.0,0.0,0.0,9.0,0.9932145409238813,1.0,0.0,100.0,0.0,1.0,1.0,0.0,0.0,14.258677610495916,8,41.5,9.8,22.5,Low,Almost none of the completed works have received citizen/beneficiary feedback ratings.,Cross-check beneficiary feedback mechanism / conduct spot citizen verification.
TRIVENDRA SINGH RAWAT,HARDWAR,Uttarakhand,Lok Sabha,147000000.0,37111003.0,9309458.0,25.25,3,44,6.82,27801545.0,16,16,0,,13.0,16.0,9309458.0,VINDHYA SOLAR AND LIGHTING SOLUTIONS,21.3,13.01,6.25,0.0,0.0,3.0,-0.10933671258278095,0.0,0.0,100.0,33.33,1.0,1.0,0.0,18.43,298.6376328245962,18,23.1,22.0,22.4,Low,Almost none of the completed works have received citizen/beneficiary feedback ratings. | 299% of expenditure is still an unpaid balance to vendors.,Confirm vendor payment schedule and reasons for outstanding dues. | Cross-check beneficiary feedback mechanism / conduct spot citizen verification.
Yogendra Chandoliya,NORTH WEST DELHI,Delhi,Lok Sabha,147876307.0,46097107.0,12505354.0,31.17,11,59,18.64,33591753.0,16,14,2,,8.0,16.0,12505354.0,MASTER ELECTRIC STORE,29.84,17.51,0.0,12.5,5.0,11.0,0.3770307142607971,1.0,0.0,100.0,0.0,1.0,1.0,12.5,12.530000000000001,268.6189691231452,18,23.1,22.0,22.4,Low,Almost none of the completed works have received citizen/beneficiary feedback ratings. | 269% of expenditure is still an unpaid balance to vendors.,Confirm vendor payment schedule and reasons for outstanding dues. | Cross-check beneficiary feedback mechanism / conduct spot citizen verification.
Smt Sajda Ahmed,ULUBERIA,West Bengal,Lok Sabha,147000000.0,94947352.0,47622814.0,64.59,92,174,52.87,47324538.0,113,109,4,,63.0,113.0,47622814.0,MONIMOY SINGHA ROY,14.54,4.17,3.54,3.54,8.0,92.0,-0.05976419558434448,1.0,8.7,100.0,6.52,1.0,5.0,3.5398230088495577,11.720000000000006,99.37366993894985,26,8.5,31.7,22.4,Low,Almost none of the completed works have received citizen/beneficiary feedback ratings. | The exact same rupee amount appears on 5 separate completed works. | 99% of expenditure is still an unpaid balance to vendors.,Check for templated/cookie-cutter billing rather than work-specific costing. | Confirm vendor payment schedule and reasons for outstanding dues. | Cross-check beneficiary feedback mechanism / conduct spot citizen verification.
Devendra Alias Bhole Singh,AKBARPUR,Uttar Pradesh,Lok Sabha,147000000.0,110013145.0,62000186.0,74.84,62,148,41.89,48012959.0,98,98,0,,10.0,98.0,62000186.0,Ms GANPATI CONSTRUCTIONS,52.44,30.67,0.0,0.0,12.0,62.0,0.13637320090872296,1.0,29.03,100.0,0.0,1.0,6.0,0.0,32.95,77.44002413154051,26,7.8,31.7,22.1,Low,Almost none of the completed works have received citizen/beneficiary feedback ratings. | The exact same rupee amount appears on 6 separate completed works. | 77% of expenditure is still an unpaid balance to vendors.,Check for templated/cookie-cutter billing rather than work-specific costing. | Confirm vendor payment schedule and reasons for outstanding dues. | Cross-check beneficiary feedback mechanism / conduct spot citizen verification.
Om Birla,KOTA,Rajasthan,Lok Sabha,163906956.6,50463952.0,28500390.0,30.79,15,61,24.59,21963562.0,91,90,1,,60.0,91.0,28500390.0,MUNDRA AUTOMOBILES PRIVATE LIMITED,12.14,4.66,2.2,1.1,13.0,15.0,0.2560228638330439,0.0,46.67,100.0,13.33,1.0,2.0,1.098901098901099,6.199999999999999,77.06407526353148,18,22.2,22.0,22.1,Low,Almost none of the completed works have received citizen/beneficiary feedback ratings. | 77% of expenditure is still an unpaid balance to vendors.,Confirm vendor payment schedule and reasons for outstanding dues. | Cross-check beneficiary feedback mechanism / conduct spot citizen verification.
Ajay Kumar Mandal,BHAGALPUR,Bihar,Lok Sabha,147000000.0,82721490.0,75252620.0,56.27,57,74,77.03,7468870.0,71,71,0,,7.0,71.0,75252620.0,SHIV DURGA INDUSTRIES,56.35,36.53,0.0,0.0,8.0,57.0,0.46711202398514207,0.0,17.54,100.0,0.0,1.0,19.0,0.0,0.0,9.925063074215888,16,25.7,19.5,22.0,Low,Almost none of the completed works have received citizen/beneficiary feedback ratings. | The exact same rupee amount appears on 19 separate completed works.,Check for templated/cookie-cutter billing rather than work-specific costing. | Cross-check beneficiary feedback mechanism / conduct spot citizen verification.
CN Annadurai,TIRUVANNAMALAI,Tamil Nadu,Lok Sabha,148579509.11,98733161.0,88000808.0,66.45,171,194,88.14,10732353.0,181,181,0,,61.0,181.0,88000808.0,T S SOLAR POWER SYSTEM,40.63,17.93,15.47,0.0,29.0,171.0,-0.07586296647056297,0.0,25.15,100.0,14.62,1.0,48.0,0.0,0.0,12.195743702716912,16,25.8,19.5,22.0,Low,Almost none of the completed works have received citizen/beneficiary feedback ratings. | The exact same rupee amount appears on 48 separate completed works.,Check for templated/cookie-cutter billing rather than work-specific costing. | Cross-check beneficiary feedback mechanism / conduct spot citizen verification.
RAMESH AWASTHI,KANPUR,Uttar Pradesh,Lok Sabha,147000000.0,101288419.0,75758324.0,68.9,48,140,34.29,25530095.0,98,98,0,,7.0,98.0,75758324.0,VISHWANATH ENTERPRISES,36.54,27.68,0.0,0.0,12.0,48.0,0.48475364508724966,5.0,10.42,100.0,0.0,1.0,8.0,0.0,34.61000000000001,33.69939255783959,28,3.4,34.1,21.8,Low,Almost none of the completed works have received citizen/beneficiary feedback ratings. | 5 completed works cost far above the average for their work category (statistical outliers). | The exact same rupee amount appears on 8 separate completed works.,Check for templated/cookie-cutter billing rather than work-specific costing. | Compare quoted cost of outlier works with category benchmark / schedule of rates (SOR). | Cross-check beneficiary feedback mechanism / conduct spot citizen verification.
MUKESHKUMAR CHANDRAKAANT DALAL,SURAT,Gujarat,Lok Sabha,147000000.0,111944052.0,26395724.0,76.15,92,215,42.79,85548328.0,112,112,0,,28.0,112.0,26395724.0,Nutra Marketing,14.01,9.02,20.54,0.0,15.0,92.0,-0.28871666232285514,0.0,1.09,100.0,7.61,1.0,12.0,0.0,33.36000000000001,324.0991912174866,26,6.9,31.7,21.8,Low,Almost none of the completed works have received citizen/beneficiary feedback ratings. | The exact same rupee amount appears on 12 separate completed works. | 324% of expenditure is still an unpaid balance to vendors.,Check for templated/cookie-cutter billing rather than work-specific costing. | Confirm vendor payment schedule and reasons for outstanding dues. | Cross-check beneficiary feedback mechanism / conduct spot citizen verification.
Shri vijayakumar Vasanth,KANNIYAKUMARI,Tamil Nadu,Lok Sabha,171500000.0,118368762.0,61773452.0,69.02,39,101,38.61,56595310.0,67,65,2,,29.0,67.0,61773452.0,R CHANDRASEKARAN,29.13,11.82,20.9,2.99,6.0,39.0,0.3110852013567146,0.0,38.46,100.0,20.51,1.0,17.0,2.9850746268656714,30.409999999999997,91.61752851370521,26,6.7,31.7,21.7,Low,Almost none of the completed works have received citizen/beneficiary feedback ratings. | The exact same rupee amount appears on 17 separate completed works. | 92% of expenditure is still an unpaid balance to vendors.,Check for templated/cookie-cutter billing rather than work-specific costing. | Confirm vendor payment schedule and reasons for outstanding dues. | Cross-check beneficiary feedback mechanism / conduct spot citizen verification.
Pradan Baruah,LAKHIMPUR,Assam,Lok Sabha,147000000.0,80049800.0,57613604.0,54.46,33,148,22.3,22436196.0,181,175,6,,43.0,181.0,57613604.0,UJJAL SAIKIA,17.17,5.73,16.57,3.31,19.0,33.0,-0.03617107337133972,0.0,18.18,100.0,51.52,1.0,10.0,3.314917127071823,32.16,38.94253169789552,24,10.1,29.3,21.6,Low,Almost none of the completed works have received citizen/beneficiary feedback ratings. | 52% of completed works are billed in suspiciously round figures. | The exact same rupee amount appears on 10 separate completed works.,Ask for itemised cost estimates/bills rather than lump-sum round amounts. | Check for templated/cookie-cutter billing rather than work-specific costing. | Cross-check beneficiary feedback mechanism / conduct spot citizen verification.
KADIYAM KAVYA,WARANGEL,Telangana,Lok Sabha,147000000.0,88497843.0,27189421.0,60.2,53,214,24.77,61308422.0,73,73,0,,46.0,73.0,27189421.0,KEDARINATH PROJECTS,7.35,3.53,5.48,0.0,10.0,53.0,-0.2244599171197448,0.0,43.4,100.0,5.66,1.0,4.0,0.0,35.43000000000001,225.48630954664316,26,6.5,31.7,21.6,Low,Almost none of the completed works have received citizen/beneficiary feedback ratings. | The exact same rupee amount appears on 4 separate completed works. | 225% of expenditure is still an unpaid balance to vendors.,Check for templated/cookie-cutter billing rather than work-specific costing. | Confirm vendor payment schedule and reasons for outstanding dues. | Cross-check beneficiary feedback mechanism / conduct spot citizen verification.
Kalyan Banerjee,SREERAMPUR,West Bengal,Lok Sabha,147000000.0,95384010.0,76719145.0,64.89,84,119,70.59,18664865.0,110,110,0,,82.0,110.0,76719145.0,Sushanta Dutta,6.64,2.46,0.91,0.0,2.0,84.0,0.1604643312718657,3.0,0.0,100.0,1.19,1.0,1.0,0.0,0.0,24.328823007607813,20,17.1,24.4,21.5,Low,Almost none of the completed works have received citizen/beneficiary feedback ratings. | 3 completed works cost far above the average for their work category (statistical outliers).,Compare quoted cost of outlier works with category benchmark / schedule of rates (SOR). | Cross-check beneficiary feedback mechanism / conduct spot citizen verification.
Adv Dean Kuriakose,IDUKKI,Kerala,Lok Sabha,147000000.0,129898384.0,58754261.0,88.37,95,189,50.26,71144123.0,116,114,2,,35.0,116.0,58754261.0,KALLOOR ELECTRONICS AND  LIGHTING PVT LTD,23.23,13.03,1.72,1.72,18.0,95.0,-0.01510700399441374,1.0,16.84,100.0,5.26,1.0,46.0,1.7241379310344827,38.11000000000001,121.08759737442702,26,6.2,31.7,21.5,Low,Almost none of the completed works have received citizen/beneficiary feedback ratings. | The exact same rupee amount appears on 46 separate completed works. | 121% of expenditure is still an unpaid balance to vendors.,Check for templated/cookie-cutter billing rather than work-specific costing. | Confirm vendor payment schedule and reasons for outstanding dues. | Cross-check beneficiary feedback mechanism / conduct spot citizen verification.
NARAYAN TATU RANE,RATNAGIRI-SINDHUDURG,Maharashtra,Lok Sabha,147000000.0,88763191.0,22993974.0,60.38,25,96,26.04,65769217.0,39,39,0,,26.0,39.0,22993974.0,Manoj Madhukar Waingankar,13.18,5.85,46.15,0.0,5.0,25.0,0.15336201021396176,0.0,28.0,100.0,24.0,1.0,4.0,0.0,34.34,286.0280567421708,26,6.1,31.7,21.5,Low,Almost none of the completed works have received citizen/beneficiary feedback ratings. | The exact same rupee amount appears on 4 separate completed works. | 286% of expenditure is still an unpaid balance to vendors.,Check for templated/cookie-cutter billing rather than work-specific costing. | Confirm vendor payment schedule and reasons for outstanding dues. | Cross-check beneficiary feedback mechanism / conduct spot citizen verification.
Shri R. Dharmar (2022-28),Sitting Rajya Sabha,Tamil Nadu,Rajya Sabha,260812242.52,259234270.0,207877791.0,99.39,193,244,79.1,51356479.0,198,198,0,,19.0,198.0,207877791.0,LUCKY ASSOCIATES,36.43,23.14,1.52,0.0,39.0,193.0,0.5165542851811555,1.0,41.45,100.0,1.55,3.0,11.0,0.0,20.290000000000006,24.705130236832275,16,24.1,19.5,21.3,Low,Almost none of the completed works have received citizen/beneficiary feedback ratings. | The exact same rupee amount appears on 11 separate completed works.,Check for templated/cookie-cutter billing rather than work-specific costing. | Cross-check beneficiary feedback mechanism / conduct spot citizen verification.
Parvatagouda Chandanagouda Gaddigoudar,BAGALKOT,Karnataka,Lok Sabha,167541747.11,119890438.0,64488186.0,71.56,92,225,40.89,55402252.0,237,232,5,,96.0,237.0,64488186.0,Chairman Nirmithi Kendra Bagalkot,9.11,2.11,3.8,2.11,17.0,92.0,-0.10803897470689276,0.0,2.17,100.0,26.09,1.0,23.0,2.109704641350211,30.67,85.91069998464525,26,5.7,31.7,21.3,Low,Almost none of the completed works have received citizen/beneficiary feedback ratings. | The exact same rupee amount appears on 23 separate completed works. | 86% of expenditure is still an unpaid balance to vendors.,Check for templated/cookie-cutter billing rather than work-specific costing. | Confirm vendor payment schedule and reasons for outstanding dues. | Cross-check beneficiary feedback mechanism / conduct spot citizen verification.
Raju Bista,DARJEELING,West Bengal,Lok Sabha,147000000.0,101800825.0,43617451.0,69.25,82,169,48.52,58183374.0,92,92,0,,65.0,92.0,43617451.0,Soumita Enterprise,12.22,2.93,4.35,0.0,7.0,82.0,-0.07808978634343632,0.0,0.0,100.0,4.88,1.0,6.0,0.0,20.729999999999997,133.39471396437176,26,5.8,31.7,21.3,Low,Almost none of the completed works have received citizen/beneficiary feedback ratings. | The exact same rupee amount appears on 6 separate completed works. | 133% of expenditure is still an unpaid balance to vendors.,Check for templated/cookie-cutter billing rather than work-specific costing. | Confirm vendor payment schedule and reasons for outstanding dues. | Cross-check beneficiary feedback mechanism / conduct spot citizen verification.
Shri Janardan Singh Sigriwal,MAHARAJGANJ,Bihar,Lok Sabha,147000000.0,86339856.0,47230253.0,58.73,27,74,36.49,39109603.0,45,44,1,,28.0,45.0,47230253.0,Lokbharti Prakashan,25.41,9.07,13.33,2.22,4.0,27.0,0.5925133304892994,0.0,0.0,100.0,22.22,1.0,6.0,2.2222222222222223,22.239999999999995,82.80625344098834,26,5.6,31.7,21.3,Low,Almost none of the completed works have received citizen/beneficiary feedback ratings. | The exact same rupee amount appears on 6 separate completed works. | 83% of expenditure is still an unpaid balance to vendors.,Check for templated/cookie-cutter billing rather than work-specific costing. | Confirm vendor payment schedule and reasons for outstanding dues. | Cross-check beneficiary feedback mechanism / conduct spot citizen verification.
VAMSI KRISHNA GADDAM,PEDDAPALLE,Telangana,Lok Sabha,148451721.11,45914779.0,16373473.0,30.93,9,71,12.68,29541306.0,22,22,0,,13.0,22.0,16373473.0,SVR CONSTRUCTIONS,34.71,22.61,4.55,0.0,6.0,9.0,0.23410891593127214,1.0,44.44,100.0,11.11,1.0,2.0,0.0,18.25,180.4217468096109,18,19.9,22.0,21.2,Low,Almost none of the completed works have received citizen/beneficiary feedback ratings. | 180% of expenditure is still an unpaid balance to vendors.,Confirm vendor payment schedule and reasons for outstanding dues. | Cross-check beneficiary feedback mechanism / conduct spot citizen verification.
Smt. Rajathi (2025-31),Sitting Rajya Sabha,Tamil Nadu,Rajya Sabha,89248285.42,59000000.0,21237106.0,66.11,16,55,29.09,37762894.0,23,21,2,,10.0,23.0,21237106.0,P RAMAR PANDI,38.11,20.85,13.04,8.7,6.0,16.0,0.07916989376036783,0.0,0.0,100.0,0.0,1.0,16.0,8.695652173913043,37.019999999999996,177.81563081146743,26,5.4,31.7,21.2,Low,Almost none of the completed works have received citizen/beneficiary feedback ratings. | The exact same rupee amount appears on 16 separate completed works. | 178% of expenditure is still an unpaid balance to vendors.,Check for templated/cookie-cutter billing rather than work-specific costing. | Confirm vendor payment schedule and reasons for outstanding dues. | Cross-check beneficiary feedback mechanism / conduct spot citizen verification.
Shyamkumar,RAMTEK,Maharashtra,Lok Sabha,147000000.0,37600000.0,5141086.0,25.58,1,34,2.94,32458914.0,6,5,1,,6.0,6.0,5141086.0,GRAMPANCHAYAT LOHDONGRI,23.11,18.26,0.0,16.67,0.0,1.0,0.42782477654654777,0.0,0.0,100.0,0.0,1.0,1.0,16.666666666666664,22.639999999999997,631.362984396682,10,34.1,12.2,21.0,Low,631% of expenditure is still an unpaid balance to vendors.,Confirm vendor payment schedule and reasons for outstanding dues.
IQRA CHOUDHARY,KAIRANA,Uttar Pradesh,Lok Sabha,147000000.0,77323182.0,50723960.0,52.6,45,92,48.91,26599222.0,62,55,7,,9.0,62.0,50723960.0,M S TRADERS,38.54,23.38,0.0,11.29,15.0,45.0,0.36540804752621214,0.0,11.11,100.0,0.0,1.0,1.0,11.29032258064516,3.690000000000005,52.43916681584009,18,19.3,22.0,20.9,Low,Almost none of the completed works have received citizen/beneficiary feedback ratings. | 52% of expenditure is still an unpaid balance to vendors.,Confirm vendor payment schedule and reasons for outstanding dues. | Cross-check beneficiary feedback mechanism / conduct spot citizen verification.
GOPINATH K,KRISHNAGIRI,Tamil Nadu,Lok Sabha,147000000.0,87039009.0,42753233.0,59.21,36,96,37.5,44285776.0,57,57,0,,15.0,57.0,42753233.0,Sri Vaari Total Gaz Distributors,38.91,19.06,1.75,0.0,15.0,36.0,0.21625116710775105,0.0,0.0,100.0,2.78,1.0,4.0,0.0,21.71,103.58462481656065,26,4.2,31.7,20.7,Low,Almost none of the completed works have received citizen/beneficiary feedback ratings. | The exact same rupee amount appears on 4 separate completed works. | 104% of expenditure is still an unpaid balance to vendors.,Check for templated/cookie-cutter billing rather than work-specific costing. | Confirm vendor payment schedule and reasons for outstanding dues. | Cross-check beneficiary feedback mechanism / conduct spot citizen verification.
Sivanath Kesineni,VIJAYAWADA,Andhra Pradesh,Lok Sabha,147000000.0,58354032.0,6329561.0,39.7,1,29,3.45,52024471.0,3,3,0,,3.0,3.0,6329561.0,Power Solutions,51.98,38.62,0.0,0.0,0.0,1.0,2.6873624411393897,1.0,0.0,100.0,0.0,1.0,1.0,0.0,36.25,821.9285824087958,10,33.4,12.2,20.7,Low,822% of expenditure is still an unpaid balance to vendors.,Confirm vendor payment schedule and reasons for outstanding dues.
KAMLESH JANGDE,JANJGIR CHAMPA,Chhattisgarh,Lok Sabha,150384382.11,114661679.0,99411941.0,76.25,254,344,73.84,15249738.0,602,596,6,,76.0,602.0,99411941.0,Abhishek Enterprises,15.52,4.53,52.99,1.0,28.0,254.0,-0.22941360153095464,0.0,1.97,100.0,42.13,3.0,59.0,0.9966777408637874,2.4099999999999966,15.339945932652094,16,22.5,19.5,20.7,Low,Almost none of the completed works have received citizen/beneficiary feedback ratings. | The exact same rupee amount appears on 59 separate completed works.,Check for templated/cookie-cutter billing rather than work-specific costing. | Cross-check beneficiary feedback mechanism / conduct spot citizen verification.
Shri Lahar Singh Siroya (2022-28),Sitting Rajya Sabha,Karnataka,Rajya Sabha,206278088.11,50804659.0,9964305.0,24.63,2,20,10.0,40840354.0,8,8,0,,5.0,8.0,9964305.0,YASHODA R,49.93,33.98,12.5,0.0,0.0,2.0,0.44502640726205417,0.0,0.0,100.0,50.0,1.0,1.0,0.0,14.629999999999999,409.86655868121255,10,33.4,12.2,20.7,Low,410% of expenditure is still an unpaid balance to vendors.,Confirm vendor payment schedule and reasons for outstanding dues.
K. RAJASHEKAR BASAVARAJ HITNAL,KOPPAL,Karnataka,Lok Sabha,147000000.0,105810099.0,66577182.0,71.98,67,193,34.72,39232917.0,200,200,0,,46.0,200.0,66577182.0,KRIDL BHUSIRI ACCOUNT WORKS,29.4,10.65,20.5,0.0,31.0,67.0,0.009356732125068509,0.0,0.0,100.0,17.91,1.0,4.0,0.0,37.260000000000005,58.928473422020176,26,4.3,31.7,20.7,Low,Almost none of the completed works have received citizen/beneficiary feedback ratings. | The exact same rupee amount appears on 4 separate completed works. | 59% of expenditure is still an unpaid balance to vendors.,Check for templated/cookie-cutter billing rather than work-specific costing. | Confirm vendor payment schedule and reasons for outstanding dues. | Cross-check beneficiary feedback mechanism / conduct spot citizen verification.
BAG MITALI,ARAMBAG,West Bengal,Lok Sabha,147000000.0,108701505.0,53162451.0,73.95,90,186,48.39,55539054.0,100,96,4,,24.0,100.0,53162451.0,SN ENTERPRISE,21.27,8.87,3.0,4.0,18.0,90.0,-0.04555053852327496,0.0,0.0,100.0,2.22,1.0,17.0,4.0,25.560000000000002,104.47045415569723,26,4.2,31.7,20.7,Low,Almost none of the completed works have received citizen/beneficiary feedback ratings. | The exact same rupee amount appears on 17 separate completed works. | 104% of expenditure is still an unpaid balance to vendors.,Check for templated/cookie-cutter billing rather than work-specific costing. | Confirm vendor payment schedule and reasons for outstanding dues. | Cross-check beneficiary feedback mechanism / conduct spot citizen verification.
JITIN PRASADA,PILIBHIT,Uttar Pradesh,Lok Sabha,147000000.0,80889964.0,41842816.0,55.03,22,59,37.29,39047148.0,106,104,2,,12.0,106.0,41842816.0,INDRA JEET VERMA,17.15,10.71,0.0,1.89,16.0,22.0,-0.19092742189864548,0.0,0.0,100.0,0.0,0.0,7.0,1.8867924528301887,17.740000000000002,93.31864279880206,26,3.9,31.7,20.6,Low,Almost none of the completed works have received citizen/beneficiary feedback ratings. | The exact same rupee amount appears on 7 separate completed works. | 93% of expenditure is still an unpaid balance to vendors.,Check for templated/cookie-cutter billing rather than work-specific costing. | Confirm vendor payment schedule and reasons for outstanding dues. | Cross-check beneficiary feedback mechanism / conduct spot citizen verification.
S Venkatesan,MADURAI,Tamil Nadu,Lok Sabha,147000000.0,86773440.0,50415867.0,59.03,46,127,36.22,36357573.0,73,71,2,,35.0,73.0,50415867.0,N K MARI,10.5,4.67,1.37,2.74,9.0,46.0,0.019893020572867574,0.0,0.0,100.0,2.17,1.0,4.0,2.73972602739726,22.810000000000002,72.11533821286858,26,3.6,31.7,20.5,Low,Almost none of the completed works have received citizen/beneficiary feedback ratings. | The exact same rupee amount appears on 4 separate completed works. | 72% of expenditure is still an unpaid balance to vendors.,Check for templated/cookie-cutter billing rather than work-specific costing. | Confirm vendor payment schedule and reasons for outstanding dues. | Cross-check beneficiary feedback mechanism / conduct spot citizen verification.
Shri Rajib Bhattacharjee (2024-28),Sitting Rajya Sabha,Tripura,Rajya Sabha,122500000.0,84649344.0,34210580.0,69.1,18,58,31.03,50438764.0,39,37,2,,20.0,39.0,34210580.0,Jain Udyog,13.29,7.25,7.69,5.13,5.0,18.0,0.520539650763932,0.0,0.0,100.0,11.11,1.0,4.0,5.128205128205128,38.06999999999999,147.43615571557103,26,3.5,31.7,20.4,Low,Almost none of the completed works have received citizen/beneficiary feedback ratings. | The exact same rupee amount appears on 4 separate completed works. | 147% of expenditure is still an unpaid balance to vendors.,Check for templated/cookie-cutter billing rather than work-specific costing. | Confirm vendor payment schedule and reasons for outstanding dues. | Cross-check beneficiary feedback mechanism / conduct spot citizen verification.
MOHIBBULLAH,RAMPUR,Uttar Pradesh,Lok Sabha,147000000.0,78883489.0,74744421.0,53.66,219,336,65.18,4139068.0,344,344,0,,4.0,344.0,74744421.0,AL ARQAM ENTERPRISES,43.01,32.88,0.0,0.0,24.0,219.0,-0.27940840268180667,1.0,10.5,100.0,0.0,2.0,123.0,0.0,0.0,5.537628019086535,16,21.7,19.5,20.4,Low,Almost none of the completed works have received citizen/beneficiary feedback ratings. | The exact same rupee amount appears on 123 separate completed works.,Check for templated/cookie-cutter billing rather than work-specific costing. | Cross-check beneficiary feedback mechanism / conduct spot citizen verification.
Dr Sukanta Majumdar,BALURGHAT,West Bengal,Lok Sabha,157085364.9,85690601.8,26156776.0,54.55,33,186,17.74,59533825.8,51,51,0,,10.0,51.0,26156776.0,BOND CONSTRUCTION,36.21,22.09,1.96,0.0,11.0,33.0,-0.04957430648306607,0.0,0.0,100.0,3.03,1.0,5.0,0.0,36.81,227.603836956053,26,3.5,31.7,20.4,Low,Almost none of the completed works have received citizen/beneficiary feedback ratings. | The exact same rupee amount appears on 5 separate completed works. | 228% of expenditure is still an unpaid balance to vendors.,Check for templated/cookie-cutter billing rather than work-specific costing. | Confirm vendor payment schedule and reasons for outstanding dues. | Cross-check beneficiary feedback mechanism / conduct spot citizen verification.
Andimuthu Raja,NILGIRIS,Tamil Nadu,Lok Sabha,147000000.0,94783219.0,71485310.0,64.48,73,114,64.04,23297909.0,87,87,0,,61.0,87.0,71485310.0,C Chithambaram,7.69,2.67,32.18,0.0,8.0,73.0,0.23198139592803205,0.0,43.84,100.0,26.03,1.0,5.0,0.0,0.4399999999999977,32.591184118807064,16,21.3,19.5,20.2,Low,Almost none of the completed works have received citizen/beneficiary feedback ratings. | The exact same rupee amount appears on 5 separate completed works.,Check for templated/cookie-cutter billing rather than work-specific costing. | Cross-check beneficiary feedback mechanism / conduct spot citizen verification.
NAVEEN JINDAL,KURUKSHETRA,Haryana,Lok Sabha,147000000.0,82874956.0,61262363.0,56.38,118,200,59.0,21612593.0,257,255,2,,115.0,257.0,61262363.0,THE KAUSHIK CO OP L AND C SOCITY PABNAWA,4.59,1.73,1.95,0.78,39.0,118.0,-0.2511496327003902,0.0,16.1,100.0,3.39,6.0,2.0,0.7782101167315175,0.0,35.27874528770625,16,21.2,19.5,20.2,Low,Almost none of the completed works have received citizen/beneficiary feedback ratings. | The same work description text is reused 6 times.,Cross-check beneficiary feedback mechanism / conduct spot citizen verification. | Verify these are genuinely distinct works and not duplicate/split entries.
Ravi Shankar Prasad,PATNA SAHIB,Bihar,Lok Sabha,147000000.0,70305274.0,56647683.0,47.83,60,85,70.59,13657591.0,66,66,0,,6.0,66.0,56647683.0,ASSISTANT ENGINEER DIGHA,45.95,30.06,0.0,0.0,14.0,60.0,0.30690254361907965,0.0,0.0,100.0,0.0,1.0,4.0,0.0,0.0,24.109708070496016,16,21.0,19.5,20.1,Low,Almost none of the completed works have received citizen/beneficiary feedback ratings. | The exact same rupee amount appears on 4 separate completed works.,Check for templated/cookie-cutter billing rather than work-specific costing. | Cross-check beneficiary feedback mechanism / conduct spot citizen verification.
BALRAM NAIK PORIKA,MAHABUBABAD,Telangana,Lok Sabha,147000000.0,98090650.0,72320239.0,66.73,238,359,66.3,25770411.0,292,292,0,,31.0,292.0,72320239.0,CARD Box Company,13.83,7.26,8.56,0.0,45.0,238.0,-0.2934800024354714,0.0,3.36,100.0,10.5,1.0,19.0,0.0,0.4300000000000068,35.63374700683718,16,20.8,19.5,20.0,Low,Almost none of the completed works have received citizen/beneficiary feedback ratings. | The exact same rupee amount appears on 19 separate completed works.,Check for templated/cookie-cutter billing rather than work-specific costing. | Cross-check beneficiary feedback mechanism / conduct spot citizen verification.
RAJEEV RAI,GHOSI,Uttar Pradesh,Lok Sabha,147000000.0,105878306.0,66462043.0,72.03,108,272,39.71,39416263.0,311,310,1,,25.0,311.0,66462043.0,BIHARI JI MAHADEV ASSOCIATES,21.72,10.48,0.64,0.32,19.0,108.0,-0.18850167345611304,0.0,15.74,100.0,1.85,1.0,69.0,0.3215434083601286,32.32,59.306426978177605,26,1.7,31.7,19.7,Low,Almost none of the completed works have received citizen/beneficiary feedback ratings. | The exact same rupee amount appears on 69 separate completed works. | 59% of expenditure is still an unpaid balance to vendors.,Check for templated/cookie-cutter billing rather than work-specific costing. | Confirm vendor payment schedule and reasons for outstanding dues. | Cross-check beneficiary feedback mechanism / conduct spot citizen verification.
AGA SYED RUHULLAH MEHDI,SRINAGAR,Jammu And Kashmir,Lok Sabha,147000000.0,91972368.1,20822671.0,62.57,62,199,31.16,71149697.1,80,65,15,,51.0,80.0,20822671.0,Alyas ahmad mir,12.86,4.17,5.0,18.75,8.0,62.0,-0.24847427541350572,0.0,0.0,100.0,1.61,1.0,2.0,18.75,31.41,341.6934220398526,18,16.3,22.0,19.7,Low,Almost none of the completed works have received citizen/beneficiary feedback ratings. | 342% of expenditure is still an unpaid balance to vendors.,Confirm vendor payment schedule and reasons for outstanding dues. | Cross-check beneficiary feedback mechanism / conduct spot citizen verification.
Shri Ghanshyam Tiwari (2022-28),Sitting Rajya Sabha,Rajasthan,Rajya Sabha,196063957.11,95069374.0,45570943.0,48.49,30,88,34.09,49498431.0,190,181,9,,111.0,190.0,45570943.0,SHREE JAANKINATA CONSTRUCTION CO,5.48,2.72,10.0,4.74,19.0,30.0,0.3899218096638943,0.0,40.0,100.0,13.33,2.0,2.0,4.736842105263158,14.399999999999999,108.6184040562865,18,16.0,22.0,19.6,Low,Almost none of the completed works have received citizen/beneficiary feedback ratings. | 109% of expenditure is still an unpaid balance to vendors.,Confirm vendor payment schedule and reasons for outstanding dues. | Cross-check beneficiary feedback mechanism / conduct spot citizen verification.
Shri Sandosh Kumar P (2022-28),Sitting Rajya Sabha,Kerala,Rajya Sabha,220563957.11,149135962.0,55957933.0,67.62,29,104,27.88,93178029.0,72,71,1,,42.0,72.0,55957933.0,VE Commercial Vehicles Ltd,16.44,5.86,1.39,1.39,5.0,29.0,0.46989633909394607,1.0,31.03,100.0,0.0,1.0,8.0,1.3888888888888888,39.74000000000001,166.5144225395173,26,1.5,31.7,19.6,Low,Almost none of the completed works have received citizen/beneficiary feedback ratings. | The exact same rupee amount appears on 8 separate completed works. | 167% of expenditure is still an unpaid balance to vendors.,Check for templated/cookie-cutter billing rather than work-specific costing. | Confirm vendor payment schedule and reasons for outstanding dues. | Cross-check beneficiary feedback mechanism / conduct spot citizen verification.
Shri Manan Kumar Mishra (2024-28),Sitting Rajya Sabha,Bihar,Rajya Sabha,235263957.11,86290519.0,39945301.0,36.68,31,88,35.23,46345218.0,40,39,1,,24.0,40.0,39945301.0,NITU DEVI,19.84,9.16,0.0,2.5,1.0,31.0,0.42418576905587846,0.0,9.68,100.0,0.0,1.0,1.0,2.5,1.4500000000000028,116.021701776637,18,15.6,22.0,19.4,Low,Almost none of the completed works have received citizen/beneficiary feedback ratings. | 116% of expenditure is still an unpaid balance to vendors.,Confirm vendor payment schedule and reasons for outstanding dues. | Cross-check beneficiary feedback mechanism / conduct spot citizen verification.
Praveen Khandelwal,CHANDINI CHOWK,Delhi,Lok Sabha,147470276.0,64665415.63,26487847.0,43.85,35,69,50.72,38177568.63,42,42,0,,14.0,42.0,26487847.0,Greenz,22.9,12.2,0.0,0.0,7.0,35.0,-0.009054071389603255,0.0,0.0,100.0,0.0,1.0,2.0,0.0,0.0,144.13239637785586,18,15.2,22.0,19.3,Low,Almost none of the completed works have received citizen/beneficiary feedback ratings. | 144% of expenditure is still an unpaid balance to vendors.,Confirm vendor payment schedule and reasons for outstanding dues. | Cross-check beneficiary feedback mechanism / conduct spot citizen verification.
Bhagirath Chaudhary,AJMER,Rajasthan,Lok Sabha,147000000.0,106250674.0,47945999.0,72.28,58,155,37.42,58304675.0,643,557,86,,456.0,643.0,47945999.0,Jai Mata Rani Construction,10.67,3.26,1.09,13.37,38.0,58.0,0.045233965145700446,0.0,44.83,100.0,0.0,1.0,2.0,13.374805598755831,34.86,121.60488094116049,18,15.2,22.0,19.3,Low,Almost none of the completed works have received citizen/beneficiary feedback ratings. | 122% of expenditure is still an unpaid balance to vendors.,Confirm vendor payment schedule and reasons for outstanding dues. | Cross-check beneficiary feedback mechanism / conduct spot citizen verification.
BAJRANG MANOHAR SONWANE,BEED,Maharashtra,Lok Sabha,165899107.19,99463933.0,37977152.0,59.95,20,100,20.0,61486781.0,39,39,0,,19.0,39.0,37977152.0,Hosabai Mahila Majoor Sahakari Sanstha Limited Sarni Aa,18.12,9.17,0.0,0.0,5.0,20.0,0.4139955521282316,0.0,0.0,100.0,0.0,4.0,1.0,0.0,39.95,161.90466573164835,26,0.1,31.7,19.1,Low,Almost none of the completed works have received citizen/beneficiary feedback ratings. | The same work description text is reused 4 times. | 162% of expenditure is still an unpaid balance to vendors.,Confirm vendor payment schedule and reasons for outstanding dues. | Cross-check beneficiary feedback mechanism / conduct spot citizen verification. | Verify these are genuinely distinct works and not duplicate/split entries.
Pratima Mondal,JOYNAGAR,West Bengal,Lok Sabha,147000000.0,97852478.0,74379705.0,66.57,170,223,76.23,23472773.0,185,185,0,,97.0,185.0,74379705.0,SARDAR ENTERPRISE,12.97,3.07,0.0,0.0,22.0,170.0,-0.14261681039067953,0.0,9.41,100.0,0.0,1.0,10.0,0.0,0.0,31.558034547192676,16,17.9,19.5,18.9,Low,Almost none of the completed works have received citizen/beneficiary feedback ratings. | The exact same rupee amount appears on 10 separate completed works.,Check for templated/cookie-cutter billing rather than work-specific costing. | Cross-check beneficiary feedback mechanism / conduct spot citizen verification.
Prof Sougata Ray,DUM DUM,West Bengal,Lok Sabha,147000000.0,57354419.0,14046615.0,39.02,13,52,25.0,43307804.0,17,17,0,,13.0,17.0,14046615.0,APRJ Constructions Private Limited,35.6,16.85,11.76,0.0,1.0,13.0,0.08561836443339556,0.0,7.69,100.0,15.38,1.0,1.0,0.0,14.020000000000003,308.31487870921217,18,13.9,22.0,18.8,Low,Almost none of the completed works have received citizen/beneficiary feedback ratings. | 308% of expenditure is still an unpaid balance to vendors.,Confirm vendor payment schedule and reasons for outstanding dues. | Cross-check beneficiary feedback mechanism / conduct spot citizen verification.
BAPI HALDAR,MATHURAPUR,West Bengal,Lok Sabha,147000000.0,82108066.0,39420540.0,55.86,89,169,52.66,42687526.0,102,101,1,,69.0,102.0,39420540.0,S K CHATTERJEE ELECTRICALS PVT LTD,6.37,2.52,0.98,0.98,5.0,89.0,-0.158819097631903,0.0,24.72,100.0,1.12,1.0,2.0,0.9803921568627451,3.200000000000003,108.28752219020845,18,13.8,22.0,18.7,Low,Almost none of the completed works have received citizen/beneficiary feedback ratings. | 108% of expenditure is still an unpaid balance to vendors.,Confirm vendor payment schedule and reasons for outstanding dues. | Cross-check beneficiary feedback mechanism / conduct spot citizen verification.
Shri Abhishek Banerjee,DIAMOND HARBOUR,West Bengal,Lok Sabha,147000000.0,95717514.0,71510891.0,65.11,200,320,62.5,24206623.0,262,262,0,,141.0,262.0,71510891.0,S S CONSTRUCTION,7.35,1.43,11.07,0.0,26.0,200.0,-0.28808780404240164,0.0,27.0,100.0,14.5,1.0,14.0,0.0,2.6099999999999994,33.85026065470223,16,17.5,19.5,18.7,Low,Almost none of the completed works have received citizen/beneficiary feedback ratings. | The exact same rupee amount appears on 14 separate completed works.,Check for templated/cookie-cutter billing rather than work-specific costing. | Cross-check beneficiary feedback mechanism / conduct spot citizen verification.
B K PARTHASARATHI,HINDUPUR,Andhra Pradesh,Lok Sabha,160491894.11,80578656.0,49297701.0,50.21,52,92,56.52,31280955.0,66,64,2,,25.0,66.0,49297701.0,N Balakrishna,22.24,9.52,6.06,3.03,12.0,52.0,0.100489515990138,1.0,0.0,100.0,3.85,1.0,2.0,3.0303030303030303,0.0,63.45317198463272,18,13.5,22.0,18.6,Low,Almost none of the completed works have received citizen/beneficiary feedback ratings. | 63% of expenditure is still an unpaid balance to vendors.,Confirm vendor payment schedule and reasons for outstanding dues. | Cross-check beneficiary feedback mechanism / conduct spot citizen verification.
RAHUL SINGH LODHI,DAMOH,Madhya Pradesh,Lok Sabha,163058785.37,88730852.0,72714957.0,54.42,176,299,58.86,16015895.0,342,341,1,,40.0,342.0,72714957.0,MP STATE AGRO INDUSTRIES DEVELOPMENT CORPORATION LTD DAMOH,29.38,15.23,22.22,0.29,28.0,176.0,-0.3205310816279167,0.0,0.0,100.0,3.41,2.0,35.0,0.29239766081871343,0.0,22.025585465174654,16,16.5,19.5,18.3,Low,Almost none of the completed works have received citizen/beneficiary feedback ratings. | The exact same rupee amount appears on 35 separate completed works.,Check for templated/cookie-cutter billing rather than work-specific costing. | Cross-check beneficiary feedback mechanism / conduct spot citizen verification.
CHANDUBHAI CHHAGANBHAI SHIHORA,SURENDRANAGAR,Gujarat,Lok Sabha,147000000.0,91125607.0,59546562.0,61.99,100,209,47.85,31579045.0,211,208,3,,148.0,211.0,59546562.0,MSS MEDITECHNO,5.03,1.11,1.9,1.42,23.0,100.0,-0.14268886383359292,0.0,29.0,100.0,2.0,1.0,3.0,1.4218009478672986,14.14,53.032524363035435,18,12.4,22.0,18.2,Low,Almost none of the completed works have received citizen/beneficiary feedback ratings. | 53% of expenditure is still an unpaid balance to vendors.,Confirm vendor payment schedule and reasons for outstanding dues. | Cross-check beneficiary feedback mechanism / conduct spot citizen verification.
ISHA KHAN CHOUDHURY,MALDAHA DAKSHIN,West Bengal,Lok Sabha,147000000.0,55024076.0,8567025.0,37.43,25,123,20.33,46457051.0,25,25,0,,16.0,25.0,8567025.0,THE LOTUS ENTERPRISE,20.91,10.7,0.0,0.0,3.0,25.0,-0.19712784367148967,0.0,0.0,100.0,0.0,1.0,3.0,0.0,17.1,542.2775234109857,18,12.4,22.0,18.2,Low,Almost none of the completed works have received citizen/beneficiary feedback ratings. | 542% of expenditure is still an unpaid balance to vendors.,Confirm vendor payment schedule and reasons for outstanding dues. | Cross-check beneficiary feedback mechanism / conduct spot citizen verification.
Appalanaidu Kalisetti,VIZIANAGARAM,Andhra Pradesh,Lok Sabha,147000000.0,62793800.0,22622767.0,42.72,36,118,30.51,40171033.0,57,56,1,,25.0,57.0,22622767.0,SVSST INFRASTRUCTURE,12.28,6.86,3.51,1.75,10.0,36.0,-0.16217710015416842,0.0,25.0,100.0,0.0,1.0,1.0,1.7543859649122806,12.209999999999997,177.56905245056893,18,12.0,22.0,18.0,Low,Almost none of the completed works have received citizen/beneficiary feedback ratings. | 178% of expenditure is still an unpaid balance to vendors.,Confirm vendor payment schedule and reasons for outstanding dues. | Cross-check beneficiary feedback mechanism / conduct spot citizen verification.
AMRARAM,SIKAR,Rajasthan,Lok Sabha,165691544.11,89877472.0,38165228.0,54.24,50,171,29.24,51712244.0,313,294,19,,225.0,313.0,38165228.0,Dhaka Stone Comapny,8.26,2.25,5.11,6.07,31.0,50.0,-0.03578223364512267,0.0,36.0,100.0,0.0,1.0,2.0,6.070287539936102,25.000000000000004,135.49570305200325,18,11.6,22.0,17.8,Low,Almost none of the completed works have received citizen/beneficiary feedback ratings. | 135% of expenditure is still an unpaid balance to vendors.,Confirm vendor payment schedule and reasons for outstanding dues. | Cross-check beneficiary feedback mechanism / conduct spot citizen verification.
Shri Khiru Mahto (2022-28),Sitting Rajya Sabha,Bihar,Rajya Sabha,235770091.81,185903989.0,183791258.0,78.85,171,177,96.61,2112731.0,176,176,0,,42.0,176.0,183791258.0,ASSISTANT ENGINEER FATUHA,26.51,17.36,1.14,0.0,32.0,171.0,0.49735470408722815,0.0,7.02,100.0,0.0,1.0,3.0,0.0,0.0,1.1495274709964716,8,29.0,9.8,17.5,Low,Almost none of the completed works have received citizen/beneficiary feedback ratings.,Cross-check beneficiary feedback mechanism / conduct spot citizen verification.
IMRAN MASOOD,SAHARANPUR,Uttar Pradesh,Lok Sabha,147000000.0,100422495.0,69261651.0,68.31,51,115,44.35,31160844.0,79,70,9,,12.0,79.0,69261651.0,AHTESHAM CONTRACTOR,20.68,12.67,0.0,11.39,21.0,51.0,0.27497386330735984,0.0,1.96,100.0,0.0,1.0,1.0,11.39240506329114,23.96,44.990039293172494,18,10.8,22.0,17.5,Low,Almost none of the completed works have received citizen/beneficiary feedback ratings. | 45% of expenditure is still an unpaid balance to vendors.,Confirm vendor payment schedule and reasons for outstanding dues. | Cross-check beneficiary feedback mechanism / conduct spot citizen verification.
Kani K Navas,RAMANATHAPURAM,Tamil Nadu,Lok Sabha,147000000.0,75293467.0,54855096.0,51.22,68,110,61.82,20438371.0,86,85,1,,31.0,86.0,54855096.0,FPLUS ENTERPRISES,25.6,9.75,12.79,1.16,10.0,68.0,0.07382358061401216,1.0,22.06,100.0,5.88,1.0,16.0,1.1627906976744187,0.0,37.25883735578551,16,14.4,19.5,17.5,Low,Almost none of the completed works have received citizen/beneficiary feedback ratings. | The exact same rupee amount appears on 16 separate completed works.,Check for templated/cookie-cutter billing rather than work-specific costing. | Cross-check beneficiary feedback mechanism / conduct spot citizen verification.
Shri Karti P Chidambaram,SIVAGANGA,Tamil Nadu,Lok Sabha,159049284.11,134172129.0,98344507.0,84.36,117,182,64.29,35827622.0,147,147,0,,87.0,147.0,98344507.0,M KARTHIKEYAN,10.17,3.13,23.13,0.0,9.0,117.0,0.08947440791312461,0.0,43.59,100.0,26.5,1.0,10.0,0.0,20.069999999999993,36.430730188113095,16,14.4,19.5,17.5,Low,Almost none of the completed works have received citizen/beneficiary feedback ratings. | The exact same rupee amount appears on 10 separate completed works.,Check for templated/cookie-cutter billing rather than work-specific costing. | Cross-check beneficiary feedback mechanism / conduct spot citizen verification.
MANISH TEWARI,CHANDIGARH,Chandigarh,Lok Sabha,178351443.75,77883199.0,31608858.0,43.67,31,112,27.68,46274341.0,130,126,4,,61.0,130.0,31608858.0,Prabh Kirpa Enterprises,13.7,5.8,1.54,3.08,16.0,31.0,-0.045451847682130744,0.0,6.45,100.0,0.0,1.0,1.0,3.076923076923077,15.990000000000002,146.39675055644213,18,10.0,22.0,17.2,Low,Almost none of the completed works have received citizen/beneficiary feedback ratings. | 146% of expenditure is still an unpaid balance to vendors.,Confirm vendor payment schedule and reasons for outstanding dues. | Cross-check beneficiary feedback mechanism / conduct spot citizen verification.
Maddila Gurumoorthy,TIRUPATI,Andhra Pradesh,Lok Sabha,180399007.0,127353086.0,64637243.0,70.6,110,290,37.93,62715843.0,168,149,19,,64.0,168.0,64637243.0,Thallapaka Nagarjuna Reddy,13.75,4.11,1.79,11.31,30.0,110.0,-0.08549513313827292,0.0,0.0,100.0,0.91,1.0,3.0,11.30952380952381,32.669999999999995,97.02741034298137,18,9.7,22.0,17.1,Low,Almost none of the completed works have received citizen/beneficiary feedback ratings. | 97% of expenditure is still an unpaid balance to vendors.,Confirm vendor payment schedule and reasons for outstanding dues. | Cross-check beneficiary feedback mechanism / conduct spot citizen verification.
Smt Poonamben Hematbhai Maadam,JAMNAGAR,Gujarat,Lok Sabha,147000000.0,84730944.0,26767387.0,57.64,48,179,26.82,57963557.0,62,57,5,,57.0,62.0,26767387.0,UDYATI CONTRUCTION,3.74,2.03,4.84,8.06,3.0,48.0,-0.10217030434544579,0.0,4.17,100.0,4.17,1.0,2.0,8.064516129032258,30.82,216.54544390156576,18,9.7,22.0,17.1,Low,Almost none of the completed works have received citizen/beneficiary feedback ratings. | 217% of expenditure is still an unpaid balance to vendors.,Confirm vendor payment schedule and reasons for outstanding dues. | Cross-check beneficiary feedback mechanism / conduct spot citizen verification.
K. C VENUGOPAL,ALAPPUZHA,Kerala,Lok Sabha,147000000.0,87573664.0,44331588.0,59.57,37,89,41.57,43242076.0,67,67,0,,25.0,67.0,44331588.0,Multiline Ventures,26.41,13.36,0.0,0.0,8.0,37.0,0.17743889147451797,1.0,56.76,100.0,0.0,1.0,3.0,0.0,18.0,97.54235738182896,18,9.8,22.0,17.1,Low,Almost none of the completed works have received citizen/beneficiary feedback ratings. | 98% of expenditure is still an unpaid balance to vendors.,Confirm vendor payment schedule and reasons for outstanding dues. | Cross-check beneficiary feedback mechanism / conduct spot citizen verification.
MANOHAR LAL,KARNAL,Haryana,Lok Sabha,147000000.0,30518470.0,16619897.0,20.76,1,19,5.26,13898573.0,13,13,0,,10.0,13.0,16619897.0,The Bandh Coop LC Soc Ltd Bandh,36.91,23.75,0.0,0.0,0.0,1.0,-0.04728726833918128,0.0,0.0,100.0,0.0,1.0,1.0,0.0,15.500000000000002,83.62610791149909,10,23.5,12.2,16.7,Low,84% of expenditure is still an unpaid balance to vendors.,Confirm vendor payment schedule and reasons for outstanding dues.
Rao Rajendra Singh,JAIPUR RURAL,Rajasthan,Lok Sabha,147000000.0,71018558.0,15159151.0,48.31,10,104,9.62,55859407.0,36,34,2,,27.0,36.0,15159151.0,MS Smart Tech,16.49,8.89,8.33,5.56,4.0,10.0,0.16918649265321112,0.0,10.0,100.0,0.0,2.0,1.0,5.555555555555555,38.690000000000005,368.4863815922145,18,8.5,22.0,16.6,Low,Almost none of the completed works have received citizen/beneficiary feedback ratings. | 368% of expenditure is still an unpaid balance to vendors.,Confirm vendor payment schedule and reasons for outstanding dues. | Cross-check beneficiary feedback mechanism / conduct spot citizen verification.
Shri Pramod Tiwari (2022-28),Sitting Rajya Sabha,Rajasthan,Rajya Sabha,196063957.11,136841358.0,101024659.0,69.79,65,130,50.0,35816699.0,220,218,2,,139.0,220.0,101024659.0,HUKAM SINGH CONSTRUCTION COMPANY,6.88,1.85,24.09,0.91,20.0,65.0,0.4610289237128289,0.0,30.77,100.0,26.15,2.0,11.0,0.9090909090909091,19.790000000000006,35.45342231741658,16,11.6,19.5,16.3,Low,Almost none of the completed works have received citizen/beneficiary feedback ratings. | The exact same rupee amount appears on 11 separate completed works.,Check for templated/cookie-cutter billing rather than work-specific costing. | Cross-check beneficiary feedback mechanism / conduct spot citizen verification.
Shri Akhilesh Prasad Singh (2024-30),Sitting Rajya Sabha,Bihar,Rajya Sabha,186200000.0,76718211.0,62309563.0,41.2,38,58,65.52,14408648.0,50,48,2,,13.0,50.0,62309563.0,VAIBHAV VATSHALYA,20.86,12.46,6.0,4.0,6.0,38.0,0.7476676290513276,0.0,39.47,100.0,0.0,1.0,2.0,4.0,0.0,23.124296345971807,8,26.1,9.8,16.3,Low,Almost none of the completed works have received citizen/beneficiary feedback ratings.,Cross-check beneficiary feedback mechanism / conduct spot citizen verification.
Thirumaa Valavan Thol,CHIDAMBARAM,Tamil Nadu,Lok Sabha,147000000.0,96815007.0,69998691.0,65.86,45,80,56.25,26816316.0,81,79,2,,36.0,81.0,69998691.0,Arikrishnan k,7.14,4.4,2.47,2.47,9.0,45.0,0.39606058063648475,1.0,11.11,100.0,4.44,1.0,24.0,2.4691358024691357,9.61,38.30973924926682,16,11.1,19.5,16.1,Low,Almost none of the completed works have received citizen/beneficiary feedback ratings. | The exact same rupee amount appears on 24 separate completed works.,Check for templated/cookie-cutter billing rather than work-specific costing. | Cross-check beneficiary feedback mechanism / conduct spot citizen verification.
AMAR SHARADRAO KALE,WARDHA,Maharashtra,Lok Sabha,147000000.0,67098342.0,31855968.0,45.65,29,109,26.61,35242374.0,39,38,1,,14.0,39.0,31855968.0,President Pragati Majoor Sahakari Sanstha Ltd,17.61,9.85,10.26,2.56,8.0,29.0,0.2942893851311474,0.0,3.45,100.0,13.79,1.0,2.0,2.564102564102564,19.04,110.63036602748973,18,7.3,22.0,16.1,Low,Almost none of the completed works have received citizen/beneficiary feedback ratings. | 111% of expenditure is still an unpaid balance to vendors.,Confirm vendor payment schedule and reasons for outstanding dues. | Cross-check beneficiary feedback mechanism / conduct spot citizen verification.
ANUP SANJAY DHOTRE,AKOLA,Maharashtra,Lok Sabha,147000000.0,97997749.0,51045667.0,66.67,41,100,41.0,46952082.0,69,68,1,,42.0,69.0,51045667.0,Nishant Gulab Rathod,9.2,3.34,24.64,1.45,4.0,41.0,0.3817309900667285,0.0,46.34,100.0,4.88,1.0,1.0,1.4492753623188406,25.67,91.98054361793334,18,7.2,22.0,16.1,Low,Almost none of the completed works have received citizen/beneficiary feedback ratings. | 92% of expenditure is still an unpaid balance to vendors.,Confirm vendor payment schedule and reasons for outstanding dues. | Cross-check beneficiary feedback mechanism / conduct spot citizen verification.
Anurag Sharma,JHANSI,Uttar Pradesh,Lok Sabha,147000000.0,92350864.0,67201462.0,62.82,85,162,52.47,25149402.0,242,235,7,,26.0,242.0,67201462.0,AADITYA VAIDHYA,20.64,10.21,0.0,2.89,38.0,85.0,-0.03587894487375713,0.0,29.41,100.0,0.0,1.0,20.0,2.8925619834710745,10.350000000000001,37.42389116474877,16,10.8,19.5,16.0,Low,Almost none of the completed works have received citizen/beneficiary feedback ratings. | The exact same rupee amount appears on 20 separate completed works.,Check for templated/cookie-cutter billing rather than work-specific costing. | Cross-check beneficiary feedback mechanism / conduct spot citizen verification.
DR RANI SRI KUMAR,TENKASI,Tamil Nadu,Lok Sabha,153060922.82,121586066.0,99919930.0,79.44,102,160,63.75,21666136.0,123,123,0,,16.0,123.0,99919930.0,R R BUILDERS,19.91,11.1,12.2,0.0,30.0,102.0,0.29942566987826197,1.0,0.98,100.0,4.9,1.0,12.0,0.0,15.689999999999998,21.68349797683005,16,10.4,19.5,15.9,Low,Almost none of the completed works have received citizen/beneficiary feedback ratings. | The exact same rupee amount appears on 12 separate completed works.,Check for templated/cookie-cutter billing rather than work-specific costing. | Cross-check beneficiary feedback mechanism / conduct spot citizen verification.
Sanjay Uttamrao Deshmukh,YAVATMAL-WASHIM,Maharashtra,Lok Sabha,185640423.0,84781444.87,24518118.0,45.67,23,125,18.4,60263326.870000005,42,42,0,,24.0,42.0,24518118.0,Shriyog Electricals,16.06,6.63,0.0,0.0,5.0,23.0,0.09706998147816095,0.0,8.7,100.0,0.0,1.0,2.0,0.0,27.270000000000003,245.79099778376138,18,6.3,22.0,15.7,Low,Almost none of the completed works have received citizen/beneficiary feedback ratings. | 246% of expenditure is still an unpaid balance to vendors.,Confirm vendor payment schedule and reasons for outstanding dues. | Cross-check beneficiary feedback mechanism / conduct spot citizen verification.
PRABHAKAR REDDY VEMIREDDY,NELLORE,Andhra Pradesh,Lok Sabha,147000000.0,94235727.0,73610054.0,64.11,126,153,82.35,20625673.0,136,136,0,,77.0,136.0,73610054.0,SRIHARI RAO AMARANENI,4.07,1.86,2.21,0.0,26.0,126.0,-0.009664451154129703,0.0,11.9,100.0,2.38,1.0,3.0,0.0,0.0,28.02018457967712,8,24.2,9.8,15.6,Low,Almost none of the completed works have received citizen/beneficiary feedback ratings.,Cross-check beneficiary feedback mechanism / conduct spot citizen verification.
Dr. Ajeet Madhavrao Gopchade (2024-30),Sitting Rajya Sabha,Maharashtra,Rajya Sabha,147000000.0,109833137.0,53532752.0,74.72,44,91,48.35,56300385.0,52,52,0,,39.0,52.0,53532752.0,MAULI CONSTRUCTION,6.51,3.25,0.0,0.0,8.0,44.0,0.5110888816425535,1.0,4.55,100.0,2.27,1.0,3.0,0.0,26.369999999999997,105.16998079979149,18,5.7,22.0,15.5,Low,Almost none of the completed works have received citizen/beneficiary feedback ratings. | 105% of expenditure is still an unpaid balance to vendors.,Confirm vendor payment schedule and reasons for outstanding dues. | Cross-check beneficiary feedback mechanism / conduct spot citizen verification.
Shri Dhananjay Bhimrao Mahadik (2022-28),Sitting Rajya Sabha,Maharashtra,Rajya Sabha,220383643.11,118144252.0,48415797.0,53.61,32,150,21.33,69728455.0,41,41,0,,32.0,41.0,48415797.0,RAI INDUSTRIES,10.31,4.89,14.63,0.0,5.0,32.0,0.6172959440843467,1.0,21.88,100.0,12.5,2.0,3.0,0.0,32.28,144.0200499023077,18,5.5,22.0,15.4,Low,Almost none of the completed works have received citizen/beneficiary feedback ratings. | 144% of expenditure is still an unpaid balance to vendors.,Confirm vendor payment schedule and reasons for outstanding dues. | Cross-check beneficiary feedback mechanism / conduct spot citizen verification.
Smt. Jebi Mather Hisham (2022-28),Sitting Rajya Sabha,Kerala,Rajya Sabha,220563957.11,152298345.0,54661936.0,69.05,49,119,41.18,97636409.0,76,75,1,,53.0,76.0,54661936.0,SML ISUZU LTD,7.63,3.02,6.58,1.32,4.0,49.0,0.32394147158448783,1.0,16.33,100.0,4.08,1.0,3.0,1.3157894736842104,27.869999999999997,178.6186442426774,18,5.4,22.0,15.4,Low,Almost none of the completed works have received citizen/beneficiary feedback ratings. | 179% of expenditure is still an unpaid balance to vendors.,Confirm vendor payment schedule and reasons for outstanding dues. | Cross-check beneficiary feedback mechanism / conduct spot citizen verification.
BHUPENDER YADAV,ALWAR,Rajasthan,Lok Sabha,147000000.0,109636318.0,59638968.0,74.58,31,74,41.89,49997350.0,68,67,1,,46.0,68.0,59638968.0,ADIIVE TECHNOLOGES PRIVATE LTD,6.75,3.17,1.47,1.47,3.0,31.0,0.643740148261919,1.0,22.58,100.0,0.0,1.0,1.0,1.4705882352941175,32.69,83.83335875295495,18,5.2,22.0,15.3,Low,Almost none of the completed works have received citizen/beneficiary feedback ratings. | 84% of expenditure is still an unpaid balance to vendors.,Confirm vendor payment schedule and reasons for outstanding dues. | Cross-check beneficiary feedback mechanism / conduct spot citizen verification.
ABHIJIT GANGOPADHYAY,TAMLUK,West Bengal,Lok Sabha,147000000.0,94805281.78,41397394.78,64.49,74,265,27.92,53407887.0,128,122,6,,85.0,128.0,41397394.78,MANDAL ENTERPRISE,6.39,1.83,3.12,4.69,8.0,74.0,-0.19705890309699625,0.0,21.62,100.0,4.05,1.0,2.0,4.6875,36.56999999999999,129.01267648321323,18,4.8,22.0,15.1,Low,Almost none of the completed works have received citizen/beneficiary feedback ratings. | 129% of expenditure is still an unpaid balance to vendors.,Confirm vendor payment schedule and reasons for outstanding dues. | Cross-check beneficiary feedback mechanism / conduct spot citizen verification.
Shri Ratanjit Pratap Narain Singh (2024-30),Sitting Rajya Sabha,Uttar Pradesh,Rajya Sabha,147000000.0,97712398.0,89937432.0,66.47,83,125,66.4,7774966.0,215,213,2,,36.0,215.0,89937432.0,BINDU DEVI,36.1,22.65,16.28,0.93,44.0,83.0,0.36675505634177497,0.0,49.4,100.0,1.2,1.0,2.0,0.9302325581395349,0.06999999999999318,8.644861018491167,8,22.5,9.8,14.9,Low,Almost none of the completed works have received citizen/beneficiary feedback ratings.,Cross-check beneficiary feedback mechanism / conduct spot citizen verification.
Mala Roy,KOLKATA DAKSHIN,West Bengal,Lok Sabha,147000000.0,96138946.0,61582788.0,65.4,32,75,42.67,34556158.0,65,64,1,,44.0,65.0,61582788.0,GOUTAM CONSTRUCTION,16.24,5.01,15.38,1.54,7.0,32.0,0.378197841944361,0.0,6.25,100.0,0.0,1.0,1.0,1.5384615384615385,22.730000000000004,56.11333803204882,18,4.1,22.0,14.8,Low,Almost none of the completed works have received citizen/beneficiary feedback ratings. | 56% of expenditure is still an unpaid balance to vendors.,Confirm vendor payment schedule and reasons for outstanding dues. | Cross-check beneficiary feedback mechanism / conduct spot citizen verification.
Smt. P. T. Usha (2022-28),Nominated Rajya Sabha,Kerala,Rajya Sabha,196063957.11,138646464.0,55206130.0,70.71,39,121,32.23,83440334.0,77,76,1,,61.0,77.0,55206130.0,SML ISUZU LTD,7.56,2.89,2.6,1.3,1.0,39.0,0.48442987973539503,1.0,23.08,100.0,2.56,1.0,1.0,1.2987012987012987,38.48,151.14324079590438,18,3.8,22.0,14.7,Low,Almost none of the completed works have received citizen/beneficiary feedback ratings. | 151% of expenditure is still an unpaid balance to vendors.,Confirm vendor payment schedule and reasons for outstanding dues. | Cross-check beneficiary feedback mechanism / conduct spot citizen verification.
Sudip Bandyopadhyay,KOLKATA UTTAR,West Bengal,Lok Sabha,147000000.0,79627830.0,46311063.0,54.17,9,37,24.32,33316767.0,31,31,0,,23.0,31.0,46311063.0,M SHAW,20.51,11.0,19.35,0.0,2.0,9.0,0.8528378338424333,1.0,0.0,100.0,11.11,1.0,1.0,0.0,29.85,71.94127027488011,18,3.7,22.0,14.7,Low,Almost none of the completed works have received citizen/beneficiary feedback ratings. | 72% of expenditure is still an unpaid balance to vendors.,Confirm vendor payment schedule and reasons for outstanding dues. | Cross-check beneficiary feedback mechanism / conduct spot citizen verification.
M. MALLESH BABU,KOLAR,Karnataka,Lok Sabha,147065957.11,50088000.0,40766132.0,34.06,3,76,3.95,9321868.0,122,121,1,,39.0,122.0,40766132.0,KRIDL BHUSIRI ACCOUNT WORKS,19.99,8.53,17.21,0.82,18.0,3.0,0.607005616150695,0.0,33.33,100.0,33.33,1.0,1.0,0.819672131147541,30.110000000000003,22.86669728685567,8,22.0,9.8,14.7,Low,Almost none of the completed works have received citizen/beneficiary feedback ratings.,Cross-check beneficiary feedback mechanism / conduct spot citizen verification.
Sanjay Haribhau Jadhav,PARBHANI,Maharashtra,Lok Sabha,147000000.0,81454456.0,40999822.0,55.41,28,84,33.33,40454634.0,49,49,0,,32.0,49.0,40999822.0,PRUTHIVRAJ PRAMOD BHAMBLE PRO PRUTHIVIRAJ BHAMBLE,14.63,5.31,0.0,0.0,4.0,28.0,0.2737011125368289,0.0,0.0,100.0,0.0,1.0,2.0,0.0,22.08,98.67026739774626,18,3.6,22.0,14.6,Low,Almost none of the completed works have received citizen/beneficiary feedback ratings. | 99% of expenditure is still an unpaid balance to vendors.,Confirm vendor payment schedule and reasons for outstanding dues. | Cross-check beneficiary feedback mechanism / conduct spot citizen verification.
Sunil Dattatray Tatkare,RAIGAD,Maharashtra,Lok Sabha,147000000.0,97291356.0,59406128.0,66.18,18,62,29.03,37885228.0,74,73,1,,27.0,74.0,59406128.0,RASHIKA RAMBHAU DHUMAL,10.88,5.77,62.16,1.35,4.0,18.0,0.869793219775574,0.0,0.0,100.0,16.67,1.0,2.0,1.3513513513513513,37.150000000000006,63.77326594993702,18,3.0,22.0,14.4,Low,Almost none of the completed works have received citizen/beneficiary feedback ratings. | 64% of expenditure is still an unpaid balance to vendors.,Confirm vendor payment schedule and reasons for outstanding dues. | Cross-check beneficiary feedback mechanism / conduct spot citizen verification.
Shri Ashokrao Shankarrao Chavan (2024-30),Sitting Rajya Sabha,Maharashtra,Rajya Sabha,147000000.0,43078446.0,8968982.0,29.31,2,33,6.06,34109464.0,8,8,0,,5.0,8.0,8968982.0,Kailash Pandit Chavan,33.35,25.3,0.0,0.0,1.0,2.0,0.2002409337853976,0.0,0.0,100.0,0.0,1.0,1.0,0.0,23.25,380.30474361527314,10,17.4,12.2,14.3,Low,380% of expenditure is still an unpaid balance to vendors.,Confirm vendor payment schedule and reasons for outstanding dues.
Shri Praful Patel (2024-30),Sitting Rajya Sabha,Maharashtra,Rajya Sabha,147000000.0,79519538.0,25836264.0,54.09,22,116,18.97,53683274.0,38,37,1,,27.0,38.0,25836264.0,NEELAM YOGESH JAISWAL,13.45,5.29,18.42,2.63,4.0,22.0,0.16435431679903703,0.0,0.0,100.0,4.55,1.0,1.0,2.631578947368421,35.120000000000005,207.78264999924136,18,2.8,22.0,14.3,Low,Almost none of the completed works have received citizen/beneficiary feedback ratings. | 208% of expenditure is still an unpaid balance to vendors.,Confirm vendor payment schedule and reasons for outstanding dues. | Cross-check beneficiary feedback mechanism / conduct spot citizen verification.
NARESH CHANDRA UTTAM PATEL,FATEHPUR,Uttar Pradesh,Lok Sabha,147000000.0,76380995.0,28783210.0,51.96,13,81,16.05,47597785.0,49,49,0,,12.0,49.0,28783210.0,MS YASH CONTRACTOR AND SUPPLIERS,25.58,16.62,6.12,0.0,13.0,13.0,0.6117930041812051,0.0,0.0,100.0,0.0,1.0,1.0,0.0,35.91,165.36649317431932,18,2.5,22.0,14.2,Low,Almost none of the completed works have received citizen/beneficiary feedback ratings. | 165% of expenditure is still an unpaid balance to vendors.,Confirm vendor payment schedule and reasons for outstanding dues. | Cross-check beneficiary feedback mechanism / conduct spot citizen verification.
Rajnath Singh,LUCKNOW,Uttar Pradesh,Lok Sabha,154808797.11,105720976.0,74407887.0,68.29,31,102,30.39,31313089.0,74,71,3,,10.0,74.0,74407887.0,DEVKI ENTERPRISES,22.55,14.98,0.0,4.05,20.0,31.0,0.32444142001551607,0.0,6.45,100.0,0.0,1.0,1.0,4.054054054054054,37.900000000000006,42.08302407512257,18,2.3,22.0,14.1,Low,Almost none of the completed works have received citizen/beneficiary feedback ratings. | 42% of expenditure is still an unpaid balance to vendors.,Confirm vendor payment schedule and reasons for outstanding dues. | Cross-check beneficiary feedback mechanism / conduct spot citizen verification.
Giriraj Singh,BEGUSARAI,Bihar,Lok Sabha,147000000.0,90474432.0,32994877.0,61.55,17,67,25.37,57479555.0,38,37,1,,7.0,38.0,32994877.0,ASST ENGINEER LAEO WD 1 BEGUSARAI VSK BEGUSARAI,29.99,21.13,0.0,2.63,2.0,17.0,0.7280686061177037,0.0,0.0,100.0,0.0,1.0,1.0,2.631578947368421,36.17999999999999,174.20751409377885,18,2.3,22.0,14.1,Low,Almost none of the completed works have received citizen/beneficiary feedback ratings. | 174% of expenditure is still an unpaid balance to vendors.,Confirm vendor payment schedule and reasons for outstanding dues. | Cross-check beneficiary feedback mechanism / conduct spot citizen verification.
Dr. Medha Vishram Kulkarni (2024-30),Sitting Rajya Sabha,Maharashtra,Rajya Sabha,147000000.0,101856671.0,41737818.0,69.29,31,105,29.52,60118853.0,49,49,0,,21.0,49.0,41737818.0,Sunjiba majur sahkari sanstha maryadit,16.73,8.03,14.29,0.0,11.0,31.0,0.4305471608122294,1.0,3.23,100.0,22.58,1.0,2.0,0.0,39.77000000000001,144.03928111431222,18,1.9,22.0,14.0,Low,Almost none of the completed works have received citizen/beneficiary feedback ratings. | 144% of expenditure is still an unpaid balance to vendors.,Confirm vendor payment schedule and reasons for outstanding dues. | Cross-check beneficiary feedback mechanism / conduct spot citizen verification.
E.T. MOHAMMED BASHEER,MALAPPURAM,Kerala,Lok Sabha,163895872.11,97648170.0,36606844.0,59.58,43,190,22.63,61041326.0,74,73,1,,48.0,74.0,36606844.0,SML ISUZU LTD,36.71,15.79,2.7,1.35,5.0,43.0,-0.0810266666549498,1.0,6.98,100.0,0.0,1.0,3.0,1.3513513513513513,36.95,166.74839819570352,18,1.7,22.0,13.9,Low,Almost none of the completed works have received citizen/beneficiary feedback ratings. | 167% of expenditure is still an unpaid balance to vendors.,Confirm vendor payment schedule and reasons for outstanding dues. | Cross-check beneficiary feedback mechanism / conduct spot citizen verification.
DR BYREDDY SHABARI,NANDYAL,Andhra Pradesh,Lok Sabha,150675889.11,98690498.0,50709419.0,65.5,70,198,35.35,47981079.0,116,116,0,,33.0,116.0,50709419.0,JAGADEESWARA REDDY DEKIREDDY,16.63,5.97,4.31,0.0,29.0,70.0,-0.0959908915912966,0.0,4.29,100.0,0.0,3.0,2.0,0.0,30.15,94.6196583321138,18,1.8,22.0,13.9,Low,Almost none of the completed works have received citizen/beneficiary feedback ratings. | 95% of expenditure is still an unpaid balance to vendors.,Confirm vendor payment schedule and reasons for outstanding dues. | Cross-check beneficiary feedback mechanism / conduct spot citizen verification.
Dr Shashi Tharoor,THIRUVANANTHAPURAM,Kerala,Lok Sabha,147000000.0,94591330.0,41754577.0,64.35,40,114,35.09,52836753.0,61,61,0,,39.0,61.0,41754577.0,TATA MOTORS,16.52,5.85,0.0,0.0,6.0,40.0,0.29345969895819424,0.0,17.5,100.0,0.0,1.0,3.0,0.0,29.25999999999999,126.54122445067519,18,1.4,22.0,13.8,Low,Almost none of the completed works have received citizen/beneficiary feedback ratings. | 127% of expenditure is still an unpaid balance to vendors.,Confirm vendor payment schedule and reasons for outstanding dues. | Cross-check beneficiary feedback mechanism / conduct spot citizen verification.
Shri Sat Paul Sharma (2025-31),Sitting Rajya Sabha,Jammu And Kashmir,Rajya Sabha,73500000.0,16083365.0,0.0,21.88,0,16,0.0,16083365.0,0,0,0,,0.0,0.0,,,0.0,0.0,0.0,0.0,0.0,0.0,0.0,0.0,0.0,0.0,0.0,0.0,0.0,0.0,21.88,0.0,0,31.2,0.0,12.5,Low,No significant rule triggered — flagged mainly by statistical pattern deviation.,General random-sample verification recommended.
Smt. Maya Chintaman Ivnate (2026-32),Sitting Rajya Sabha,Maharashtra,Rajya Sabha,49000000.0,10000000.0,0.0,20.41,0,20,0.0,10000000.0,0,0,0,,0.0,0.0,,,0.0,0.0,0.0,0.0,0.0,0.0,0.0,0.0,0.0,0.0,0.0,0.0,0.0,0.0,20.41,0.0,0,30.9,0.0,12.4,Low,No significant rule triggered — flagged mainly by statistical pattern deviation.,General random-sample verification recommended.
Shri Mansoor Ali Khan (2026-32),Sitting Rajya Sabha,Karnataka,Rajya Sabha,49000000.0,4982000.0,0.0,10.17,0,3,0.0,4982000.0,0,0,0,,0.0,0.0,,,0.0,0.0,0.0,0.0,0.0,0.0,0.0,0.0,0.0,0.0,0.0,0.0,0.0,0.0,10.17,0.0,0,30.4,0.0,12.2,Low,No significant rule triggered — flagged mainly by statistical pattern deviation.,General random-sample verification recommended.
Shri Neeraj Dangi (2026-32),Sitting Rajya Sabha,Rajasthan,Rajya Sabha,49000000.0,4999842.0,0.0,10.2,0,4,0.0,4999842.0,0,0,0,,0.0,0.0,,,0.0,0.0,0.0,0.0,0.0,0.0,0.0,0.0,0.0,0.0,0.0,0.0,0.0,0.0,10.2,0.0,0,30.4,0.0,12.2,Low,No significant rule triggered — flagged mainly by statistical pattern deviation.,General random-sample verification recommended.
Dr. Santrupt Misra (2026-32),Sitting Rajya Sabha,Odisha,Rajya Sabha,49000000.0,6480000.0,0.0,13.22,0,11,0.0,6480000.0,0,0,0,,0.0,0.0,,,0.0,0.0,0.0,0.0,0.0,0.0,0.0,0.0,0.0,0.0,0.0,0.0,0.0,0.0,13.22,0.0,0,30.4,0.0,12.2,Low,No significant rule triggered — flagged mainly by statistical pattern deviation.,General random-sample verification recommended.
Shri Upendra Kushwaha (2026-32),Sitting Rajya Sabha,Bihar,Rajya Sabha,49000000.0,6426110.0,0.0,13.11,0,7,0.0,6426110.0,0,0,0,,0.0,0.0,,,0.0,0.0,0.0,0.0,0.0,0.0,0.0,0.0,0.0,0.0,0.0,0.0,0.0,0.0,13.11,0.0,0,30.5,0.0,12.2,Low,No significant rule triggered — flagged mainly by statistical pattern deviation.,General random-sample verification recommended.
Shri Harsh Vardhan Shringla (2025-31),Nominated Rajya Sabha,West Bengal,Rajya Sabha,73500000.0,9510271.0,0.0,12.94,0,6,0.0,9510271.0,0,0,0,,0.0,0.0,,,0.0,0.0,0.0,0.0,0.0,0.0,0.0,0.0,0.0,0.0,0.0,0.0,0.0,0.0,12.94,0.0,0,30.5,0.0,12.2,Low,No significant rule triggered — flagged mainly by statistical pattern deviation.,General random-sample verification recommended.
Shri Pramod Boro (2026-32),Sitting Rajya Sabha,Assam,Rajya Sabha,49000000.0,11500000.0,0.0,23.47,0,10,0.0,11500000.0,0,0,0,,0.0,0.0,,,0.0,0.0,0.0,0.0,0.0,0.0,0.0,0.0,0.0,0.0,0.0,0.0,0.0,0.0,23.47,0.0,0,30.6,0.0,12.2,Low,No significant rule triggered — flagged mainly by statistical pattern deviation.,General random-sample verification recommended.
Kalaben Mohanbhai Delkar,DADRA & NAGAR HAVELI,The Dadra And Nagar Haveli And Daman And Diu,Lok Sabha,147000000.0,14700000.0,0.0,10.0,0,2,0.0,14700000.0,0,0,0,,0.0,0.0,,,0.0,0.0,0.0,0.0,0.0,0.0,0.0,0.0,0.0,0.0,0.0,0.0,0.0,0.0,10.0,0.0,0,30.3,0.0,12.1,Low,No significant rule triggered — flagged mainly by statistical pattern deviation.,General random-sample verification recommended.
Shri Kamal Haasan (2025-31),Sitting Rajya Sabha,Tamil Nadu,Rajya Sabha,89248285.42,21200000.0,0.0,23.75,0,4,0.0,21200000.0,0,0,0,,0.0,0.0,,,0.0,0.0,0.0,0.0,0.0,0.0,0.0,0.0,0.0,0.0,0.0,0.0,0.0,0.0,23.75,0.0,0,30.2,0.0,12.1,Low,No significant rule triggered — flagged mainly by statistical pattern deviation.,General random-sample verification recommended.
Ms. Swati Maliwal (2024-30),Sitting Rajya Sabha,Delhi,Rajya Sabha,147000000.0,10600000.0,0.0,7.21,0,3,0.0,10600000.0,0,0,0,,0.0,0.0,,,0.0,0.0,0.0,0.0,0.0,0.0,0.0,0.0,0.0,0.0,0.0,0.0,0.0,0.0,7.21,0.0,0,30.1,0.0,12.0,Low,No significant rule triggered — flagged mainly by statistical pattern deviation.,General random-sample verification recommended.
Shri Bhashyam Rama Krishna (2026-32),Sitting Rajya Sabha,Andhra Pradesh,Rajya Sabha,49000000.0,3000000.0,0.0,6.12,0,1,0.0,3000000.0,0,0,0,,0.0,0.0,,,0.0,0.0,0.0,0.0,0.0,0.0,0.0,0.0,0.0,0.0,0.0,0.0,0.0,0.0,6.12,0.0,0,29.7,0.0,11.9,Low,No significant rule triggered — flagged mainly by statistical pattern deviation.,General random-sample verification recommended.
Bhupathiraju Srinivasa varma,NARASAPURAM,Andhra Pradesh,Lok Sabha,147000000.0,12000000.0,0.0,8.16,0,1,0.0,12000000.0,0,0,0,,0.0,0.0,,,0.0,0.0,0.0,0.0,0.0,0.0,0.0,0.0,0.0,0.0,0.0,0.0,0.0,0.0,8.16,0.0,0,29.8,0.0,11.9,Low,No significant rule triggered — flagged mainly by statistical pattern deviation.,General random-sample verification recommended.
Dr. Meenakshi Jain (2025-31),Nominated Rajya Sabha,Delhi,Rajya Sabha,73500000.0,20186125.0,0.0,27.46,0,10,0.0,20186125.0,0,0,0,,0.0,0.0,,,0.0,0.0,0.0,0.0,0.0,0.0,0.0,0.0,0.0,0.0,0.0,0.0,0.0,0.0,27.46,0.0,0,29.7,0.0,11.9,Low,No significant rule triggered — flagged mainly by statistical pattern deviation.,General random-sample verification recommended.
Shri Pawan Khera (2026-32),Sitting Rajya Sabha,Karnataka,Rajya Sabha,49000000.0,2950000.0,0.0,6.02,0,3,0.0,2950000.0,0,0,0,,0.0,0.0,,,0.0,0.0,0.0,0.0,0.0,0.0,0.0,0.0,0.0,0.0,0.0,0.0,0.0,0.0,6.02,0.0,0,29.4,0.0,11.8,Low,No significant rule triggered — flagged mainly by statistical pattern deviation.,General random-sample verification recommended.
Dr. Dharmshila Gupta (2024-30),Sitting Rajya Sabha,Bihar,Rajya Sabha,186200000.0,179754823.0,136714265.0,96.54,87,142,61.27,43040558.0,113,112,1,,31.0,113.0,136714265.0,VEDIKA SINGH,13.1,6.32,7.08,0.88,25.0,87.0,0.7523912537482351,0.0,39.08,100.0,0.0,1.0,1.0,0.8849557522123894,35.27,31.48212660909964,8,13.7,9.8,11.4,Low,Almost none of the completed works have received citizen/beneficiary feedback ratings.,Cross-check beneficiary feedback mechanism / conduct spot citizen verification.
Shri Ramdas Bandu Athawale (2026-32),Sitting Rajya Sabha,Maharashtra,Rajya Sabha,49000000.0,15500000.0,0.0,31.63,0,7,0.0,15500000.0,0,0,0,,0.0,0.0,,,0.0,0.0,0.0,0.0,0.0,0.0,0.0,0.0,0.0,0.0,0.0,0.0,0.0,0.0,31.63,0.0,0,28.2,0.0,11.3,Low,No significant rule triggered — flagged mainly by statistical pattern deviation.,General random-sample verification recommended.
DR. PRADEEP KUMAR PANIGRAHY,BERHAMPUR,Odisha,Lok Sabha,147000000.0,46950000.0,0.0,31.94,0,111,0.0,46950000.0,0,0,0,,0.0,0.0,,,0.0,0.0,0.0,0.0,0.0,0.0,0.0,0.0,0.0,0.0,0.0,0.0,0.0,0.0,31.94,0.0,0,28.1,0.0,11.2,Low,No significant rule triggered — flagged mainly by statistical pattern deviation.,General random-sample verification recommended.
Shri Sajjad Ahmad Kichloo (2025-31),Sitting Rajya Sabha,Jammu And Kashmir,Rajya Sabha,73500000.0,27292000.0,0.0,37.13,0,18,0.0,27292000.0,0,0,0,,0.0,0.0,,,0.0,0.0,0.0,0.0,0.0,0.0,0.0,0.0,0.0,0.0,0.0,0.0,0.0,0.0,37.13,0.0,0,27.7,0.0,11.1,Low,No significant rule triggered — flagged mainly by statistical pattern deviation.,General random-sample verification recommended.
Shri Debashish Samantaray (2026-30),Sitting Rajya Sabha,Odisha,Rajya Sabha,23800006.0,9500000.0,0.0,39.92,0,15,0.0,9500000.0,0,0,0,,0.0,0.0,,,0.0,0.0,0.0,0.0,0.0,0.0,0.0,0.0,0.0,0.0,0.0,0.0,0.0,0.0,39.92,0.0,0,27.6,0.0,11.0,Low,No significant rule triggered — flagged mainly by statistical pattern deviation.,General random-sample verification recommended.
Shri Praveen Chakravarthy (2026-28),Sitting Rajya Sabha,Tamil Nadu,Rajya Sabha,49356476.5,18000000.0,0.0,36.47,0,9,0.0,18000000.0,0,0,0,,0.0,0.0,,,0.0,0.0,0.0,0.0,0.0,0.0,0.0,0.0,0.0,0.0,0.0,0.0,0.0,0.0,36.47,0.0,0,27.6,0.0,11.0,Low,No significant rule triggered — flagged mainly by statistical pattern deviation.,General random-sample verification recommended.
Shri Chowdry Mohammad Ramzan (2025-31),Sitting Rajya Sabha,Jammu And Kashmir,Rajya Sabha,73500000.0,2600000.0,0.0,3.54,0,2,0.0,2600000.0,0,0,0,,0.0,0.0,,,0.0,0.0,0.0,0.0,0.0,0.0,0.0,0.0,0.0,0.0,0.0,0.0,0.0,0.0,3.54,0.0,0,27.0,0.0,10.8,Low,No significant rule triggered — flagged mainly by statistical pattern deviation.,General random-sample verification recommended.
Shri Lingamaneni Ramesh (2026-32),Sitting Rajya Sabha,Andhra Pradesh,Rajya Sabha,49000000.0,1200000.0,0.0,2.45,0,1,0.0,1200000.0,0,0,0,,0.0,0.0,,,0.0,0.0,0.0,0.0,0.0,0.0,0.0,0.0,0.0,0.0,0.0,0.0,0.0,0.0,2.45,0.0,0,24.9,0.0,10.0,Low,No significant rule triggered — flagged mainly by statistical pattern deviation.,General random-sample verification recommended.
Shri Sanjay Bhatia (2026-32),Sitting Rajya Sabha,Haryana,Rajya Sabha,49000000.0,1100000.0,0.0,2.24,0,1,0.0,1100000.0,0,0,0,,0.0,0.0,,,0.0,0.0,0.0,0.0,0.0,0.0,0.0,0.0,0.0,0.0,0.0,0.0,0.0,0.0,2.24,0.0,0,24.7,0.0,9.9,Low,No significant rule triggered — flagged mainly by statistical pattern deviation.,General random-sample verification recommended.
Rajiv Ranjan (Lalan) Singh,MUNGER,Bihar,Lok Sabha,147000000.0,1000000.0,0.0,0.68,0,1,0.0,1000000.0,0,0,0,,0.0,0.0,,,0.0,0.0,0.0,0.0,0.0,0.0,0.0,0.0,0.0,0.0,0.0,0.0,0.0,0.0,0.68,0.0,0,23.1,0.0,9.2,Low,No significant rule triggered — flagged mainly by statistical pattern deviation.,General random-sample verification recommended.
Shri Ramrao Sakharam Wadkute (2026-32),Sitting Rajya Sabha,Maharashtra,Rajya Sabha,49000000.0,0.0,0.0,0.0,0,0,0.0,0.0,0,0,0,,0.0,0.0,,,0.0,0.0,0.0,0.0,0.0,0.0,0.0,0.0,0.0,0.0,0.0,0.0,0.0,0.0,0.0,0.0,0,18.2,0.0,7.3,Low,No significant rule triggered — flagged mainly by statistical pattern deviation.,General random-sample verification recommended.
Shri Constandine Ravindran (2026-32),Sitting Rajya Sabha,Tamil Nadu,Rajya Sabha,49356476.5,0.0,0.0,0.0,0,0,0.0,0.0,0,0,0,,0.0,0.0,,,0.0,0.0,0.0,0.0,0.0,0.0,0.0,0.0,0.0,0.0,0.0,0.0,0.0,0.0,0.0,0.0,0,18.2,0.0,7.3,Low,No significant rule triggered — flagged mainly by statistical pattern deviation.,General random-sample verification recommended.
Shri Anurag Sharma (2026-32),Sitting Rajya Sabha,Himachal Pradesh,Rajya Sabha,49000000.0,0.0,0.0,0.0,0,0,0.0,0.0,0,0,0,,0.0,0.0,,,0.0,0.0,0.0,0.0,0.0,0.0,0.0,0.0,0.0,0.0,0.0,0.0,0.0,0.0,0.0,0.0,0,18.2,0.0,7.3,Low,No significant rule triggered — flagged mainly by statistical pattern deviation.,General random-sample verification recommended.
Shri Baidyanath Ram (2026-32),Sitting Rajya Sabha,Jharkhand,Rajya Sabha,49000000.0,0.0,0.0,0.0,0,0,0.0,0.0,0,0,0,,0.0,0.0,,,0.0,0.0,0.0,0.0,0.0,0.0,0.0,0.0,0.0,0.0,0.0,0.0,0.0,0.0,0.0,0.0,0,18.2,0.0,7.3,Low,No significant rule triggered — flagged mainly by statistical pattern deviation.,General random-sample verification recommended.
Shri Christopher Manickam (2026-32),Sitting Rajya Sabha,Tamil Nadu,Rajya Sabha,49356476.5,0.0,0.0,0.0,0,0,0.0,0.0,0,0,0,,0.0,0.0,,,0.0,0.0,0.0,0.0,0.0,0.0,0.0,0.0,0.0,0.0,0.0,0.0,0.0,0.0,0.0,0.0,0,18.2,0.0,7.3,Low,No significant rule triggered — flagged mainly by statistical pattern deviation.,General random-sample verification recommended.
Shri James Pangsang Kongkal Sangma (2026-32),Sitting Rajya Sabha,Meghalaya,Rajya Sabha,49000000.0,0.0,0.0,0.0,0,0,0.0,0.0,0,0,0,,0.0,0.0,,,0.0,0.0,0.0,0.0,0.0,0.0,0.0,0.0,0.0,0.0,0.0,0.0,0.0,0.0,0.0,0.0,0,18.2,0.0,7.3,Low,No significant rule triggered — flagged mainly by statistical pattern deviation.,General random-sample verification recommended.
Shri Gurwinder Singh Oberoi (2025-31),Sitting Rajya Sabha,Jammu And Kashmir,Rajya Sabha,73500000.0,0.0,0.0,0.0,0,0,0.0,0.0,0,0,0,,0.0,0.0,,,0.0,0.0,0.0,0.0,0.0,0.0,0.0,0.0,0.0,0.0,0.0,0.0,0.0,0.0,0.0,0.0,0,18.2,0.0,7.3,Low,No significant rule triggered — flagged mainly by statistical pattern deviation.,General random-sample verification recommended.
Shri Sana Sathish Babu (2026-32),Sitting Rajya Sabha,Andhra Pradesh,Rajya Sabha,49063978.0,0.0,0.0,0.0,0,0,0.0,0.0,0,0,0,,0.0,0.0,,,0.0,0.0,0.0,0.0,0.0,0.0,0.0,0.0,0.0,0.0,0.0,0.0,0.0,0.0,0.0,0.0,0,18.2,0.0,7.3,Low,No significant rule triggered — flagged mainly by statistical pattern deviation.,General random-sample verification recommended.
Shri Karamvir Singh Singh Boudh (2026-32),Sitting Rajya Sabha,Haryana,Rajya Sabha,49000000.0,0.0,0.0,0.0,0,0,0.0,0.0,0,0,0,,0.0,0.0,,,0.0,0.0,0.0,0.0,0.0,0.0,0.0,0.0,0.0,0.0,0.0,0.0,0.0,0.0,0.0,0.0,0,18.2,0.0,7.3,Low,No significant rule triggered — flagged mainly by statistical pattern deviation.,General random-sample verification recommended.
Shri Vijay Chintakayala (2026-32),Sitting Rajya Sabha,Andhra Pradesh,Rajya Sabha,49000000.0,0.0,0.0,0.0,0,0,0.0,0.0,0,0,0,,0.0,0.0,,,0.0,0.0,0.0,0.0,0.0,0.0,0.0,0.0,0.0,0.0,0.0,0.0,0.0,0.0,0.0,0.0,0,18.2,0.0,7.3,Low,No significant rule triggered — flagged mainly by statistical pattern deviation.,General random-sample verification recommended.
Shri Tiruchi Siva (2026-32),Sitting Rajya Sabha,Tamil Nadu,Rajya Sabha,49356476.5,0.0,0.0,0.0,0,0,0.0,0.0,0,0,0,,0.0,0.0,,,0.0,0.0,0.0,0.0,0.0,0.0,0.0,0.0,0.0,0.0,0.0,0.0,0.0,0.0,0.0,0.0,0,18.2,0.0,7.3,Low,No significant rule triggered — flagged mainly by statistical pattern deviation.,General random-sample verification recommended.
Shri Terash Gowalla (2026-32),Sitting Rajya Sabha,Assam,Rajya Sabha,49000000.0,0.0,0.0,0.0,0,0,0.0,0.0,0,0,0,,0.0,0.0,,,0.0,0.0,0.0,0.0,0.0,0.0,0.0,0.0,0.0,0.0,0.0,0.0,0.0,0.0,0.0,0.0,0,18.2,0.0,7.3,Low,No significant rule triggered — flagged mainly by statistical pattern deviation.,General random-sample verification recommended.
Shri Khiangte Laltluangkima (2026-32),Sitting Rajya Sabha,Mizoram,Rajya Sabha,24500000.0,0.0,0.0,0.0,0,0,0.0,0.0,0,0,0,,0.0,0.0,,,0.0,0.0,0.0,0.0,0.0,0.0,0.0,0.0,0.0,0.0,0.0,0.0,0.0,0.0,0.0,0.0,0,18.2,0.0,7.3,Low,No significant rule triggered — flagged mainly by statistical pattern deviation.,General random-sample verification recommended.
Shri Vinod Shridhar Tawde (2026-32),Sitting Rajya Sabha,Maharashtra,Rajya Sabha,49000000.0,0.0,0.0,0.0,0,0,0.0,0.0,0,0,0,,0.0,0.0,,,0.0,0.0,0.0,0.0,0.0,0.0,0.0,0.0,0.0,0.0,0.0,0.0,0.0,0.0,0.0,0.0,0,18.2,0.0,7.3,Low,No significant rule triggered — flagged mainly by statistical pattern deviation.,General random-sample verification recommended.
Shri Ujjwal Deorao Nikam (2025-31),Nominated Rajya Sabha,Maharashtra,Rajya Sabha,73500000.0,0.0,0.0,0.0,0,0,0.0,0.0,0,0,0,,0.0,0.0,,,0.0,0.0,0.0,0.0,0.0,0.0,0.0,0.0,0.0,0.0,0.0,0.0,0.0,0.0,0.0,0.0,0,18.2,0.0,7.3,Low,No significant rule triggered — flagged mainly by statistical pattern deviation.,General random-sample verification recommended.
Shri Tarun Chugh (2026-32),Sitting Rajya Sabha,Madhya Pradesh,Rajya Sabha,49000000.0,0.0,0.0,0.0,0,0,0.0,0.0,0,0,0,,0.0,0.0,,,0.0,0.0,0.0,0.0,0.0,0.0,0.0,0.0,0.0,0.0,0.0,0.0,0.0,0.0,0.0,0.0,0,18.2,0.0,7.3,Low,No significant rule triggered — flagged mainly by statistical pattern deviation.,General random-sample verification recommended.
Dr. Mukeshbhai J. Rathwa (2026-32),Sitting Rajya Sabha,Gujarat,Rajya Sabha,49000000.0,0.0,0.0,0.0,0,0,0.0,0.0,0,0,0,,0.0,0.0,,,0.0,0.0,0.0,0.0,0.0,0.0,0.0,0.0,0.0,0.0,0.0,0.0,0.0,0.0,0.0,0.0,0,18.2,0.0,7.3,Low,No significant rule triggered — flagged mainly by statistical pattern deviation.,General random-sample verification recommended.
Dr. Satish Poonia (2026-32),Sitting Rajya Sabha,Rajasthan,Rajya Sabha,49000000.0,0.0,0.0,0.0,0,0,0.0,0.0,0,0,0,,0.0,0.0,,,0.0,0.0,0.0,0.0,0.0,0.0,0.0,0.0,0.0,0.0,0.0,0.0,0.0,0.0,0.0,0.0,0,18.2,0.0,7.3,Low,No significant rule triggered — flagged mainly by statistical pattern deviation.,General random-sample verification recommended.
Shri L. K. Sudhish (2026-32),Sitting Rajya Sabha,Tamil Nadu,Rajya Sabha,49356476.5,0.0,0.0,0.0,0,0,0.0,0.0,0,0,0,,0.0,0.0,,,0.0,0.0,0.0,0.0,0.0,0.0,0.0,0.0,0.0,0.0,0.0,0.0,0.0,0.0,0.0,0.0,0,18.2,0.0,7.3,Low,No significant rule triggered — flagged mainly by statistical pattern deviation.,General random-sample verification recommended.
Shri M. Nagaraja (2026-32),Sitting Rajya Sabha,Karnataka,Rajya Sabha,49000000.0,0.0,0.0,0.0,0,0,0.0,0.0,0,0,0,,0.0,0.0,,,0.0,0.0,0.0,0.0,0.0,0.0,0.0,0.0,0.0,0.0,0.0,0.0,0.0,0.0,0.0,0.0,0,18.2,0.0,7.3,Low,No significant rule triggered — flagged mainly by statistical pattern deviation.,General random-sample verification recommended.
Shri Mahesh Kewat (2026-32),Sitting Rajya Sabha,Madhya Pradesh,Rajya Sabha,49000000.0,0.0,0.0,0.0,0,0,0.0,0.0,0,0,0,,0.0,0.0,,,0.0,0.0,0.0,0.0,0.0,0.0,0.0,0.0,0.0,0.0,0.0,0.0,0.0,0.0,0.0,0.0,0,18.2,0.0,7.3,Low,No significant rule triggered — flagged mainly by statistical pattern deviation.,General random-sample verification recommended.
Shri Mallikarjun Kharge (2026-32),Sitting Rajya Sabha,Karnataka,Rajya Sabha,49063957.11,0.0,0.0,0.0,0,0,0.0,0.0,0,0,0,,0.0,0.0,,,0.0,0.0,0.0,0.0,0.0,0.0,0.0,0.0,0.0,0.0,0.0,0.0,0.0,0.0,0.0,0.0,0,18.2,0.0,7.3,Low,No significant rule triggered — flagged mainly by statistical pattern deviation.,General random-sample verification recommended.
Shri Manmohan Samal (2026-32),Sitting Rajya Sabha,Odisha,Rajya Sabha,49000000.0,0.0,0.0,0.0,0,0,0.0,0.0,0,0,0,,0.0,0.0,,,0.0,0.0,0.0,0.0,0.0,0.0,0.0,0.0,0.0,0.0,0.0,0.0,0.0,0.0,0.0,0.0,0,18.2,0.0,7.3,Low,No significant rule triggered — flagged mainly by statistical pattern deviation.,General random-sample verification recommended.
Shri Nitin Nabin (2026-32),Sitting Rajya Sabha,Bihar,Rajya Sabha,49000000.0,0.0,0.0,0.0,0,0,0.0,0.0,0,0,0,,0.0,0.0,,,0.0,0.0,0.0,0.0,0.0,0.0,0.0,0.0,0.0,0.0,0.0,0.0,0.0,0.0,0.0,0.0,0,18.2,0.0,7.3,Low,No significant rule triggered — flagged mainly by statistical pattern deviation.,General random-sample verification recommended.
Shri Parth Ajit Pawar (2026-32),Sitting Rajya Sabha,Maharashtra,Rajya Sabha,49000000.0,0.0,0.0,0.0,0,0,0.0,0.0,0,0,0,,0.0,0.0,,,0.0,0.0,0.0,0.0,0.0,0.0,0.0,0.0,0.0,0.0,0.0,0.0,0.0,0.0,0.0,0.0,0,18.2,0.0,7.3,Low,No significant rule triggered — flagged mainly by statistical pattern deviation.,General random-sample verification recommended.
Shri Prakash Chik Baraik (2026-29),Sitting Rajya Sabha,West Bengal,Rajya Sabha,49662892.0,0.0,0.0,0.0,0,0,0.0,0.0,0,0,0,,0.0,0.0,,,0.0,0.0,0.0,0.0,0.0,0.0,0.0,0.0,0.0,0.0,0.0,0.0,0.0,0.0,0.0,0.0,0,18.2,0.0,7.3,Low,No significant rule triggered — flagged mainly by statistical pattern deviation.,General random-sample verification recommended.
Shri Rajeev Kumar (2026-32),Sitting Rajya Sabha,West Bengal,Rajya Sabha,49000000.0,0.0,0.0,0.0,0,0,0.0,0.0,0,0,0,,0.0,0.0,,,0.0,0.0,0.0,0.0,0.0,0.0,0.0,0.0,0.0,0.0,0.0,0.0,0.0,0.0,0.0,0.0,0,18.2,0.0,7.3,Low,No significant rule triggered — flagged mainly by statistical pattern deviation.,General random-sample verification recommended.
Shri Rajesh Parmanand Shukla (2026-32),Sitting Rajya Sabha,Gujarat,Rajya Sabha,49000000.0,0.0,0.0,0.0,0,0,0.0,0.0,0,0,0,,0.0,0.0,,,0.0,0.0,0.0,0.0,0.0,0.0,0.0,0.0,0.0,0.0,0.0,0.0,0.0,0.0,0.0,0.0,0,18.2,0.0,7.3,Low,No significant rule triggered — flagged mainly by statistical pattern deviation.,General random-sample verification recommended.
Shri Rajinder Gupta (2025-28),Sitting Rajya Sabha,Punjab,Rajya Sabha,49000000.0,0.0,0.0,0.0,0,0,0.0,0.0,0,0,0,,0.0,0.0,,,0.0,0.0,0.0,0.0,0.0,0.0,0.0,0.0,0.0,0.0,0.0,0.0,0.0,0.0,0.0,0.0,0,18.2,0.0,7.3,Low,No significant rule triggered — flagged mainly by statistical pattern deviation.,General random-sample verification recommended.
Shri Rajneesh Kumar Agrawal (2026-32),Sitting Rajya Sabha,Madhya Pradesh,Rajya Sabha,49000000.0,0.0,0.0,0.0,0,0,0.0,0.0,0,0,0,,0.0,0.0,,,0.0,0.0,0.0,0.0,0.0,0.0,0.0,0.0,0.0,0.0,0.0,0.0,0.0,0.0,0.0,0.0,0,18.2,0.0,7.3,Low,No significant rule triggered — flagged mainly by statistical pattern deviation.,General random-sample verification recommended.
Shri Shivesh Kumar (2026-32),Sitting Rajya Sabha,Bihar,Rajya Sabha,49000000.0,0.0,0.0,0.0,0,0,0.0,0.0,0,0,0,,0.0,0.0,,,0.0,0.0,0.0,0.0,0.0,0.0,0.0,0.0,0.0,0.0,0.0,0.0,0.0,0.0,0.0,0.0,0,18.2,0.0,7.3,Low,No significant rule triggered — flagged mainly by statistical pattern deviation.,General random-sample verification recommended.
Shri Tai Tagak (2026-32),Sitting Rajya Sabha,Arunachal Pradesh,Rajya Sabha,49000000.0,0.0,0.0,0.0,0,0,0.0,0.0,0,0,0,,0.0,0.0,,,0.0,0.0,0.0,0.0,0.0,0.0,0.0,0.0,0.0,0.0,0.0,0.0,0.0,0.0,0.0,0.0,0,18.2,0.0,7.3,Low,No significant rule triggered — flagged mainly by statistical pattern deviation.,General random-sample verification recommended.
CHAVAN VASANTRAO BALWANTRAO,NANDED,Maharashtra,Lok Sabha,0.0,0.0,0.0,0.0,0,0,0.0,0.0,0,0,0,,0.0,0.0,,,0.0,0.0,0.0,0.0,0.0,0.0,0.0,0.0,0.0,0.0,0.0,0.0,0.0,0.0,0.0,0.0,0,18.2,0.0,7.3,Low,No significant rule triggered — flagged mainly by statistical pattern deviation.,General random-sample verification recommended.
HARISH CHANDRA MEENA,TONK-SAWAI MADHOPUR,Rajasthan,Lok Sabha,147000000.0,0.0,0.0,0.0,0,0,0.0,0.0,0,0,0,,0.0,0.0,,,0.0,0.0,0.0,0.0,0.0,0.0,0.0,0.0,0.0,0.0,0.0,0.0,0.0,0.0,0.0,0.0,0,18.2,0.0,7.3,Low,No significant rule triggered — flagged mainly by statistical pattern deviation.,General random-sample verification recommended.
MISHA BHARTI,PATALIPUTRA,Bihar,Lok Sabha,147000000.0,0.0,0.0,0.0,0,0,0.0,0.0,0,0,0,,0.0,0.0,,,0.0,0.0,0.0,0.0,0.0,0.0,0.0,0.0,0.0,0.0,0.0,0.0,0.0,0.0,0.0,0.0,0,18.2,0.0,7.3,Low,No significant rule triggered — flagged mainly by statistical pattern deviation.,General random-sample verification recommended.
NARESH GANPAT MHASKE,THANE,Maharashtra,Lok Sabha,147000000.0,0.0,0.0,0.0,0,0,0.0,0.0,0,0,0,,0.0,0.0,,,0.0,0.0,0.0,0.0,0.0,0.0,0.0,0.0,0.0,0.0,0.0,0.0,0.0,0.0,0.0,0.0,0,18.2,0.0,7.3,Low,No significant rule triggered — flagged mainly by statistical pattern deviation.,General random-sample verification recommended.
Sanjay Jaiswal,PASCHIM CHAMPARAN,Bihar,Lok Sabha,147000000.0,0.0,0.0,0.0,0,0,0.0,0.0,0,0,0,,0.0,0.0,,,0.0,0.0,0.0,0.0,0.0,0.0,0.0,0.0,0.0,0.0,0.0,0.0,0.0,0.0,0.0,0.0,0,18.2,0.0,7.3,Low,No significant rule triggered — flagged mainly by statistical pattern deviation.,General random-sample verification recommended.
Dr. Alka Singh (2026-32),Sitting Rajya Sabha,Rajasthan,Rajya Sabha,49000000.0,0.0,0.0,0.0,0,0,0.0,0.0,0,0,0,,0.0,0.0,,,0.0,0.0,0.0,0.0,0.0,0.0,0.0,0.0,0.0,0.0,0.0,0.0,0.0,0.0,0.0,0.0,0,18.2,0.0,7.3,Low,No significant rule triggered — flagged mainly by statistical pattern deviation.,General random-sample verification recommended.
Dr. Anbumani Ramadoss (2026-32),Sitting Rajya Sabha,Tamil Nadu,Rajya Sabha,49356476.5,0.0,0.0,0.0,0,0,0.0,0.0,0,0,0,,0.0,0.0,,,0.0,0.0,0.0,0.0,0.0,0.0,0.0,0.0,0.0,0.0,0.0,0.0,0.0,0.0,0.0,0.0,0,18.2,0.0,7.3,Low,No significant rule triggered — flagged mainly by statistical pattern deviation.,General random-sample verification recommended.
Dr. Jyoti Nagnath Waghmare (2026-32),Sitting Rajya Sabha,Maharashtra,Rajya Sabha,49000000.0,0.0,0.0,0.0,0,0,0.0,0.0,0,0,0,,0.0,0.0,,,0.0,0.0,0.0,0.0,0.0,0.0,0.0,0.0,0.0,0.0,0.0,0.0,0.0,0.0,0.0,0.0,0,18.2,0.0,7.3,Low,No significant rule triggered — flagged mainly by statistical pattern deviation.,General random-sample verification recommended.
Dr. M. Thambi Durai (2026-32),Sitting Rajya Sabha,Tamil Nadu,Rajya Sabha,49356476.5,0.0,0.0,0.0,0,0,0.0,0.0,0,0,0,,0.0,0.0,,,0.0,0.0,0.0,0.0,0.0,0.0,0.0,0.0,0.0,0.0,0.0,0.0,0.0,0.0,0.0,0.0,0,18.2,0.0,7.3,Low,No significant rule triggered — flagged mainly by statistical pattern deviation.,General random-sample verification recommended.
